# https://github.com/mikedh/trimesh
v 0.08184590 -0.02439472 -0.00030301
v 0.08183922 -0.02439472 0.00036422
v 0.08179913 -0.02502826 0.00035060
v 0.08179913 -0.02502826 -0.00030301
v 0.08178577 -0.02502826 -0.00094980
v 0.08182586 -0.02439472 -0.00094980
v 0.07969438 -0.01916383 -0.03670064
v 0.07969438 -0.01916383 -0.01756227
v 0.08182586 -0.02439472 0.00099740
v 0.08178577 -0.02502826 0.00099740
v 0.08169890 -0.02567581 0.00035060
v 0.08169890 -0.02567581 -0.00030301
v 0.08168554 -0.02567581 -0.00094980
v 0.08176573 -0.02502826 -0.00159660
v 0.08179913 -0.02439472 -0.00159660
v 0.07969438 -0.02635561 -0.03670745
v 0.06584976 -0.01916383 -0.03670745
v 0.01358499 -0.01850366 0.02345826
v 0.01609065 -0.01850366 0.02429570
v 0.08176573 -0.02439472 -0.00224340
v 0.07569868 -0.02439612 0.01910770
v 0.07601941 -0.02439612 0.01865154
v 0.07652054 -0.02439612 0.01789581
v 0.07698157 -0.02439612 0.01717412
v 0.07750276 -0.02439612 0.01630265
v 0.07769652 -0.02439612 0.01595542
v 0.07817762 -0.02439612 0.01504991
v 0.07838475 -0.02439612 0.01464821
v 0.07867207 -0.02439612 0.01406950
v 0.07930683 -0.02439472 0.01264655
v 0.07943378 -0.02439472 0.01233336
v 0.07956074 -0.02439472 0.01201337
v 0.07979460 -0.02439472 0.01138700
v 0.08000173 -0.02439472 0.01082871
v 0.08012201 -0.02439472 0.01049510
v 0.08024228 -0.02439472 0.01011383
v 0.08044942 -0.02439472 0.00944660
v 0.08063650 -0.02439472 0.00880662
v 0.08073673 -0.02439472 0.00843896
v 0.08082359 -0.02439472 0.00811897
v 0.08097059 -0.02439472 0.00749941
v 0.08111759 -0.02439472 0.00685261
v 0.08125123 -0.02439472 0.00620581
v 0.08135145 -0.02439472 0.00564072
v 0.08140491 -0.02439472 0.00532072
v 0.08146504 -0.02439472 0.00491903
v 0.08155859 -0.02439472 0.00427223
v 0.08164545 -0.02439472 0.00361863
v 0.08171227 -0.02439472 0.00295140
v 0.08176573 -0.02439472 0.00226376
v 0.08179913 -0.02439472 0.00165100
v 0.01609065 -0.01850366 0.02767946
v 0.07789698 -0.01916383 -0.01567634
v 0.04650605 -0.01997677 0.03273809
v 0.08176573 -0.02502826 0.00165100
v 0.08167886 -0.02567581 0.00099740
v 0.08157195 -0.02606126 0.00099740
v 0.08157863 -0.02606126 0.00075229
v 0.08158532 -0.02606126 0.00003741
v 0.08158532 -0.02606126 -0.00028258
v 0.07969438 -0.03087167 -0.03670064
v 0.07969438 -0.02714613 -0.03670745
v 0.06091861 -0.01916383 -0.03670745
v 0.01358499 -0.01850366 0.02722330
v 0.06033730 -0.01916383 -0.03653724
v 0.01365181 -0.02494276 -0.01654782
v 0.01358499 -0.02232591 0.01980216
v 0.07514410 -0.02439612 0.01985663
v 0.07489019 -0.02476335 0.02017662
v 0.07567863 -0.02502966 0.01907366
v 0.07600604 -0.02502966 0.01860388
v 0.07622654 -0.02502966 0.01827708
v 0.07648045 -0.02502966 0.01789581
v 0.07676776 -0.02502966 0.01745327
v 0.07696153 -0.02502966 0.01713327
v 0.07748939 -0.02478437 0.01628903
v 0.07799052 -0.02502966 0.01533586
v 0.07816425 -0.02502966 0.01500905
v 0.07834466 -0.02502966 0.01464821
v 0.07867207 -0.02507311 0.01395376
v 0.07879902 -0.02488669 0.01371546
v 0.07930683 -0.02439612 0.01264655
v 0.07954069 -0.02502826 0.01196571
v 0.08010864 -0.02485586 0.01046105
v 0.08040933 -0.02502826 0.00944660
v 0.08019551 -0.02505489 0.01014106
v 0.08059641 -0.02502826 0.00879300
v 0.08071668 -0.02502826 0.00837088
v 0.08080355 -0.02502826 0.00805088
v 0.08093718 -0.02502826 0.00749941
v 0.08108418 -0.02502826 0.00685261
v 0.08121113 -0.02502826 0.00620581
v 0.08139823 -0.02479979 0.00527987
v 0.08152518 -0.02502826 0.00425181
v 0.08160536 -0.02502826 0.00359820
v 0.08167218 -0.02502826 0.00295140
v 0.03232066 -0.01997677 0.03107685
v 0.03290866 -0.01997677 0.03117898
v 0.03322270 -0.01997677 0.03123344
v 0.03427842 -0.01997677 0.03140365
v 0.03491987 -0.01997677 0.03150577
v 0.03557468 -0.01997677 0.03160790
v 0.03687094 -0.01997677 0.03179173
v 0.03733198 -0.01997677 0.03185301
v 0.03817389 -0.01997677 0.03196194
v 0.03882870 -0.01997677 0.03204364
v 0.04012496 -0.01997677 0.03220023
v 0.04142122 -0.01997677 0.03233640
v 0.04207604 -0.01997677 0.03240449
v 0.04317853 -0.01997677 0.03251342
v 0.04386007 -0.01997677 0.03256788
v 0.04466856 -0.01997677 0.03262916
v 0.04516970 -0.01997677 0.03266320
v 0.04582451 -0.01997677 0.03270405
v 0.04650605 -0.02007349 0.03274490
v 0.05114987 -0.02437229 0.03275852
v 0.05181137 -0.02437229 0.03271086
v 0.05245950 -0.02437229 0.03264959
v 0.05311431 -0.02437229 0.03257469
v 0.05350854 -0.02437229 0.03252703
v 0.05382926 -0.02437229 0.03247938
v 0.05440389 -0.02437229 0.03238406
v 0.05505203 -0.02437229 0.03226832
v 0.05571352 -0.02437229 0.03213896
v 0.05636165 -0.02437229 0.03199598
v 0.05680265 -0.02437229 0.03189386
v 0.05713005 -0.02437229 0.03181215
v 0.05766460 -0.02437229 0.03166918
v 0.05831273 -0.02437229 0.03148535
v 0.05891409 -0.02437229 0.03130152
v 0.05926154 -0.02437229 0.03118578
v 0.05961567 -0.02439612 0.03107685
v 0.06027048 -0.02439612 0.03083855
v 0.06110571 -0.02439612 0.03052537
v 0.06156675 -0.02439612 0.03033473
v 0.06227501 -0.02439612 0.03003516
v 0.06280287 -0.02439612 0.02979006
v 0.06386527 -0.02439612 0.02927944
v 0.06478736 -0.02439612 0.02878923
v 0.06511477 -0.02439612 0.02860540
v 0.06599676 -0.02439612 0.02808797
v 0.06631748 -0.02439612 0.02789733
v 0.06676516 -0.02439612 0.02761138
v 0.06715938 -0.02439612 0.02735947
v 0.06747343 -0.02439612 0.02714160
v 0.06826855 -0.02439612 0.02658331
v 0.06903028 -0.02439612 0.02601141
v 0.07009268 -0.02439612 0.02516036
v 0.07046686 -0.02439612 0.02484718
v 0.07080763 -0.02439612 0.02454761
v 0.07116176 -0.02439612 0.02422761
v 0.07148249 -0.02439612 0.02392804
v 0.07215066 -0.02439612 0.02328124
v 0.07279880 -0.02439612 0.02262083
v 0.07309279 -0.02439612 0.02230084
v 0.07372088 -0.02439612 0.02161319
v 0.07431556 -0.02439612 0.02091193
v 0.07489686 -0.02439612 0.02018343
v 0.08165213 -0.02567581 0.00165100
v 0.08162540 -0.02563797 0.00226376
v 0.08149845 -0.02630234 0.00099740
v 0.08154523 -0.02606126 0.00165100
v 0.08148509 -0.02626590 0.00165100
v 0.08148509 -0.02638364 0.00031656
v 0.08148509 -0.02638504 -0.00026896
v 0.05919472 -0.03087307 -0.03669383
v 0.05920808 -0.03087167 -0.03670064
v 0.08139823 -0.02665275 -0.00002386
v 0.07969438 -0.03087167 -0.03133563
v 0.01370527 -0.03282274 -0.00039151
v 0.01370527 -0.03280872 -0.00094980
v 0.01370527 -0.03277789 -0.00160341
v 0.06612371 -0.02714613 -0.03670745
v 0.06091861 -0.02635561 -0.03670745
v 0.04792258 -0.03022131 -0.03669383
v 0.04728781 -0.03022131 -0.03668702
v 0.04663300 -0.02957235 -0.03654405
v 0.04619201 -0.02922335 -0.03638745
v 0.01358499 -0.01861018 0.02715522
v 0.03526064 -0.02664154 0.02991942
v 0.03444546 -0.02608509 0.02997389
v 0.03557468 -0.02582299 0.03048452
v 0.03520050 -0.02538007 0.03058664
v 0.03557468 -0.02502406 0.03083174
v 0.03622281 -0.02502406 0.03100877
v 0.03657026 -0.02468206 0.03121302
v 0.03545441 -0.02385089 0.03117217
v 0.03522723 -0.02341918 0.03122663
v 0.02396845 -0.01997677 0.02935433
v 0.02452972 -0.01997677 0.02948369
v 0.02517785 -0.01997677 0.02961985
v 0.02986177 -0.01997677 0.03060026
v 0.03038295 -0.01997677 0.03070920
v 0.04575101 -0.02937192 -0.03628533
v 0.03212021 -0.02685739 -0.02849653
v 0.03110458 -0.02685739 -0.02801995
v 0.03079054 -0.02685739 -0.02787016
v 0.02998872 -0.02685739 -0.02746847
v 0.02948759 -0.02685739 -0.02721656
v 0.01358499 -0.02235114 0.01979535
v 0.02819801 -0.02685739 -0.02650168
v 0.02698861 -0.02685739 -0.02578680
v 0.01646483 -0.02685739 -0.01918947
v 0.01365181 -0.02837396 -0.01654782
v 0.07486346 -0.02519646 0.02014258
v 0.07507727 -0.02500023 0.01989067
v 0.07429551 -0.02502966 0.02087789
v 0.07561850 -0.02567581 0.01898515
v 0.07619313 -0.02540810 0.01823623
v 0.07670095 -0.02567581 0.01735795
v 0.07690140 -0.02567581 0.01703115
v 0.07746935 -0.02521748 0.01624137
v 0.07732235 -0.02501144 0.01653413
v 0.07763639 -0.02501144 0.01598946
v 0.07813752 -0.02536185 0.01496821
v 0.07878566 -0.02531980 0.01366100
v 0.07892597 -0.02507311 0.01340228
v 0.07926674 -0.02494697 0.01264655
v 0.07948724 -0.02567581 0.01181592
v 0.08008192 -0.02528756 0.01039297
v 0.07975451 -0.02502826 0.01138700
v 0.07926006 -0.02502966 0.01264655
v 0.07935361 -0.02567581 0.01214953
v 0.08030242 -0.02567581 0.00944660
v 0.08048950 -0.02567581 0.00879300
v 0.08077014 -0.02547258 0.00792833
v 0.08097059 -0.02567581 0.00685261
v 0.08110423 -0.02567581 0.00620581
v 0.08137818 -0.02523290 0.00513690
v 0.08133809 -0.02502125 0.00551817
v 0.08141159 -0.02543754 0.00470116
v 0.08144500 -0.02557630 0.00425181
v 0.08156527 -0.02567581 0.00295140
v 0.03557468 -0.02177647 0.03153301
v 0.03622281 -0.02177647 0.03164875
v 0.03687094 -0.02177647 0.03175769
v 0.03769280 -0.02177647 0.03189386
v 0.03687094 -0.02112751 0.03178492
v 0.03882870 -0.02112751 0.03207087
v 0.03731194 -0.02112751 0.03185301
v 0.04012496 -0.02112751 0.03224108
v 0.04012496 -0.02047716 0.03222066
v 0.04077309 -0.02047716 0.03229555
v 0.04142122 -0.02047716 0.03236363
v 0.04207604 -0.02047716 0.03243172
v 0.04296471 -0.02065236 0.03252703
v 0.04402711 -0.02112751 0.03263597
v 0.04466856 -0.02112751 0.03267682
v 0.04532338 -0.02112751 0.03271767
v 0.04597151 -0.02047716 0.03273129
v 0.04597151 -0.02112751 0.03275171
v 0.04650605 -0.02112751 0.03277213
v 0.04921884 -0.02437229 0.03284703
v 0.04987366 -0.02437229 0.03281979
v 0.05052179 -0.02437229 0.03279256
v 0.05114987 -0.02437650 0.03275852
v 0.05181137 -0.02437650 0.03271086
v 0.05245950 -0.02437650 0.03264959
v 0.05311431 -0.02437650 0.03257469
v 0.05350854 -0.02437650 0.03252703
v 0.05382926 -0.02437650 0.03247938
v 0.05440389 -0.02437650 0.03238406
v 0.05505203 -0.02437650 0.03226832
v 0.05571352 -0.02437650 0.03213896
v 0.05636165 -0.02437650 0.03199598
v 0.05680265 -0.02437650 0.03189386
v 0.05713005 -0.02437650 0.03181215
v 0.05766460 -0.02437650 0.03166918
v 0.05831273 -0.02437650 0.03148535
v 0.05891409 -0.02437650 0.03130152
v 0.05926822 -0.02439612 0.03119259
v 0.05926822 -0.02502966 0.03115174
v 0.06027048 -0.02502966 0.03080451
v 0.06106561 -0.02502966 0.03049814
v 0.06156675 -0.02502966 0.03029388
v 0.06217479 -0.02502966 0.03004197
v 0.06253561 -0.02462459 0.02991261
v 0.06385191 -0.02477036 0.02927263
v 0.06476063 -0.02502966 0.02876200
v 0.06508136 -0.02502966 0.02858498
v 0.06546222 -0.02502966 0.02836711
v 0.06596335 -0.02502966 0.02806754
v 0.06629075 -0.02502966 0.02787010
v 0.06712598 -0.02502966 0.02733904
v 0.06824183 -0.02502966 0.02656289
v 0.06900355 -0.02502966 0.02599098
v 0.06936437 -0.02502966 0.02570503
v 0.06973186 -0.02502966 0.02540546
v 0.07005927 -0.02502966 0.02513313
v 0.07044681 -0.02502966 0.02480632
v 0.07077422 -0.02502966 0.02452718
v 0.07146244 -0.02502966 0.02390081
v 0.07180321 -0.02502966 0.02357401
v 0.07245134 -0.02502966 0.02292721
v 0.07308611 -0.02502966 0.02226680
v 0.07340684 -0.02502966 0.02191276
v 0.07402156 -0.02502966 0.02120469
v 0.08146504 -0.02621124 0.00229780
v 0.08144500 -0.02613695 0.00295140
v 0.08137149 -0.02659108 0.00165100
v 0.08138486 -0.02662612 0.00099740
v 0.08139823 -0.02665275 0.00007826
v 0.04792258 -0.03087307 -0.03669383
v 0.07968769 -0.03087167 -0.01756227
v 0.01369858 -0.02987791 0.01361334
v 0.01358499 -0.02621404 0.01980216
v 0.01365181 -0.03165939 -0.00859562
v 0.06870955 -0.02984567 0.01918260
v 0.06740661 -0.02984567 0.02047619
v 0.06675848 -0.02984287 0.02112980
v 0.06611035 -0.02983726 0.02178340
v 0.06415927 -0.02984147 0.02308380
v 0.06220151 -0.02983586 0.02438420
v 0.06090525 -0.02983586 0.02503100
v 0.05960899 -0.02983166 0.02568460
v 0.05830605 -0.02982044 0.02633140
v 0.05765123 -0.02983586 0.02633140
v 0.05571352 -0.02983166 0.02698501
v 0.05311431 -0.02982044 0.02761819
v 0.05245950 -0.02982885 0.02761819
v 0.05181137 -0.02983306 0.02761819
v 0.04922552 -0.02977699 0.02827860
v 0.04793594 -0.02977699 0.02827860
v 0.04665305 -0.02976438 0.02827860
v 0.04405384 -0.02980783 0.02761819
v 0.04340571 -0.02979381 0.02761819
v 0.04275758 -0.02977419 0.02761819
v 0.04079982 -0.02979662 0.02698501
v 0.04014501 -0.02976858 0.02698501
v 0.03949020 -0.02973214 0.02698501
v 0.03820730 -0.02976158 0.02633140
v 0.03755248 -0.02971532 0.02633140
v 0.03624954 -0.02972934 0.02568460
v 0.03560141 -0.02966907 0.02568460
v 0.01370527 -0.03273444 -0.00224340
v 0.04597819 -0.03087307 -0.03648958
v 0.04663300 -0.03087307 -0.03661894
v 0.04728781 -0.03087307 -0.03668702
v 0.04663300 -0.03022131 -0.03661894
v 0.04597151 -0.02958357 -0.03642830
v 0.03381738 -0.02672003 0.02932709
v 0.03361024 -0.02635981 0.02949050
v 0.01358499 -0.01907693 0.02682842
v 0.03427842 -0.02686300 0.02939518
v 0.03568827 -0.02675367 0.02999431
v 0.03492655 -0.02622105 0.03005559
v 0.03597559 -0.02595053 0.03054579
v 0.03640322 -0.02607949 0.03061388
v 0.03557468 -0.02550061 0.03064111
v 0.03751239 -0.02565899 0.03111089
v 0.03729190 -0.02528055 0.03119940
v 0.03700458 -0.02484885 0.03126748
v 0.03682417 -0.02442976 0.03134238
v 0.03588872 -0.02406113 0.03121983
v 0.03460582 -0.02274360 0.03121983
v 0.03474614 -0.02307579 0.03118578
v 0.03751907 -0.02437510 0.03151258
v 0.03622281 -0.02372614 0.03137642
v 0.03751907 -0.02372614 0.03164875
v 0.03622281 -0.02307579 0.03149897
v 0.03557468 -0.02307579 0.03136280
v 0.03445214 -0.02231049 0.03125387
v 0.03401783 -0.02197831 0.03120621
v 0.03557468 -0.02242543 0.03146493
v 0.04466188 -0.02958777 -0.03582917
v 0.04563074 -0.02980362 -0.03637384
v 0.04434115 -0.02981203 -0.03572023
v 0.01358499 -0.02562956 0.01979535
v 0.04468193 -0.03022131 -0.03593129
v 0.04432111 -0.03087307 -0.03572704
v 0.04077309 -0.03087307 -0.03356878
v 0.02416223 -0.03081140 -0.02341067
v 0.02384150 -0.03081140 -0.02317237
v 0.02343392 -0.03081140 -0.02284557
v 0.02310650 -0.03081140 -0.02253239
v 0.01365181 -0.02858140 -0.01618697
v 0.07479664 -0.02567581 0.02006769
v 0.07505055 -0.02567581 0.01974089
v 0.07425542 -0.02542632 0.02084384
v 0.07555836 -0.02605846 0.01890345
v 0.07613967 -0.02583981 0.01815453
v 0.07684794 -0.02604024 0.01694264
v 0.07716198 -0.02567581 0.01659541
v 0.07760298 -0.02567581 0.01582606
v 0.07793707 -0.02561835 0.01523373
v 0.07808407 -0.02579215 0.01486608
v 0.07823775 -0.02561835 0.01464821
v 0.07854511 -0.02567581 0.01399461
v 0.07888588 -0.02567581 0.01324568
v 0.07914647 -0.02567581 0.01264655
v 0.07944047 -0.02600520 0.01172060
v 0.07987478 -0.02567581 0.01074020
v 0.08004183 -0.02567581 0.01026361
v 0.08010196 -0.02602903 0.00980064
v 0.08012869 -0.02608789 0.00965766
v 0.08071668 -0.02590428 0.00772408
v 0.08066323 -0.02568282 0.00813939
v 0.08082359 -0.02568282 0.00750621
v 0.08082359 -0.02621124 0.00685261
v 0.08076346 -0.02608789 0.00728835
v 0.08109754 -0.02608789 0.00555221
v 0.08121782 -0.02567581 0.00555221
v 0.08133141 -0.02566320 0.00491222
v 0.08137149 -0.02589867 0.00425181
v 0.08139154 -0.02599679 0.00391819
v 0.08147841 -0.02573889 0.00365948
v 0.03687094 -0.02242543 0.03171003
v 0.03787321 -0.02268473 0.03186662
v 0.03812711 -0.02245066 0.03192790
v 0.03947015 -0.02242543 0.03213896
v 0.03817389 -0.02177647 0.03196875
v 0.03947015 -0.02177647 0.03215938
v 0.04142122 -0.02177647 0.03240449
v 0.04142122 -0.02112751 0.03239087
v 0.04207604 -0.02112751 0.03245895
v 0.04255044 -0.02112751 0.03250661
v 0.04337230 -0.02112751 0.03258150
v 0.04337230 -0.02177647 0.03260193
v 0.04466856 -0.02177647 0.03269725
v 0.04532338 -0.02177647 0.03273809
v 0.04597151 -0.02177647 0.03276533
v 0.04650605 -0.02242543 0.03279937
v 0.04857071 -0.02437650 0.03283341
v 0.04857071 -0.02502966 0.03279256
v 0.04921884 -0.02502966 0.03279256
v 0.04987366 -0.02502966 0.03278575
v 0.04987366 -0.02437650 0.03281979
v 0.05052179 -0.02437650 0.03279256
v 0.05114987 -0.02502966 0.03272448
v 0.05181137 -0.02502966 0.03267682
v 0.05348181 -0.02477036 0.03252023
v 0.05440389 -0.02502966 0.03234321
v 0.05505203 -0.02502966 0.03222746
v 0.05571352 -0.02502966 0.03210491
v 0.05676256 -0.02487408 0.03188024
v 0.05766460 -0.02502966 0.03162833
v 0.05831273 -0.02502966 0.03144450
v 0.05885395 -0.02502966 0.03128110
v 0.05874704 -0.02550061 0.03124706
v 0.05961567 -0.02567581 0.03092707
v 0.06065803 -0.02546697 0.03059345
v 0.06156675 -0.02567581 0.03017814
v 0.06203447 -0.02567581 0.02998070
v 0.06236188 -0.02567581 0.02983772
v 0.06286301 -0.02567581 0.02960624
v 0.06286301 -0.02502966 0.02972198
v 0.06380514 -0.02520346 0.02925220
v 0.06465372 -0.02567581 0.02870753
v 0.06497445 -0.02567581 0.02852370
v 0.06586313 -0.02567581 0.02801307
v 0.06709257 -0.02536325 0.02731862
v 0.06814160 -0.02567581 0.02649480
v 0.06858928 -0.02567581 0.02616800
v 0.06891669 -0.02567581 0.02592290
v 0.06782088 -0.02567581 0.02672629
v 0.06970514 -0.02539829 0.02537823
v 0.07040004 -0.02552304 0.02476547
v 0.07105485 -0.02567581 0.02413229
v 0.07172303 -0.02567581 0.02349911
v 0.07237785 -0.02567581 0.02285232
v 0.07301261 -0.02567581 0.02219190
v 0.07364738 -0.02553425 0.02152468
v 0.08135145 -0.02653922 0.00226376
v 0.08132473 -0.02646213 0.00295140
v 0.08131136 -0.02629674 0.00365948
v 0.08117773 -0.02697513 0.00165100
v 0.08113763 -0.02697513 0.00229780
v 0.08120445 -0.02697513 0.00099740
v 0.08109754 -0.02710968 0.00165100
v 0.08086368 -0.02748953 0.00166462
v 0.08084363 -0.02746150 0.00231822
v 0.08062982 -0.02781190 0.00166462
v 0.08060309 -0.02778527 0.00231822
v 0.08025564 -0.02813568 0.00296502
v 0.08022223 -0.02810064 0.00361863
v 0.07988815 -0.02842582 0.00361863
v 0.07952065 -0.02867110 0.00426542
v 0.07910638 -0.02889116 0.00491222
v 0.07865870 -0.02917990 0.00491222
v 0.07827116 -0.02931586 0.00556582
v 0.07816425 -0.02925979 0.00666878
v 0.07779676 -0.02945181 0.00621262
v 0.07715531 -0.02957095 0.00752664
v 0.07650717 -0.02965085 0.00880662
v 0.07585236 -0.02974475 0.00946022
v 0.07519755 -0.02976999 0.01074701
v 0.07455610 -0.02978260 0.01202698
v 0.07390796 -0.02978120 0.01333419
v 0.07390796 -0.02981764 0.01268059
v 0.07325315 -0.02981343 0.01398099
v 0.07260502 -0.02983166 0.01463459
v 0.07195690 -0.02981764 0.01593500
v 0.07130208 -0.02982885 0.01658860
v 0.07065395 -0.02983866 0.01723540
v 0.06999914 -0.02984287 0.01787539
v 0.06935769 -0.02984567 0.01852218
v 0.03494659 -0.02959338 0.02568460
v 0.03429846 -0.02949807 0.02568460
v 0.03429846 -0.02932427 0.02620204
v 0.03382406 -0.02927661 0.02607949
v 0.03338974 -0.02923035 0.02596375
v 0.03300220 -0.02918410 0.02585481
v 0.01369858 -0.02981343 0.01375631
v 0.01358499 -0.02596315 0.02013577
v 0.01365181 -0.02875800 -0.01586017
v 0.01365181 -0.02909019 -0.01523380
v 0.01365181 -0.02924998 -0.01492061
v 0.01365181 -0.02940696 -0.01460743
v 0.01365181 -0.02972513 -0.01394020
v 0.01365181 -0.02988632 -0.01359298
v 0.01365181 -0.03002929 -0.01326617
v 0.01365181 -0.03029279 -0.01263980
v 0.01365181 -0.03048762 -0.01216322
v 0.01365181 -0.03061237 -0.01183641
v 0.01365181 -0.03079598 -0.01134621
v 0.01365181 -0.03102444 -0.01069260
v 0.01365181 -0.03116461 -0.01026367
v 0.01365181 -0.03126693 -0.00994368
v 0.01365181 -0.03143512 -0.00939220
v 0.01365181 -0.03162154 -0.00874540
v 0.01369858 -0.02969990 0.01400142
v 0.01369858 -0.02960039 0.01421248
v 0.01369858 -0.02934669 0.01473672
v 0.01369858 -0.02923876 0.01495459
v 0.01369858 -0.02917709 0.01507714
v 0.01369858 -0.02874679 0.01588734
v 0.01369858 -0.02856598 0.01621414
v 0.01369858 -0.02834453 0.01659541
v 0.01369858 -0.02805018 0.01709242
v 0.01369858 -0.02784834 0.01741922
v 0.01369858 -0.02774462 0.01758263
v 0.01369858 -0.02754279 0.01789581
v 0.01369858 -0.02731432 0.01824985
v 0.03163912 -0.02849029 0.02641310
v 0.03163912 -0.02810344 0.02695097
v 0.01370527 -0.03185982 -0.00781946
v 0.01370527 -0.03208688 -0.00679140
v 0.01370527 -0.03221303 -0.00613779
v 0.01370527 -0.03233217 -0.00549100
v 0.01370527 -0.03248494 -0.00460591
v 0.01370527 -0.03251018 -0.00442889
v 0.01370527 -0.03263632 -0.00331912
v 0.01370527 -0.03267837 -0.00289019
v 0.01370527 -0.03269799 -0.00267232
v 0.06935769 -0.02981624 0.01918260
v 0.06870955 -0.02981624 0.01982939
v 0.06804806 -0.02981484 0.02047619
v 0.06740661 -0.02981063 0.02112980
v 0.06675848 -0.02980222 0.02178340
v 0.06545553 -0.02982745 0.02243020
v 0.06480072 -0.02981624 0.02308380
v 0.06351114 -0.02982745 0.02373060
v 0.06285632 -0.02980923 0.02438420
v 0.06156006 -0.02981343 0.02503100
v 0.06025712 -0.02980923 0.02568460
v 0.05894750 -0.02979381 0.02633140
v 0.05765123 -0.02976999 0.02698501
v 0.05700310 -0.02979521 0.02698501
v 0.05636165 -0.02981624 0.02698501
v 0.05440389 -0.02979381 0.02761819
v 0.05375576 -0.02980783 0.02761819
v 0.05181137 -0.02975597 0.02827860
v 0.05114987 -0.02976578 0.02827860
v 0.05052179 -0.02976999 0.02827860
v 0.04987366 -0.02963262 0.02892540
v 0.04922552 -0.02963543 0.02892540
v 0.04859076 -0.02963683 0.02892540
v 0.04793594 -0.02963262 0.02892540
v 0.04728781 -0.02962421 0.02892540
v 0.04535678 -0.02973915 0.02827860
v 0.04470197 -0.02972093 0.02827860
v 0.04210277 -0.02974896 0.02761819
v 0.04405384 -0.02969990 0.02827860
v 0.04144795 -0.02971953 0.02761819
v 0.03884875 -0.02968589 0.02698501
v 0.04079982 -0.02968028 0.02761819
v 0.03689767 -0.02965785 0.02633140
v 0.03624954 -0.02958637 0.02633140
v 0.04560401 -0.03087307 -0.03637384
v 0.04597819 -0.03022131 -0.03648958
v 0.01358499 -0.01940351 0.02659693
v 0.01358499 -0.01981278 0.02629055
v 0.03338306 -0.02660229 0.02923859
v 0.03232066 -0.02673825 0.02869391
v 0.03268816 -0.02686300 0.02874838
v 0.03368374 -0.02686300 0.02915688
v 0.03470605 -0.02726807 0.02922497
v 0.03624954 -0.02721201 0.02983772
v 0.03542768 -0.02686300 0.02981730
v 0.03613595 -0.02686300 0.03006921
v 0.03721840 -0.02663453 0.03055941
v 0.03687094 -0.02653782 0.03050494
v 0.03620277 -0.02630655 0.03042324
v 0.03687094 -0.02621264 0.03068196
v 0.03687094 -0.02567301 0.03092707
v 0.03848125 -0.02600520 0.03121983
v 0.03771953 -0.02543193 0.03125387
v 0.03817389 -0.02502406 0.03148535
v 0.03882202 -0.02502406 0.03162833
v 0.03817389 -0.02437510 0.03165556
v 0.03906924 -0.02412421 0.03188705
v 0.03845452 -0.02344862 0.03188024
v 0.03751907 -0.02307579 0.03175769
v 0.04560401 -0.03022131 -0.03637384
v 0.04528328 -0.03022131 -0.03623767
v 0.04468193 -0.03087307 -0.03593129
v 0.03986437 -0.03087307 -0.03299688
v 0.02281919 -0.03081140 -0.02220558
v 0.07418860 -0.02587064 0.02076214
v 0.07496369 -0.02618321 0.01962514
v 0.07392133 -0.02569684 0.02115022
v 0.07486346 -0.02661631 0.01949578
v 0.07545814 -0.02649016 0.01876729
v 0.07604613 -0.02632477 0.01801836
v 0.07625995 -0.02632477 0.01769156
v 0.07676108 -0.02647334 0.01679285
v 0.07696153 -0.02628412 0.01658860
v 0.07732235 -0.02633458 0.01593500
v 0.07757626 -0.02587064 0.01577840
v 0.07619313 -0.02666256 0.01758263
v 0.07819097 -0.02614536 0.01443715
v 0.07882575 -0.02610752 0.01310952
v 0.07924002 -0.02626310 0.01197932
v 0.07943378 -0.02664574 0.01106019
v 0.07962756 -0.02638784 0.01080147
v 0.08006188 -0.02608789 0.00986192
v 0.07992823 -0.02627711 0.01004574
v 0.08003514 -0.02650278 0.00944660
v 0.08008860 -0.02664014 0.00910618
v 0.08025564 -0.02638504 0.00885427
v 0.08063650 -0.02630515 0.00750621
v 0.08070333 -0.02653642 0.00685261
v 0.08073673 -0.02663874 0.00650538
v 0.08087705 -0.02638364 0.00625347
v 0.08102404 -0.02632477 0.00555221
v 0.08113763 -0.02632477 0.00490541
v 0.08122450 -0.02632477 0.00425181
v 0.03832757 -0.02307579 0.03190066
v 0.03947015 -0.02307579 0.03209130
v 0.04077309 -0.02307579 0.03228193
v 0.04142122 -0.02307579 0.03237044
v 0.04077309 -0.02242543 0.03231597
v 0.04142122 -0.02242543 0.03239768
v 0.04245690 -0.02177647 0.03251342
v 0.04207604 -0.02242543 0.03247257
v 0.04245690 -0.02242543 0.03251342
v 0.04279099 -0.02177647 0.03254746
v 0.04337230 -0.02242543 0.03260193
v 0.04402711 -0.02242543 0.03265639
v 0.04466856 -0.02242543 0.03270405
v 0.04532338 -0.02242543 0.03274490
v 0.04597151 -0.02307579 0.03277213
v 0.04650605 -0.02307579 0.03279256
v 0.04792258 -0.02437650 0.03281299
v 0.04792258 -0.02502966 0.03277213
v 0.04857071 -0.02567581 0.03268363
v 0.04921884 -0.02567581 0.03269044
v 0.04987366 -0.02567581 0.03267682
v 0.05052179 -0.02567581 0.03265639
v 0.05052179 -0.02502966 0.03275852
v 0.05114987 -0.02567581 0.03262235
v 0.05177128 -0.02570244 0.03256788
v 0.05287377 -0.02540109 0.03252703
v 0.05245950 -0.02502966 0.03260874
v 0.05330141 -0.02520346 0.03249299
v 0.05372236 -0.02500303 0.03245895
v 0.05375576 -0.02567581 0.03234321
v 0.05440389 -0.02567581 0.03223427
v 0.05505203 -0.02567581 0.03211853
v 0.05576697 -0.02573328 0.03196875
v 0.05622802 -0.02555527 0.03190747
v 0.05666233 -0.02530719 0.03185981
v 0.05698974 -0.02506610 0.03180534
v 0.05766460 -0.02567581 0.03151939
v 0.05833945 -0.02569964 0.03132195
v 0.05857332 -0.02593231 0.03119259
v 0.05963572 -0.02634720 0.03070920
v 0.06009008 -0.02614676 0.03062069
v 0.06052439 -0.02589867 0.03053899
v 0.06089189 -0.02568002 0.03045048
v 0.06192756 -0.02604304 0.02993304
v 0.06325723 -0.02609490 0.02929986
v 0.06337751 -0.02567581 0.02936113
v 0.06370491 -0.02567581 0.02919773
v 0.06456017 -0.02609490 0.02863264
v 0.06579630 -0.02600380 0.02797222
v 0.06619053 -0.02567581 0.02780882
v 0.06700570 -0.02579495 0.02725734
v 0.06775406 -0.02602482 0.02667182
v 0.06849574 -0.02609490 0.02609992
v 0.06852246 -0.02619442 0.02604545
v 0.06962495 -0.02582859 0.02531695
v 0.07031986 -0.02595334 0.02469739
v 0.07099472 -0.02601921 0.02407783
v 0.07165621 -0.02604445 0.02343784
v 0.07231103 -0.02604865 0.02278423
v 0.07295915 -0.02602622 0.02213063
v 0.07350706 -0.02587064 0.02157915
v 0.08108418 -0.02697513 0.00295140
v 0.08101736 -0.02697513 0.00359820
v 0.08104409 -0.02710968 0.00249524
v 0.08081691 -0.02742505 0.00296502
v 0.08057637 -0.02774743 0.00296502
v 0.08054296 -0.02770117 0.00361863
v 0.08018214 -0.02805719 0.00426542
v 0.07984138 -0.02838237 0.00426542
v 0.07947388 -0.02863326 0.00491222
v 0.07915315 -0.02878323 0.00553859
v 0.07903288 -0.02878183 0.00621262
v 0.07859857 -0.02914626 0.00556582
v 0.07853175 -0.02910421 0.00621262
v 0.07810412 -0.02923596 0.00710452
v 0.07764307 -0.02932286 0.00815982
v 0.07772326 -0.02935790 0.00752664
v 0.07715531 -0.02951068 0.00815982
v 0.07650717 -0.02958917 0.00946022
v 0.07585236 -0.02963683 0.01074701
v 0.07585236 -0.02969710 0.01010702
v 0.07519755 -0.02972373 0.01138019
v 0.07455610 -0.02973214 0.01268059
v 0.07390796 -0.02972513 0.01398099
v 0.07325315 -0.02976858 0.01463459
v 0.07260502 -0.02979942 0.01528139
v 0.07130208 -0.02979101 0.01723540
v 0.07065395 -0.02980503 0.01787539
v 0.06999914 -0.02981203 0.01852218
v 0.03560141 -0.02949807 0.02633140
v 0.03491319 -0.02937052 0.02637906
v 0.03467264 -0.02923456 0.02662416
v 0.03362361 -0.02912804 0.02631098
v 0.03300220 -0.02895423 0.02633140
v 0.03235407 -0.02910982 0.02565056
v 0.01358499 -0.02562536 0.02056470
v 0.03163912 -0.02892620 0.02563014
v 0.03163912 -0.02889817 0.02568460
v 0.03163912 -0.02866690 0.02612715
v 0.03131840 -0.02861223 0.02603864
v 0.03213357 -0.02855617 0.02658331
v 0.01358499 -0.02533942 0.02091874
v 0.03235407 -0.02837957 0.02694416
v 0.03234739 -0.02803336 0.02740713
v 0.03200662 -0.02796188 0.02731862
v 0.04528328 -0.03087307 -0.03623767
v 0.06935769 -0.02975176 0.01982939
v 0.06870955 -0.02975036 0.02047619
v 0.06804806 -0.02974475 0.02112980
v 0.06740661 -0.02973494 0.02178340
v 0.06611035 -0.02978821 0.02243020
v 0.06415927 -0.02979521 0.02373060
v 0.06351114 -0.02976158 0.02438420
v 0.06220151 -0.02977279 0.02503100
v 0.06090525 -0.02977279 0.02568460
v 0.05960899 -0.02975877 0.02633140
v 0.05830605 -0.02973074 0.02698501
v 0.05636165 -0.02971812 0.02761819
v 0.05571352 -0.02975176 0.02761819
v 0.05505203 -0.02977559 0.02761819
v 0.05311431 -0.02972373 0.02827860
v 0.05245950 -0.02974195 0.02827860
v 0.05114987 -0.02961300 0.02892540
v 0.05052179 -0.02962421 0.02892540
v 0.04987366 -0.02939715 0.02957219
v 0.04922552 -0.02940416 0.02957219
v 0.04859076 -0.02940416 0.02957219
v 0.04793594 -0.02939715 0.02957219
v 0.04665305 -0.02961020 0.02892540
v 0.04665305 -0.02937893 0.02955177
v 0.04600492 -0.02959338 0.02892540
v 0.04340571 -0.02967187 0.02827860
v 0.04535678 -0.02956955 0.02892540
v 0.04470197 -0.02954152 0.02892540
v 0.04275758 -0.02963683 0.02827860
v 0.03820730 -0.02962702 0.02698501
v 0.04014501 -0.02963262 0.02761819
v 0.03949020 -0.02957376 0.02761819
v 0.04210277 -0.02959478 0.02827860
v 0.03755248 -0.02955834 0.02698501
v 0.03689767 -0.02947284 0.02698501
v 0.01358499 -0.02000621 0.02614077
v 0.03232066 -0.02686300 0.02858498
v 0.01358499 -0.02030896 0.02590247
v 0.01358499 -0.02081635 0.02549397
v 0.01358499 -0.02115275 0.02520802
v 0.01358499 -0.02152278 0.02488803
v 0.03330288 -0.02731292 0.02861221
v 0.03560141 -0.02778807 0.02910241
v 0.03560141 -0.02746290 0.02939518
v 0.03365033 -0.02738861 0.02868710
v 0.03489314 -0.02764791 0.02895263
v 0.03702462 -0.02738160 0.02996708
v 0.03739880 -0.02686300 0.03046409
v 0.03755248 -0.02686300 0.03051175
v 0.03765939 -0.02673825 0.03062749
v 0.03747230 -0.02638084 0.03076366
v 0.03822734 -0.02626170 0.03102919
v 0.03882202 -0.02609630 0.03126748
v 0.03882202 -0.02567301 0.03142408
v 0.03947683 -0.02567301 0.03157386
v 0.04017173 -0.02561975 0.03174407
v 0.03998464 -0.02519225 0.03183258
v 0.03949020 -0.02499602 0.03177811
v 0.03928974 -0.02455731 0.03183939
v 0.03949020 -0.02435407 0.03192109
v 0.04012496 -0.02437510 0.03203002
v 0.03947683 -0.02372614 0.03201640
v 0.07410174 -0.02632477 0.02064640
v 0.07436232 -0.02632477 0.02031960
v 0.07358056 -0.02596455 0.02145660
v 0.07470978 -0.02636962 0.01984301
v 0.07460956 -0.02710968 0.01942770
v 0.07561181 -0.02677890 0.01833155
v 0.07426878 -0.02670321 0.02021066
v 0.07689472 -0.02674666 0.01636392
v 0.07744262 -0.02655604 0.01554692
v 0.07765643 -0.02633458 0.01531543
v 0.07752948 -0.02612293 0.01570351
v 0.07605950 -0.02709567 0.01736476
v 0.07644704 -0.02710968 0.01672477
v 0.07561181 -0.02710968 0.01802517
v 0.07810412 -0.02657847 0.01426013
v 0.07863866 -0.02632477 0.01333419
v 0.07800389 -0.02634720 0.01464821
v 0.07873888 -0.02654202 0.01291207
v 0.07890593 -0.02641588 0.01264655
v 0.07883911 -0.02673825 0.01247634
v 0.07934024 -0.02699615 0.01080147
v 0.07951397 -0.02679292 0.01063126
v 0.07890593 -0.02696111 0.01199975
v 0.07998169 -0.02697513 0.00885427
v 0.08014873 -0.02675928 0.00867726
v 0.07943378 -0.02710968 0.01037935
v 0.07968101 -0.02710968 0.00959639
v 0.08021555 -0.02689103 0.00813939
v 0.08014873 -0.02710968 0.00796918
v 0.08048283 -0.02697513 0.00685261
v 0.08062314 -0.02695270 0.00625347
v 0.08083028 -0.02681674 0.00555221
v 0.08087705 -0.02691486 0.00490541
v 0.04048578 -0.02372614 0.03217981
v 0.04142122 -0.02372614 0.03231597
v 0.04275090 -0.02372054 0.03248619
v 0.04299144 -0.02350048 0.03252703
v 0.04207604 -0.02307579 0.03244533
v 0.04255713 -0.02307579 0.03249980
v 0.04337230 -0.02307579 0.03258831
v 0.04279099 -0.02242543 0.03254746
v 0.04402711 -0.02307579 0.03264278
v 0.04466856 -0.02307579 0.03269044
v 0.04532338 -0.02307579 0.03273809
v 0.04597151 -0.02336873 0.03276533
v 0.04650605 -0.02372614 0.03277894
v 0.04728781 -0.02437650 0.03279256
v 0.04728781 -0.02502966 0.03274490
v 0.04792258 -0.02567581 0.03266320
v 0.04857071 -0.02613695 0.03256107
v 0.04921884 -0.02615097 0.03256107
v 0.04987366 -0.02613415 0.03256107
v 0.05114987 -0.02604725 0.03252703
v 0.05153073 -0.02600940 0.03251342
v 0.05195169 -0.02593652 0.03249299
v 0.05245950 -0.02582579 0.03247257
v 0.05303413 -0.02566040 0.03244533
v 0.05311431 -0.02632617 0.03223427
v 0.05375576 -0.02632617 0.03214576
v 0.05440389 -0.02632617 0.03204364
v 0.05558657 -0.02611312 0.03190747
v 0.05602088 -0.02598698 0.03185981
v 0.05640842 -0.02573328 0.03182577
v 0.05700310 -0.02567581 0.03168960
v 0.05814568 -0.02612714 0.03126067
v 0.05926822 -0.02633598 0.03083174
v 0.05942858 -0.02674105 0.03061388
v 0.05986290 -0.02657987 0.03053899
v 0.06091193 -0.02632477 0.03023942
v 0.06129279 -0.02669200 0.02993985
v 0.06217479 -0.02628412 0.02972879
v 0.06286301 -0.02631496 0.02940198
v 0.06153334 -0.02628412 0.03000112
v 0.06307682 -0.02652380 0.02921135
v 0.06416595 -0.02630795 0.02875519
v 0.06478067 -0.02630795 0.02842158
v 0.06520831 -0.02671583 0.02800627
v 0.06576289 -0.02609490 0.02795180
v 0.06642439 -0.02662893 0.02730500
v 0.06656471 -0.02619442 0.02740032
v 0.06772733 -0.02609490 0.02666501
v 0.06834874 -0.02659388 0.02599098
v 0.06870955 -0.02635701 0.02583439
v 0.06917728 -0.02632477 0.02548035
v 0.06989891 -0.02632477 0.02488803
v 0.07021964 -0.02632477 0.02461569
v 0.07066731 -0.02627291 0.02424804
v 0.07088113 -0.02645232 0.02396889
v 0.07154930 -0.02647615 0.02332891
v 0.07220411 -0.02648175 0.02268211
v 0.07284556 -0.02646073 0.02200808
v 0.07349370 -0.02632477 0.02136128
v 0.08092382 -0.02710968 0.00378203
v 0.08078350 -0.02737740 0.00361863
v 0.08087037 -0.02710968 0.00423819
v 0.08075678 -0.02733535 0.00410202
v 0.08054296 -0.02758203 0.00429946
v 0.08012869 -0.02800673 0.00491222
v 0.07980128 -0.02833051 0.00491222
v 0.07944047 -0.02860663 0.00531391
v 0.07940038 -0.02857719 0.00574965
v 0.07895938 -0.02873278 0.00686623
v 0.07845157 -0.02896124 0.00752664
v 0.07840479 -0.02908739 0.00687303
v 0.07805066 -0.02920793 0.00752664
v 0.07796380 -0.02915887 0.00815982
v 0.07754285 -0.02927801 0.00880662
v 0.07718203 -0.02934809 0.00941256
v 0.07715531 -0.02943920 0.00880662
v 0.07650717 -0.02951489 0.01010702
v 0.07585236 -0.02956114 0.01138019
v 0.07519755 -0.02966066 0.01202698
v 0.07455610 -0.02966206 0.01333419
v 0.07390796 -0.02964524 0.01463459
v 0.07325315 -0.02970270 0.01528139
v 0.07260502 -0.02974055 0.01593500
v 0.07195690 -0.02976999 0.01658860
v 0.07130208 -0.02971953 0.01787539
v 0.07065395 -0.02973775 0.01852218
v 0.06999914 -0.02974616 0.01918260
v 0.03624954 -0.02935931 0.02701905
v 0.03560141 -0.02932006 0.02683522
v 0.03512032 -0.02927661 0.02672629
v 0.03602236 -0.02922615 0.02725734
v 0.03560141 -0.02918130 0.02716202
v 0.03429846 -0.02896124 0.02698501
v 0.03365033 -0.02876782 0.02700543
v 0.03300220 -0.02869353 0.02680799
v 0.03235407 -0.02875800 0.02635183
v 0.03258125 -0.02862906 0.02670586
v 0.03343652 -0.02856038 0.02724373
v 0.01358499 -0.02474233 0.02163362
v 0.03306234 -0.02812167 0.02763861
v 0.03330288 -0.02795767 0.02796542
v 0.03286857 -0.02786236 0.02786329
v 0.03163912 -0.02774182 0.02738670
v 0.06999914 -0.02964384 0.01982939
v 0.06935769 -0.02964804 0.02047619
v 0.06870955 -0.02964243 0.02112980
v 0.06804806 -0.02962842 0.02178340
v 0.06675848 -0.02971672 0.02243020
v 0.06545553 -0.02976578 0.02308380
v 0.06480072 -0.02973494 0.02373060
v 0.06415927 -0.02969290 0.02438420
v 0.06285632 -0.02971532 0.02503100
v 0.06156006 -0.02972093 0.02568460
v 0.06025712 -0.02970971 0.02633140
v 0.05894750 -0.02967888 0.02698501
v 0.05765123 -0.02962702 0.02761819
v 0.05700310 -0.02967888 0.02761819
v 0.05505203 -0.02963683 0.02827860
v 0.05440389 -0.02967187 0.02827860
v 0.05375576 -0.02969850 0.02827860
v 0.05245950 -0.02957095 0.02892540
v 0.05181137 -0.02959478 0.02892540
v 0.05114987 -0.02937893 0.02955177
v 0.05050175 -0.02935931 0.02964028
v 0.04987366 -0.02924998 0.02991261
v 0.04922552 -0.02925278 0.02991942
v 0.04859076 -0.02925418 0.02991942
v 0.04793594 -0.02924998 0.02991942
v 0.04732791 -0.02935931 0.02964028
v 0.04712077 -0.02924017 0.02989219
v 0.04600492 -0.02936772 0.02952454
v 0.04405384 -0.02950788 0.02892540
v 0.04535678 -0.02935510 0.02948369
v 0.04144795 -0.02954572 0.02827860
v 0.03884875 -0.02950508 0.02761819
v 0.04079982 -0.02948685 0.02827860
v 0.04340571 -0.02946583 0.02892540
v 0.03761262 -0.02933408 0.02764542
v 0.03689767 -0.02930464 0.02743436
v 0.03143867 -0.02686300 0.02818328
v 0.03196653 -0.02733254 0.02798584
v 0.01358499 -0.02191103 0.02454080
v 0.03365033 -0.02771239 0.02836711
v 0.03607582 -0.02788619 0.02919093
v 0.03466596 -0.02793385 0.02858498
v 0.03509359 -0.02801794 0.02867349
v 0.03626958 -0.02765072 0.02947007
v 0.03755248 -0.02748252 0.03004878
v 0.03860820 -0.02726807 0.03053218
v 0.03755248 -0.02780630 0.02977645
v 0.03803357 -0.02789600 0.02985815
v 0.03821398 -0.02686300 0.03070239
v 0.03976415 -0.02666256 0.03122663
v 0.03932983 -0.02655464 0.03117217
v 0.03882202 -0.02642148 0.03111089
v 0.03952361 -0.02633178 0.03132195
v 0.04048578 -0.02632337 0.03153982
v 0.04048578 -0.02603043 0.03165556
v 0.04048578 -0.02571506 0.03177811
v 0.04077309 -0.02551463 0.03190066
v 0.04041896 -0.02536886 0.03187343
v 0.04048578 -0.02501144 0.03196875
v 0.03972406 -0.02475915 0.03188024
v 0.04142122 -0.02502406 0.03213215
v 0.04077309 -0.02437510 0.03213896
v 0.07377433 -0.02632477 0.02103448
v 0.07366074 -0.02676488 0.02090512
v 0.07495032 -0.02710968 0.01895792
v 0.07416187 -0.02710968 0.01999960
v 0.07428883 -0.02737039 0.01957748
v 0.07487682 -0.02730591 0.01886260
v 0.07515746 -0.02710968 0.01867197
v 0.07540468 -0.02710968 0.01832474
v 0.07354715 -0.02710968 0.02076214
v 0.07677444 -0.02710968 0.01617329
v 0.07683458 -0.02710968 0.01607116
v 0.07732903 -0.02699195 0.01531543
v 0.07756289 -0.02678591 0.01511118
v 0.07561850 -0.02740683 0.01768475
v 0.07618645 -0.02731152 0.01692221
v 0.07821102 -0.02678170 0.01382440
v 0.07811748 -0.02710968 0.01362014
v 0.07862529 -0.02698074 0.01264655
v 0.07873220 -0.02710968 0.01222443
v 0.07877229 -0.02710968 0.01212911
v 0.07899947 -0.02710968 0.01152997
v 0.08001510 -0.02710968 0.00845939
v 0.07919324 -0.02758484 0.01009340
v 0.07944715 -0.02733815 0.00987553
v 0.07879234 -0.02731993 0.01174784
v 0.07952065 -0.02742646 0.00946022
v 0.08007523 -0.02729750 0.00782621
v 0.08022892 -0.02710968 0.00762876
v 0.08048950 -0.02710968 0.00643730
v 0.08012869 -0.02736758 0.00739728
v 0.08066323 -0.02710968 0.00559306
v 0.08074341 -0.02710968 0.00510285
v 0.08080355 -0.02710968 0.00470116
v 0.04142122 -0.02437510 0.03224108
v 0.04272417 -0.02437510 0.03241810
v 0.04312507 -0.02393358 0.03251342
v 0.04467525 -0.02372614 0.03267001
v 0.04466856 -0.02336873 0.03268363
v 0.04532338 -0.02372614 0.03271767
v 0.04650605 -0.02437510 0.03275852
v 0.04597819 -0.02437510 0.03273129
v 0.04650605 -0.02502406 0.03271086
v 0.04728781 -0.02567581 0.03263597
v 0.04792258 -0.02610612 0.03254746
v 0.04857071 -0.02646353 0.03244533
v 0.04921884 -0.02647615 0.03244533
v 0.04987366 -0.02645792 0.03243852
v 0.05052179 -0.02642429 0.03242491
v 0.05052179 -0.02609911 0.03254065
v 0.05114987 -0.02637102 0.03241129
v 0.05177128 -0.02626590 0.03239768
v 0.05245950 -0.02632617 0.03230917
v 0.05311431 -0.02686440 0.03200960
v 0.05375576 -0.02681674 0.03194832
v 0.05440389 -0.02671723 0.03189386
v 0.05474466 -0.02665836 0.03185981
v 0.05500525 -0.02632898 0.03194151
v 0.05517898 -0.02654623 0.03182577
v 0.05576697 -0.02632898 0.03178492
v 0.05636165 -0.02632617 0.03164875
v 0.05700310 -0.02632617 0.03149216
v 0.05765123 -0.02633739 0.03132195
v 0.05787173 -0.02656024 0.03117898
v 0.05833945 -0.02633739 0.03112451
v 0.05926822 -0.02709707 0.03046409
v 0.06030389 -0.02702699 0.03013729
v 0.05926822 -0.02679011 0.03064111
v 0.06091193 -0.02710968 0.02985815
v 0.06218147 -0.02696672 0.02940198
v 0.06264919 -0.02674386 0.02932028
v 0.06394546 -0.02675087 0.02867349
v 0.06437977 -0.02651259 0.02855094
v 0.06499449 -0.02710968 0.02788371
v 0.06548894 -0.02700316 0.02765904
v 0.06586313 -0.02710968 0.02736628
v 0.06599008 -0.02685599 0.02744117
v 0.06478067 -0.02694990 0.02810158
v 0.06677853 -0.02637663 0.02718245
v 0.06718611 -0.02675928 0.02673310
v 0.06761374 -0.02645792 0.02657651
v 0.06791442 -0.02686019 0.02614758
v 0.06781419 -0.02710968 0.02606588
v 0.06907037 -0.02669200 0.02539185
v 0.06976527 -0.02675227 0.02477909
v 0.07044681 -0.02679572 0.02416634
v 0.07111499 -0.02682095 0.02353316
v 0.07176312 -0.02683216 0.02289317
v 0.07241125 -0.02682375 0.02224637
v 0.07303934 -0.02680273 0.02157915
v 0.08072337 -0.02728909 0.00453776
v 0.08042268 -0.02762268 0.00491222
v 0.08009528 -0.02796889 0.00533434
v 0.07968769 -0.02821137 0.00621262
v 0.07929347 -0.02847347 0.00686623
v 0.07935361 -0.02853655 0.00621262
v 0.07887920 -0.02867531 0.00752664
v 0.07850502 -0.02880706 0.00819386
v 0.07837807 -0.02877763 0.00880662
v 0.07787025 -0.02910141 0.00880662
v 0.07748939 -0.02924998 0.00917427
v 0.07700831 -0.02932427 0.01010702
v 0.07656731 -0.02939154 0.01080828
v 0.07585236 -0.02946443 0.01202698
v 0.07519755 -0.02957796 0.01268059
v 0.07455610 -0.02957235 0.01398099
v 0.07390796 -0.02954292 0.01528139
v 0.07325315 -0.02960599 0.01593500
v 0.07260502 -0.02965505 0.01658860
v 0.07195690 -0.02969290 0.01723540
v 0.07130208 -0.02961300 0.01852218
v 0.07065395 -0.02963262 0.01918260
v 0.03645667 -0.02926680 0.02734585
v 0.03689767 -0.02915186 0.02776117
v 0.03624954 -0.02910141 0.02758414
v 0.03560141 -0.02892900 0.02761819
v 0.03497332 -0.02875380 0.02765223
v 0.03386415 -0.02863046 0.02735266
v 0.03429846 -0.02846927 0.02776797
v 0.01358499 -0.02413542 0.02232126
v 0.03365033 -0.02802495 0.02804031
v 0.03163912 -0.02742365 0.02773393
v 0.01358499 -0.02383127 0.02265487
v 0.07065395 -0.02948825 0.01982939
v 0.06999914 -0.02949807 0.02047619
v 0.06935769 -0.02949667 0.02112980
v 0.06870955 -0.02948405 0.02178340
v 0.06740661 -0.02960739 0.02243020
v 0.06611035 -0.02968729 0.02308380
v 0.06480072 -0.02959478 0.02438420
v 0.06351114 -0.02963262 0.02503100
v 0.06545553 -0.02964664 0.02373060
v 0.06220151 -0.02964944 0.02568460
v 0.06090525 -0.02964384 0.02633140
v 0.05960899 -0.02961721 0.02698501
v 0.05830605 -0.02956535 0.02761819
v 0.05636165 -0.02954012 0.02827860
v 0.05571352 -0.02959478 0.02827860
v 0.05375576 -0.02950788 0.02892540
v 0.05311431 -0.02954292 0.02892540
v 0.05181137 -0.02936912 0.02952454
v 0.05069552 -0.02924157 0.02989219
v 0.05026120 -0.02924577 0.02990581
v 0.04987366 -0.02905235 0.03023261
v 0.04922552 -0.02905795 0.03024623
v 0.04859076 -0.02905515 0.03024623
v 0.04754840 -0.02924577 0.02990581
v 0.04793594 -0.02904954 0.03023942
v 0.04732791 -0.02907758 0.03016452
v 0.04665305 -0.02923035 0.02987176
v 0.04665305 -0.02900890 0.03022580
v 0.04600492 -0.02921774 0.02983772
v 0.04470197 -0.02933688 0.02944284
v 0.04405384 -0.02931726 0.02940198
v 0.04535678 -0.02919812 0.02980368
v 0.04275758 -0.02941537 0.02892540
v 0.04144795 -0.02934249 0.02881646
v 0.03949020 -0.02936211 0.02822413
v 0.03884875 -0.02932006 0.02811520
v 0.04079982 -0.02930745 0.02873476
v 0.04007819 -0.02938313 0.02833988
v 0.03820730 -0.02927240 0.02801307
v 0.03786653 -0.02924577 0.02795180
v 0.01358499 -0.02220257 0.02427527
v 0.01358499 -0.02258661 0.02390762
v 0.01358499 -0.02286274 0.02364209
v 0.01358499 -0.02319072 0.02331529
v 0.03651681 -0.02797029 0.02927263
v 0.03494659 -0.02828425 0.02828541
v 0.03560141 -0.02843002 0.02838754
v 0.03560141 -0.02810484 0.02877561
v 0.03822734 -0.02765632 0.03011006
v 0.03903583 -0.02735217 0.03059345
v 0.03689767 -0.02803476 0.02934071
v 0.03755248 -0.02813568 0.02945645
v 0.03822734 -0.02818614 0.02961985
v 0.03846788 -0.02797029 0.02991942
v 0.03949020 -0.02775584 0.03039601
v 0.03957038 -0.02686300 0.03105642
v 0.04048578 -0.02680273 0.03130833
v 0.04048578 -0.02650278 0.03145812
v 0.04012496 -0.02686300 0.03119259
v 0.04144795 -0.02629113 0.03174407
v 0.04164841 -0.02605285 0.03188024
v 0.04144795 -0.02570525 0.03195513
v 0.04207604 -0.02551463 0.03211853
v 0.04207604 -0.02502406 0.03223427
v 0.07293911 -0.02710968 0.02146341
v 0.07351374 -0.02719939 0.02071448
v 0.07409506 -0.02780209 0.01931196
v 0.07448928 -0.02755540 0.01909409
v 0.07368079 -0.02741524 0.02028555
v 0.07388792 -0.02761147 0.01980897
v 0.07484341 -0.02791422 0.01816134
v 0.07687467 -0.02736058 0.01568309
v 0.07738248 -0.02710968 0.01508395
v 0.07746267 -0.02710968 0.01493416
v 0.07754953 -0.02710968 0.01476395
v 0.07542472 -0.02783713 0.01739880
v 0.07556504 -0.02798711 0.01696987
v 0.07613299 -0.02790301 0.01618691
v 0.07628667 -0.02743626 0.01658860
v 0.07799052 -0.02698915 0.01402184
v 0.07753617 -0.02737880 0.01442353
v 0.07817762 -0.02736478 0.01310952
v 0.07893933 -0.02763530 0.01068573
v 0.07870547 -0.02785816 0.01086275
v 0.07878566 -0.02795487 0.01043382
v 0.07927343 -0.02774883 0.00946022
v 0.07827116 -0.02748392 0.01268059
v 0.07809743 -0.02791282 0.01228570
v 0.07860525 -0.02773201 0.01138019
v 0.07962088 -0.02755400 0.00880662
v 0.07968769 -0.02768295 0.00821429
v 0.07991488 -0.02760166 0.00757430
v 0.08018883 -0.02745168 0.00686623
v 0.08025564 -0.02754419 0.00621262
v 0.08069664 -0.02724004 0.00491222
v 0.04272417 -0.02502406 0.03232959
v 0.04373980 -0.02464982 0.03251342
v 0.04335894 -0.02441014 0.03249299
v 0.04355939 -0.02421672 0.03253384
v 0.04398702 -0.02441014 0.03256107
v 0.04467525 -0.02437510 0.03262916
v 0.04532338 -0.02437510 0.03268363
v 0.04597819 -0.02502406 0.03267682
v 0.04597819 -0.02551463 0.03259512
v 0.04651273 -0.02570525 0.03258150
v 0.04641251 -0.02597857 0.03250661
v 0.04684682 -0.02602482 0.03252023
v 0.04728781 -0.02638784 0.03241129
v 0.04728781 -0.02686440 0.03220023
v 0.04806290 -0.02686440 0.03223427
v 0.04857071 -0.02686440 0.03225470
v 0.04921884 -0.02686440 0.03226151
v 0.04987366 -0.02686440 0.03224789
v 0.05052179 -0.02686440 0.03222746
v 0.05114987 -0.02686440 0.03218662
v 0.05191828 -0.02686440 0.03212534
v 0.05221896 -0.02731572 0.03186662
v 0.05265327 -0.02727508 0.03183939
v 0.05311431 -0.02722602 0.03181215
v 0.05375576 -0.02714192 0.03176450
v 0.05456426 -0.02686440 0.03179173
v 0.05571352 -0.02697653 0.03149216
v 0.05634161 -0.02700596 0.03134238
v 0.05700310 -0.02680553 0.03129471
v 0.05743073 -0.02670321 0.03124025
v 0.05863345 -0.02730031 0.03055260
v 0.06011012 -0.02739282 0.02997389
v 0.06054444 -0.02728068 0.02989219
v 0.05757773 -0.02686440 0.03111089
v 0.06156006 -0.02744047 0.02936794
v 0.06193424 -0.02733535 0.02928624
v 0.06209461 -0.02710968 0.02935433
v 0.06242201 -0.02710968 0.02921135
v 0.06253561 -0.02710968 0.02915688
v 0.06363141 -0.02710968 0.02862583
v 0.06416595 -0.02697092 0.02842158
v 0.06452677 -0.02733955 0.02798584
v 0.06577626 -0.02729190 0.02729820
v 0.06689879 -0.02710968 0.02669905
v 0.06772065 -0.02729470 0.02599779
v 0.06886992 -0.02710968 0.02526929
v 0.06961827 -0.02710968 0.02465654
v 0.07032654 -0.02710968 0.02405059
v 0.07100140 -0.02710968 0.02343103
v 0.07123526 -0.02710968 0.02321316
v 0.07166290 -0.02710968 0.02279104
v 0.07201035 -0.02704381 0.02249147
v 0.07231103 -0.02710968 0.02213744
v 0.08006188 -0.02792123 0.00577008
v 0.07962088 -0.02814830 0.00686623
v 0.07954738 -0.02807261 0.00752664
v 0.07920661 -0.02839919 0.00752664
v 0.07881907 -0.02863046 0.00799642
v 0.07827784 -0.02870895 0.00946022
v 0.07774998 -0.02905795 0.00941256
v 0.07875893 -0.02858420 0.00842535
v 0.07741589 -0.02921634 0.00960320
v 0.07682790 -0.02924437 0.01105338
v 0.07642699 -0.02935230 0.01138019
v 0.07587241 -0.02934949 0.01265335
v 0.07519755 -0.02947424 0.01333419
v 0.07455610 -0.02945602 0.01463459
v 0.07455610 -0.02933127 0.01523373
v 0.07394806 -0.02938313 0.01596904
v 0.07325315 -0.02947984 0.01658860
v 0.07260502 -0.02954012 0.01723540
v 0.07195690 -0.02958217 0.01787539
v 0.07130208 -0.02946583 0.01918260
v 0.03761262 -0.02904954 0.02821733
v 0.03685758 -0.02881127 0.02833988
v 0.03624954 -0.02875380 0.02819009
v 0.03560141 -0.02867110 0.02806073
v 0.03520718 -0.02861644 0.02798584
v 0.03477287 -0.02854916 0.02788371
v 0.07062054 -0.02932427 0.02045576
v 0.07126199 -0.02931165 0.01978854
v 0.06997909 -0.02932707 0.02110937
v 0.06931759 -0.02932146 0.02174936
v 0.06907705 -0.02926259 0.02215786
v 0.06864942 -0.02930885 0.02239616
v 0.06804806 -0.02946022 0.02243020
v 0.06675848 -0.02957516 0.02308380
v 0.06545553 -0.02946863 0.02438420
v 0.06415927 -0.02952610 0.02503100
v 0.06611035 -0.02953031 0.02373060
v 0.06285632 -0.02955694 0.02568460
v 0.06156006 -0.02955974 0.02633140
v 0.06025712 -0.02953731 0.02698501
v 0.05894750 -0.02948685 0.02761819
v 0.05830605 -0.02935230 0.02819690
v 0.05700310 -0.02947845 0.02827860
v 0.05636165 -0.02933968 0.02880285
v 0.05571352 -0.02936912 0.02888455
v 0.05511884 -0.02937893 0.02899348
v 0.05440389 -0.02946443 0.02892540
v 0.05375576 -0.02931726 0.02940198
v 0.05311431 -0.02933828 0.02944964
v 0.05245950 -0.02920092 0.02981730
v 0.05181137 -0.02921774 0.02984453
v 0.05114987 -0.02923316 0.02987176
v 0.05114987 -0.02901731 0.03022580
v 0.05050175 -0.02908178 0.03015772
v 0.05052179 -0.02872016 0.03071600
v 0.04987366 -0.02872857 0.03072281
v 0.04922552 -0.02873418 0.03072962
v 0.04793594 -0.02872436 0.03072281
v 0.04728781 -0.02871736 0.03070920
v 0.04600492 -0.02897526 0.03022580
v 0.04340571 -0.02929203 0.02934071
v 0.04470197 -0.02917429 0.02976964
v 0.04405384 -0.02914766 0.02972879
v 0.04535678 -0.02893041 0.03022580
v 0.04275758 -0.02926259 0.02928624
v 0.04215622 -0.02934669 0.02895944
v 0.04241681 -0.02924577 0.02925220
v 0.04144795 -0.02918831 0.02914327
v 0.03983096 -0.02924577 0.02860540
v 0.03949020 -0.02922055 0.02855094
v 0.03884875 -0.02916588 0.02844200
v 0.03820730 -0.02910141 0.02833988
v 0.03626958 -0.02817072 0.02895944
v 0.03661036 -0.02858841 0.02858498
v 0.03685758 -0.02840339 0.02890497
v 0.04014501 -0.02786236 0.03048452
v 0.04014501 -0.02753999 0.03072962
v 0.03755248 -0.02846086 0.02908880
v 0.03949020 -0.02843843 0.02972198
v 0.03884875 -0.02802495 0.02998070
v 0.03852802 -0.02859682 0.02925220
v 0.04048578 -0.02686019 0.03127429
v 0.04166177 -0.02733535 0.03122663
v 0.04144795 -0.02701998 0.03136961
v 0.04222972 -0.02686440 0.03160790
v 0.04209608 -0.02647054 0.03178492
v 0.04122746 -0.02726527 0.03117898
v 0.04209608 -0.02614536 0.03192109
v 0.04273753 -0.02567722 0.03217300
v 0.04209608 -0.02567722 0.03207087
v 0.04337230 -0.02551463 0.03230917
v 0.07224420 -0.02725686 0.02207616
v 0.07245134 -0.02747411 0.02164043
v 0.07288565 -0.02723723 0.02139532
v 0.07307275 -0.02745168 0.02096639
v 0.07327988 -0.02764932 0.02051023
v 0.07348033 -0.02784834 0.02003364
v 0.07366074 -0.02801654 0.01959791
v 0.07425542 -0.02797029 0.01888303
v 0.07438906 -0.02808382 0.01852218
v 0.07499041 -0.02805438 0.01772560
v 0.07650717 -0.02762969 0.01593500
v 0.07681453 -0.02793665 0.01493416
v 0.07718203 -0.02765632 0.01468225
v 0.07742257 -0.02721901 0.01485927
v 0.07476323 -0.02851412 0.01723540
v 0.07568531 -0.02809363 0.01658860
v 0.07625995 -0.02802915 0.01575117
v 0.07764976 -0.02751476 0.01398099
v 0.07746267 -0.02793805 0.01363376
v 0.07801057 -0.02780770 0.01268059
v 0.07819097 -0.02801093 0.01184996
v 0.07805734 -0.02853935 0.01074701
v 0.07883911 -0.02801654 0.01010702
v 0.07827784 -0.02810344 0.01138019
v 0.07936697 -0.02787778 0.00880662
v 0.07757626 -0.02804037 0.01319803
v 0.07942042 -0.02793805 0.00845939
v 0.07948056 -0.02800393 0.00802365
v 0.07994160 -0.02777546 0.00686623
v 0.08001510 -0.02786657 0.00621262
v 0.04445475 -0.02526794 0.03250661
v 0.04398702 -0.02504087 0.03248619
v 0.04337230 -0.02502406 0.03241129
v 0.04417411 -0.02483484 0.03254065
v 0.04532338 -0.02502406 0.03262235
v 0.04488906 -0.02539689 0.03253384
v 0.04532338 -0.02547958 0.03255427
v 0.04553051 -0.02551463 0.03256107
v 0.04600492 -0.02591830 0.03249299
v 0.04535678 -0.02632617 0.03228874
v 0.04651273 -0.02628412 0.03240449
v 0.04663300 -0.02686440 0.03215938
v 0.04728781 -0.02697653 0.03214576
v 0.04859076 -0.02697653 0.03219343
v 0.04922552 -0.02697653 0.03220704
v 0.04987366 -0.02697653 0.03219343
v 0.05052179 -0.02697653 0.03216619
v 0.05114987 -0.02738020 0.03190747
v 0.05181137 -0.02697653 0.03207768
v 0.05114987 -0.02770258 0.03167599
v 0.05181137 -0.02766473 0.03164194
v 0.05245950 -0.02804177 0.03128791
v 0.05311431 -0.02762268 0.03153301
v 0.05440389 -0.02755540 0.03139003
v 0.05571352 -0.02738581 0.03126067
v 0.05609438 -0.02732554 0.03121983
v 0.05700310 -0.02713211 0.03111089
v 0.05727705 -0.02686440 0.03119259
v 0.05765123 -0.02749654 0.03069558
v 0.05837286 -0.02761427 0.03039601
v 0.05925485 -0.02760586 0.03011687
v 0.05960899 -0.02751336 0.03006240
v 0.05960899 -0.02783573 0.02981730
v 0.06065803 -0.02798711 0.02929305
v 0.06156006 -0.02776285 0.02910922
v 0.06246210 -0.02791142 0.02857817
v 0.06285632 -0.02747551 0.02874838
v 0.06325723 -0.02735497 0.02863945
v 0.06415927 -0.02746430 0.02808797
v 0.06478067 -0.02761287 0.02761819
v 0.06503458 -0.02788058 0.02724373
v 0.06551567 -0.02764932 0.02714841
v 0.06581635 -0.02797029 0.02667863
v 0.06625067 -0.02782171 0.02653565
v 0.06654466 -0.02738861 0.02672629
v 0.06746674 -0.02765912 0.02585481
v 0.06774738 -0.02796188 0.02537823
v 0.06866946 -0.02759885 0.02500377
v 0.06843560 -0.02735637 0.02539865
v 0.06915055 -0.02740963 0.02480632
v 0.06983877 -0.02744748 0.02418676
v 0.07094126 -0.02725686 0.02336976
v 0.07160275 -0.02726527 0.02272296
v 0.07904624 -0.02821277 0.00880662
v 0.07870547 -0.02853795 0.00880662
v 0.07819097 -0.02864728 0.00997085
v 0.07772994 -0.02877342 0.01074701
v 0.07785689 -0.02882528 0.01015468
v 0.07732235 -0.02916728 0.01010702
v 0.07713526 -0.02912663 0.01080828
v 0.07661408 -0.02913364 0.01202698
v 0.07610627 -0.02921073 0.01285080
v 0.07619981 -0.02925979 0.01241506
v 0.07627999 -0.02929763 0.01202698
v 0.07565859 -0.02930464 0.01333419
v 0.07521759 -0.02934949 0.01396737
v 0.07499041 -0.02929483 0.01463459
v 0.07489019 -0.02925278 0.01498182
v 0.07432891 -0.02928923 0.01577160
v 0.07374092 -0.02931165 0.01658860
v 0.07324647 -0.02933688 0.01720136
v 0.07263175 -0.02937192 0.01790262
v 0.07201035 -0.02939715 0.01859027
v 0.07180321 -0.02930745 0.01918260
v 0.03755248 -0.02870755 0.02876200
v 0.03704467 -0.02864447 0.02867349
v 0.07102813 -0.02926539 0.02021066
v 0.07039336 -0.02926820 0.02087108
v 0.06974523 -0.02926820 0.02151787
v 0.06951137 -0.02918410 0.02194680
v 0.06883651 -0.02917289 0.02257998
v 0.06840219 -0.02925278 0.02277742
v 0.06804806 -0.02930464 0.02292040
v 0.06727966 -0.02930324 0.02356039
v 0.06745338 -0.02939294 0.02313146
v 0.06545553 -0.02930464 0.02485398
v 0.06482745 -0.02937472 0.02506504
v 0.06607026 -0.02932987 0.02437059
v 0.06415927 -0.02933548 0.02558248
v 0.06357796 -0.02939855 0.02573907
v 0.06677184 -0.02936491 0.02375102
v 0.06280956 -0.02933548 0.02633140
v 0.06220151 -0.02945181 0.02633140
v 0.06090525 -0.02943920 0.02698501
v 0.06025712 -0.02933828 0.02751606
v 0.05925485 -0.02943640 0.02765223
v 0.05793187 -0.02923736 0.02858498
v 0.05749755 -0.02926960 0.02865306
v 0.05768464 -0.02937612 0.02833307
v 0.05894750 -0.02930745 0.02808797
v 0.05700310 -0.02930324 0.02872115
v 0.05538611 -0.02924577 0.02925220
v 0.05440389 -0.02929203 0.02934071
v 0.05375576 -0.02914906 0.02972879
v 0.05311431 -0.02917709 0.02977645
v 0.05245950 -0.02893741 0.03022580
v 0.05181137 -0.02898367 0.03022580
v 0.05114987 -0.02870614 0.03068877
v 0.05114987 -0.02842862 0.03101557
v 0.05052179 -0.02844824 0.03103600
v 0.04987366 -0.02846086 0.03104961
v 0.04922552 -0.02846646 0.03105642
v 0.04859076 -0.02846226 0.03105642
v 0.04600492 -0.02868092 0.03065473
v 0.04793594 -0.02845385 0.03104280
v 0.04728781 -0.02843703 0.03102238
v 0.04665305 -0.02841461 0.03100196
v 0.04470197 -0.02887714 0.03022580
v 0.04340571 -0.02911542 0.02967432
v 0.04407388 -0.02878323 0.03028027
v 0.04340571 -0.02879024 0.03016452
v 0.04535678 -0.02865428 0.03062069
v 0.04215622 -0.02905655 0.02951773
v 0.04144795 -0.02891919 0.02957219
v 0.04079982 -0.02914065 0.02905476
v 0.04007819 -0.02911822 0.02889816
v 0.03949020 -0.02899909 0.02892540
v 0.03879529 -0.02882248 0.02900029
v 0.04055928 -0.02792544 0.03053218
v 0.04077978 -0.02767595 0.03077728
v 0.03949020 -0.02811325 0.03006921
v 0.04059269 -0.02857439 0.02987176
v 0.04014501 -0.02819735 0.03015772
v 0.03949020 -0.02870054 0.02938837
v 0.04210277 -0.02739702 0.03127429
v 0.04285112 -0.02686440 0.03171683
v 0.04304489 -0.02665696 0.03185981
v 0.04261058 -0.02657566 0.03182577
v 0.04280435 -0.02634579 0.03195513
v 0.04339903 -0.02632617 0.03205045
v 0.04339903 -0.02567722 0.03226832
v 0.04419416 -0.02551463 0.03241810
v 0.07180990 -0.02748532 0.02229403
v 0.07223085 -0.02790722 0.02140894
v 0.07286561 -0.02788198 0.02072810
v 0.07321306 -0.02824921 0.01978173
v 0.07340684 -0.02847067 0.01918260
v 0.07388792 -0.02812026 0.01914175
v 0.07304602 -0.02805018 0.02029236
v 0.07414851 -0.02853935 0.01809325
v 0.07653390 -0.02830668 0.01468906
v 0.07692812 -0.02804738 0.01449843
v 0.07738248 -0.02783713 0.01398099
v 0.07487014 -0.02859682 0.01690179
v 0.07521759 -0.02845525 0.01664307
v 0.07544477 -0.02853795 0.01611882
v 0.07601941 -0.02847067 0.01528139
v 0.07793039 -0.02842862 0.01138019
v 0.07768984 -0.02815110 0.01268059
v 0.07742926 -0.02856038 0.01224485
v 0.07811748 -0.02859261 0.01039297
v 0.07860525 -0.02844684 0.00946022
v 0.07752280 -0.02862765 0.01181592
v 0.07894602 -0.02812167 0.00946022
v 0.07705508 -0.02816511 0.01398099
v 0.07670095 -0.02849029 0.01398099
v 0.07679449 -0.02857439 0.01358610
v 0.07732903 -0.02847628 0.01268059
v 0.04467525 -0.02504087 0.03256107
v 0.04478883 -0.02551463 0.03249299
v 0.04470197 -0.02632617 0.03222066
v 0.04460843 -0.02686440 0.03197556
v 0.04600492 -0.02686440 0.03211172
v 0.04567083 -0.02730031 0.03185981
v 0.04600492 -0.02732273 0.03187343
v 0.04665305 -0.02736058 0.03189386
v 0.04793594 -0.02741104 0.03192790
v 0.04859076 -0.02742646 0.03193470
v 0.04922552 -0.02743206 0.03194151
v 0.04987366 -0.02742225 0.03193470
v 0.05052179 -0.02740683 0.03192109
v 0.05052179 -0.02773061 0.03168960
v 0.05114987 -0.02810484 0.03134238
v 0.05181137 -0.02807681 0.03132195
v 0.05181137 -0.02840339 0.03098834
v 0.05245950 -0.02836695 0.03095430
v 0.05311431 -0.02799832 0.03124706
v 0.05352858 -0.02796748 0.03121983
v 0.05396958 -0.02792684 0.03118578
v 0.05440389 -0.02787918 0.03115174
v 0.05505203 -0.02779929 0.03109046
v 0.05571352 -0.02770818 0.03102238
v 0.05634161 -0.02757503 0.03097472
v 0.05698306 -0.02766053 0.03075005
v 0.05765123 -0.02781891 0.03045048
v 0.05878713 -0.02800252 0.02995346
v 0.05925485 -0.02791562 0.02987857
v 0.06025712 -0.02806560 0.02937475
v 0.06156006 -0.02811886 0.02878242
v 0.06203447 -0.02802075 0.02867349
v 0.06285632 -0.02779929 0.02848285
v 0.06333742 -0.02802775 0.02804031
v 0.06351114 -0.02763249 0.02828541
v 0.06376505 -0.02791142 0.02791776
v 0.06459358 -0.02801234 0.02737308
v 0.06545553 -0.02807401 0.02678757
v 0.06606358 -0.02814129 0.02633140
v 0.06658475 -0.02804177 0.02609992
v 0.06701238 -0.02789881 0.02595694
v 0.06693888 -0.02852954 0.02526929
v 0.06799460 -0.02810765 0.02501738
v 0.06845564 -0.02800953 0.02477228
v 0.06890333 -0.02783853 0.02459526
v 0.06740661 -0.02806980 0.02549397
v 0.06959154 -0.02787918 0.02398251
v 0.07005259 -0.02767454 0.02377826
v 0.07050695 -0.02747271 0.02356039
v 0.07072745 -0.02769136 0.02314508
v 0.07116176 -0.02748252 0.02294083
v 0.07137558 -0.02769837 0.02251190
v 0.07718872 -0.02878604 0.01202698
v 0.07715531 -0.02897526 0.01138019
v 0.07645372 -0.02906356 0.01265335
v 0.07597931 -0.02914766 0.01333419
v 0.07544477 -0.02920933 0.01415120
v 0.07555836 -0.02926259 0.01371546
v 0.07531114 -0.02913925 0.01463459
v 0.07476323 -0.02919111 0.01541756
v 0.07419528 -0.02923176 0.01620052
v 0.07361397 -0.02926259 0.01696987
v 0.07303265 -0.02928782 0.01769156
v 0.07243798 -0.02930464 0.01840644
v 0.07164953 -0.02925418 0.01952983
v 0.07226425 -0.02924017 0.01884218
v 0.07146244 -0.02917429 0.01997237
v 0.07082767 -0.02918410 0.02063959
v 0.07017286 -0.02918550 0.02130681
v 0.06997909 -0.02907197 0.02174936
v 0.06931759 -0.02905936 0.02239616
v 0.06864942 -0.02903553 0.02302933
v 0.06804806 -0.02917289 0.02324039
v 0.06770061 -0.02923736 0.02338337
v 0.06699902 -0.02921634 0.02398932
v 0.06655803 -0.02928362 0.02414591
v 0.06581635 -0.02925699 0.02473143
v 0.06506131 -0.02922335 0.02531015
v 0.06462699 -0.02928362 0.02543950
v 0.06383187 -0.02924437 0.02599779
v 0.06338419 -0.02929763 0.02612034
v 0.06256233 -0.02925278 0.02667182
v 0.06220151 -0.02929063 0.02675352
v 0.06149993 -0.02933408 0.02698501
v 0.06090525 -0.02928081 0.02738670
v 0.05942858 -0.02927100 0.02800627
v 0.05962903 -0.02937192 0.02767265
v 0.05768464 -0.02910141 0.02889135
v 0.05700310 -0.02913084 0.02904795
v 0.05830605 -0.02920513 0.02852370
v 0.05636165 -0.02918270 0.02912965
v 0.05571352 -0.02900189 0.02957219
v 0.05440389 -0.02911402 0.02967432
v 0.05440389 -0.02879024 0.03016452
v 0.05373572 -0.02878464 0.03028027
v 0.05311431 -0.02888555 0.03022580
v 0.05245950 -0.02866129 0.03063430
v 0.05181137 -0.02868512 0.03066154
v 0.05052179 -0.02812307 0.03136280
v 0.04987366 -0.02813568 0.03137642
v 0.04922552 -0.02814129 0.03138323
v 0.04859076 -0.02813848 0.03137642
v 0.04793594 -0.02812867 0.03136961
v 0.04600492 -0.02838657 0.03097472
v 0.04535678 -0.02835433 0.03094749
v 0.04665305 -0.02808943 0.03133557
v 0.04600492 -0.02806279 0.03130833
v 0.04275758 -0.02907197 0.02961304
v 0.04275758 -0.02874960 0.03010325
v 0.04432111 -0.02860523 0.03055941
v 0.04388680 -0.02857860 0.03053218
v 0.04340571 -0.02854636 0.03049133
v 0.04210277 -0.02870334 0.03004197
v 0.04082655 -0.02878323 0.02962666
v 0.04144795 -0.02865148 0.02996708
v 0.04014501 -0.02876221 0.02948369
v 0.04100027 -0.02798150 0.03058664
v 0.04275758 -0.02849029 0.03043686
v 0.04144795 -0.02836134 0.03030069
v 0.04275758 -0.02747972 0.03132876
v 0.04339903 -0.02686440 0.03180534
v 0.04210277 -0.02771940 0.03102238
v 0.04275758 -0.02780349 0.03109046
v 0.04339903 -0.02670601 0.03189386
v 0.04404048 -0.02632617 0.03213896
v 0.04404048 -0.02567722 0.03235002
v 0.07158940 -0.02791562 0.02206254
v 0.07180321 -0.02808242 0.02164043
v 0.07242461 -0.02806980 0.02097320
v 0.07275870 -0.02848328 0.01995875
v 0.07294579 -0.02860663 0.01952302
v 0.07355383 -0.02857860 0.01881494
v 0.07371420 -0.02867811 0.01837921
v 0.07429551 -0.02864167 0.01765752
v 0.07613299 -0.02856458 0.01487289
v 0.07501046 -0.02868512 0.01646605
v 0.07557841 -0.02863326 0.01568989
v 0.07444251 -0.02872857 0.01723540
v 0.07700831 -0.02872016 0.01268059
v 0.07654727 -0.02880846 0.01334781
v 0.07624658 -0.02864728 0.01443715
v 0.07636686 -0.02872436 0.01398099
v 0.04404048 -0.02679572 0.03194151
v 0.04470197 -0.02720079 0.03179854
v 0.04407388 -0.02767174 0.03139003
v 0.04470197 -0.02762268 0.03150577
v 0.04541024 -0.02756101 0.03163514
v 0.04600492 -0.02764651 0.03163514
v 0.04665305 -0.02768436 0.03165556
v 0.04728781 -0.02771239 0.03167599
v 0.04793594 -0.02773481 0.03168960
v 0.04859076 -0.02774883 0.03170322
v 0.04922552 -0.02775584 0.03171003
v 0.04987366 -0.02774603 0.03170322
v 0.05311431 -0.02863046 0.03059345
v 0.05311431 -0.02832350 0.03091345
v 0.05393617 -0.02858000 0.03053218
v 0.05440389 -0.02822258 0.03082494
v 0.05505203 -0.02816792 0.03076366
v 0.05571352 -0.02810064 0.03069558
v 0.05636165 -0.02802355 0.03062069
v 0.05674919 -0.02797029 0.03057303
v 0.05718351 -0.02790161 0.03051175
v 0.05830605 -0.02808102 0.03002836
v 0.05925485 -0.02850291 0.02927263
v 0.05960899 -0.02850431 0.02914327
v 0.06025712 -0.02839218 0.02902072
v 0.06105893 -0.02853935 0.02853051
v 0.06156006 -0.02844544 0.02842158
v 0.06241533 -0.02855477 0.02790414
v 0.06285632 -0.02813848 0.02815605
v 0.06285632 -0.02846226 0.02778840
v 0.06371827 -0.02855197 0.02724373
v 0.06415927 -0.02812307 0.02748883
v 0.06415927 -0.02844824 0.02712118
v 0.06497445 -0.02852533 0.02656289
v 0.06576289 -0.02858560 0.02599098
v 0.06611035 -0.02849730 0.02586843
v 0.06725293 -0.02867251 0.02482675
v 0.06767388 -0.02857159 0.02466335
v 0.06651125 -0.02863326 0.02540546
v 0.06882314 -0.02847628 0.02388719
v 0.06915724 -0.02804177 0.02416634
v 0.06984545 -0.02806560 0.02356039
v 0.07027309 -0.02790301 0.02335614
v 0.07093458 -0.02791422 0.02271615
v 0.07580559 -0.02906637 0.01396737
v 0.07515077 -0.02904253 0.01523373
v 0.07455610 -0.02912944 0.01596904
v 0.07407501 -0.02917289 0.01658860
v 0.07347365 -0.02919671 0.01739880
v 0.07287230 -0.02922055 0.01812730
v 0.07212394 -0.02917990 0.01918260
v 0.07263175 -0.02916448 0.01859027
v 0.07190344 -0.02904114 0.01978854
v 0.07126199 -0.02906356 0.02045576
v 0.07062054 -0.02907197 0.02110937
v 0.07064059 -0.02875240 0.02176978
v 0.06997909 -0.02874399 0.02241658
v 0.06932428 -0.02872436 0.02305657
v 0.06864274 -0.02869353 0.02368975
v 0.06804806 -0.02893041 0.02373060
v 0.06745338 -0.02915747 0.02375102
v 0.06677184 -0.02910982 0.02437059
v 0.06625734 -0.02918971 0.02458846
v 0.06744002 -0.02881828 0.02442505
v 0.06545553 -0.02916027 0.02517398
v 0.06482745 -0.02911402 0.02567099
v 0.06415927 -0.02919952 0.02590247
v 0.06299664 -0.02919812 0.02656289
v 0.06220151 -0.02913084 0.02708713
v 0.06167365 -0.02919812 0.02720288
v 0.06123934 -0.02924718 0.02730500
v 0.06090525 -0.02911402 0.02771351
v 0.05985621 -0.02923176 0.02791776
v 0.05925485 -0.02912383 0.02833988
v 0.05894750 -0.02914345 0.02841477
v 0.05830605 -0.02896124 0.02892540
v 0.05765123 -0.02874819 0.02946326
v 0.05696969 -0.02877202 0.02961985
v 0.05636165 -0.02890097 0.02957219
v 0.05571352 -0.02869914 0.03004197
v 0.05505203 -0.02874819 0.03010325
v 0.05440389 -0.02854776 0.03049133
v 0.04535678 -0.02802915 0.03127429
v 0.04470197 -0.02831229 0.03091345
v 0.04340571 -0.02822258 0.03081813
v 0.04275758 -0.02816792 0.03077047
v 0.04144795 -0.02803476 0.03063430
v 0.04210277 -0.02810484 0.03070239
v 0.04340571 -0.02755120 0.03138323
v 0.04405384 -0.02712090 0.03175088
v 0.04388680 -0.02792123 0.03117898
v 0.07116176 -0.02808662 0.02228041
v 0.07150253 -0.02851552 0.02132043
v 0.07197025 -0.02829266 0.02114341
v 0.07085440 -0.02851973 0.02198084
v 0.07213730 -0.02850291 0.02063959
v 0.07233107 -0.02862625 0.02021747
v 0.07257161 -0.02869914 0.01977493
v 0.07308611 -0.02868652 0.01918260
v 0.07329992 -0.02882809 0.01856984
v 0.07391465 -0.02877342 0.01787539
v 0.07462291 -0.02885051 0.01664307
v 0.07521759 -0.02876922 0.01592138
v 0.07588577 -0.02880426 0.01464821
v 0.07386120 -0.02906216 0.01720136
v 0.04432111 -0.02795907 0.03120621
v 0.04470197 -0.02798711 0.03123344
v 0.05505203 -0.02849029 0.03043005
v 0.05571352 -0.02842582 0.03035516
v 0.05636165 -0.02834733 0.03028708
v 0.05715678 -0.02856038 0.02985815
v 0.05765123 -0.02817352 0.03012367
v 0.05765123 -0.02849870 0.02978325
v 0.05830605 -0.02840479 0.02968113
v 0.05918135 -0.02857159 0.02921816
v 0.06061793 -0.02860943 0.02862583
v 0.06198101 -0.02863046 0.02800627
v 0.06327727 -0.02863326 0.02735947
v 0.06350446 -0.02878183 0.02700543
v 0.06415927 -0.02869073 0.02678757
v 0.06478067 -0.02875100 0.02633821
v 0.06550231 -0.02883650 0.02573226
v 0.06611035 -0.02871876 0.02554163
v 0.06804806 -0.02867951 0.02419357
v 0.06838883 -0.02860102 0.02406421
v 0.06674512 -0.02875941 0.02503781
v 0.06907705 -0.02862485 0.02345145
v 0.06951137 -0.02849870 0.02326082
v 0.07018622 -0.02851552 0.02262764
v 0.07050027 -0.02808242 0.02292721
v 0.07324647 -0.02912103 0.01790262
v 0.07260502 -0.02894442 0.01918260
v 0.07194353 -0.02872857 0.02045576
v 0.07129540 -0.02874679 0.02112299
v 0.07106154 -0.02864728 0.02155191
v 0.07042009 -0.02864447 0.02219190
v 0.06975859 -0.02863887 0.02282508
v 0.06607026 -0.02904814 0.02498334
v 0.06415927 -0.02896685 0.02633140
v 0.06357796 -0.02914766 0.02633140
v 0.06280956 -0.02904534 0.02693054
v 0.06219483 -0.02878464 0.02766585
v 0.06149993 -0.02903833 0.02757053
v 0.06086516 -0.02875800 0.02830583
v 0.06025712 -0.02892900 0.02827860
v 0.05962903 -0.02909860 0.02824456
v 0.05960899 -0.02874819 0.02881646
v 0.05896086 -0.02879304 0.02897306
v 0.05830605 -0.02867811 0.02936794
v 0.05672247 -0.02860663 0.02991942
v 0.07068067 -0.02829967 0.02245743
v 0.07170299 -0.02864167 0.02088469
v 0.06156006 -0.02869633 0.02809477
v 0.06285632 -0.02870755 0.02745479
f 1 2 3
f 1 3 4
f 1 4 5
f 1 5 14
f 1 14 6
f 1 6 7
f 1 7 8
f 1 8 2
f 2 8 9
f 2 9 10
f 2 10 3
f 3 11 12
f 3 12 4
f 3 10 11
f 4 12 13
f 4 13 5
f 5 13 14
f 6 14 15
f 6 15 7
f 7 16 17
f 7 17 18
f 7 18 19
f 7 19 52
f 7 52 8
f 7 15 20
f 7 20 16
f 8 21 22
f 8 22 23
f 8 23 24
f 8 24 25
f 8 25 26
f 8 26 27
f 8 27 28
f 8 28 29
f 8 29 30
f 8 30 31
f 8 31 32
f 8 32 33
f 8 33 34
f 8 34 35
f 8 35 36
f 8 36 37
f 8 37 38
f 8 38 39
f 8 39 40
f 8 40 41
f 8 41 42
f 8 42 43
f 8 43 44
f 8 44 45
f 8 45 46
f 8 46 47
f 8 47 48
f 8 48 49
f 8 49 50
f 8 50 51
f 8 51 9
f 8 52 53
f 8 53 54
f 8 54 21
f 9 51 55
f 9 55 10
f 10 55 11
f 11 55 56
f 11 56 57
f 11 57 58
f 11 58 59
f 11 59 60
f 11 60 12
f 12 60 61
f 12 61 13
f 13 61 14
f 14 61 15
f 15 61 20
f 16 20 62
f 16 62 173
f 16 173 174
f 16 174 63
f 16 63 17
f 17 63 18
f 18 64 52
f 18 52 19
f 18 63 65
f 18 65 66
f 18 66 67
f 18 67 200
f 18 200 368
f 18 368 306
f 18 306 504
f 18 504 733
f 18 733 739
f 18 739 937
f 18 937 1122
f 18 1122 1125
f 18 1125 1169
f 18 1169 1168
f 18 1168 1167
f 18 1167 1166
f 18 1166 980
f 18 980 784
f 18 784 783
f 18 783 782
f 18 782 781
f 18 781 779
f 18 779 582
f 18 582 581
f 18 581 343
f 18 343 179
f 18 179 64
f 20 61 62
f 21 68 69
f 21 69 70
f 21 70 22
f 21 54 68
f 22 70 71
f 22 71 72
f 22 72 73
f 22 73 23
f 23 73 74
f 23 74 24
f 24 74 75
f 24 75 76
f 24 76 25
f 25 76 26
f 26 77 78
f 26 78 27
f 26 76 77
f 27 78 28
f 28 78 79
f 28 79 29
f 29 79 80
f 29 80 81
f 29 81 82
f 29 82 30
f 30 82 31
f 31 82 83
f 31 83 32
f 32 83 33
f 33 83 34
f 34 83 84
f 34 84 35
f 35 84 36
f 36 84 37
f 37 85 38
f 37 84 86
f 37 86 85
f 38 87 88
f 38 88 39
f 38 85 87
f 39 88 89
f 39 89 40
f 40 89 90
f 40 90 41
f 41 90 91
f 41 91 42
f 42 91 43
f 43 92 93
f 43 93 44
f 43 91 92
f 44 93 45
f 45 93 46
f 46 93 47
f 47 93 94
f 47 94 48
f 48 94 95
f 48 95 96
f 48 96 49
f 49 96 50
f 50 96 55
f 50 55 51
f 52 64 97
f 52 97 98
f 52 98 99
f 52 99 100
f 52 100 101
f 52 101 102
f 52 102 103
f 52 103 104
f 52 104 105
f 52 105 106
f 52 106 107
f 52 107 108
f 52 108 109
f 52 109 110
f 52 110 111
f 52 111 112
f 52 112 113
f 52 113 114
f 52 114 54
f 52 54 53
f 54 114 115
f 54 115 116
f 54 116 117
f 54 117 118
f 54 118 119
f 54 119 120
f 54 120 121
f 54 121 122
f 54 122 123
f 54 123 124
f 54 124 125
f 54 125 126
f 54 126 127
f 54 127 128
f 54 128 129
f 54 129 130
f 54 130 131
f 54 131 132
f 54 132 133
f 54 133 134
f 54 134 135
f 54 135 136
f 54 136 137
f 54 137 138
f 54 138 139
f 54 139 140
f 54 140 141
f 54 141 142
f 54 142 143
f 54 143 144
f 54 144 145
f 54 145 146
f 54 146 147
f 54 147 148
f 54 148 149
f 54 149 150
f 54 150 151
f 54 151 152
f 54 152 153
f 54 153 154
f 54 154 155
f 54 155 156
f 54 156 157
f 54 157 158
f 54 158 68
f 55 159 56
f 55 96 160
f 55 160 159
f 56 159 162
f 56 162 57
f 57 161 58
f 57 162 163
f 57 163 161
f 58 164 59
f 58 161 164
f 59 165 60
f 59 164 165
f 60 165 61
f 61 166 303
f 61 303 167
f 61 167 173
f 61 173 62
f 61 165 168
f 61 168 302
f 61 302 169
f 61 169 170
f 61 170 171
f 61 171 172
f 61 172 166
f 63 174 303
f 63 303 175
f 63 175 176
f 63 176 177
f 63 177 178
f 63 178 65
f 64 179 180
f 64 180 181
f 64 181 182
f 64 182 183
f 64 183 184
f 64 184 185
f 64 185 186
f 64 186 187
f 64 187 188
f 64 188 189
f 64 189 190
f 64 190 191
f 64 191 192
f 64 192 193
f 64 193 97
f 65 178 194
f 65 194 195
f 65 195 196
f 65 196 197
f 65 197 198
f 65 198 199
f 65 199 66
f 66 200 67
f 66 199 201
f 66 201 202
f 66 202 203
f 66 203 204
f 66 204 368
f 66 368 200
f 68 158 69
f 69 205 206
f 69 206 70
f 69 158 157
f 69 157 207
f 69 207 205
f 70 208 209
f 70 209 71
f 70 206 205
f 70 205 208
f 71 209 72
f 72 209 73
f 73 209 74
f 74 210 211
f 74 211 212
f 74 212 75
f 74 209 210
f 75 212 213
f 75 213 76
f 76 212 214
f 76 214 77
f 76 213 212
f 77 214 212
f 77 212 215
f 77 215 78
f 78 215 79
f 79 215 216
f 79 216 80
f 80 216 81
f 81 216 217
f 81 217 82
f 82 218 83
f 82 217 218
f 83 219 220
f 83 220 221
f 83 221 84
f 83 218 222
f 83 222 223
f 83 223 219
f 84 220 86
f 84 221 220
f 85 224 225
f 85 225 87
f 85 86 220
f 85 220 224
f 87 225 226
f 87 226 88
f 88 226 89
f 89 226 90
f 90 226 91
f 91 227 228
f 91 228 92
f 91 226 227
f 92 228 229
f 92 229 230
f 92 230 93
f 93 229 94
f 93 230 229
f 94 229 231
f 94 231 95
f 95 231 232
f 95 232 233
f 95 233 96
f 96 233 160
f 97 234 235
f 97 235 98
f 97 193 234
f 98 235 99
f 99 235 236
f 99 236 237
f 99 237 238
f 99 238 100
f 100 238 101
f 101 238 102
f 102 239 103
f 102 238 240
f 102 240 239
f 103 239 104
f 104 239 241
f 104 241 105
f 105 241 106
f 106 241 242
f 106 242 107
f 107 242 243
f 107 243 244
f 107 244 108
f 108 244 245
f 108 245 109
f 109 245 110
f 110 246 247
f 110 247 111
f 110 245 246
f 111 247 112
f 112 247 113
f 113 247 248
f 113 248 249
f 113 249 114
f 114 249 250
f 114 250 115
f 115 250 251
f 115 251 252
f 115 252 253
f 115 253 254
f 115 254 255
f 115 255 116
f 116 255 428
f 116 428 256
f 116 256 257
f 116 257 117
f 117 257 258
f 117 258 118
f 118 258 259
f 118 259 119
f 119 259 260
f 119 260 120
f 120 260 261
f 120 261 121
f 121 261 262
f 121 262 122
f 122 262 263
f 122 263 123
f 123 263 264
f 123 264 124
f 124 264 265
f 124 265 125
f 125 265 266
f 125 266 126
f 126 266 267
f 126 267 127
f 127 267 268
f 127 268 128
f 128 268 269
f 128 269 129
f 129 269 270
f 129 270 130
f 130 270 271
f 130 271 132
f 130 132 131
f 132 271 272
f 132 272 273
f 132 273 133
f 133 273 134
f 134 273 274
f 134 274 275
f 134 275 135
f 135 275 276
f 135 276 277
f 135 277 136
f 136 277 137
f 137 277 138
f 138 277 278
f 138 278 139
f 139 278 279
f 139 279 280
f 139 280 140
f 140 280 281
f 140 281 141
f 141 281 142
f 142 281 282
f 142 282 283
f 142 283 284
f 142 284 143
f 143 284 144
f 144 284 145
f 145 284 285
f 145 285 146
f 146 285 286
f 146 286 147
f 147 286 287
f 147 287 148
f 148 287 288
f 148 288 289
f 148 289 149
f 149 289 290
f 149 290 291
f 149 291 150
f 150 291 151
f 151 291 292
f 151 292 152
f 152 292 293
f 152 293 153
f 153 293 294
f 153 294 154
f 154 294 295
f 154 295 155
f 155 295 156
f 156 295 296
f 156 296 297
f 156 297 157
f 157 297 207
f 159 160 298
f 159 298 162
f 160 233 299
f 160 299 298
f 161 163 300
f 161 300 301
f 161 301 302
f 161 302 164
f 162 298 163
f 163 298 300
f 164 302 165
f 165 302 168
f 166 172 303
f 167 174 173
f 167 303 174
f 169 302 304
f 169 304 170
f 170 305 306
f 170 306 307
f 170 307 171
f 170 304 308
f 170 308 309
f 170 309 310
f 170 310 311
f 170 311 312
f 170 312 313
f 170 313 314
f 170 314 315
f 170 315 316
f 170 316 317
f 170 317 318
f 170 318 319
f 170 319 320
f 170 320 321
f 170 321 322
f 170 322 323
f 170 323 324
f 170 324 325
f 170 325 326
f 170 326 327
f 170 327 328
f 170 328 329
f 170 329 330
f 170 330 331
f 170 331 332
f 170 332 333
f 170 333 334
f 170 334 305
f 171 307 172
f 172 307 335
f 172 335 336
f 172 336 337
f 172 337 338
f 172 338 303
f 175 303 338
f 175 338 176
f 176 339 177
f 176 338 337
f 176 337 339
f 177 339 340
f 177 340 178
f 178 340 194
f 179 341 342
f 179 342 180
f 179 343 341
f 180 342 341
f 180 341 344
f 180 344 345
f 180 345 346
f 180 346 181
f 181 346 347
f 181 347 182
f 182 347 183
f 183 347 348
f 183 348 349
f 183 349 350
f 183 350 184
f 184 350 185
f 185 350 351
f 185 351 186
f 186 351 352
f 186 352 353
f 186 353 354
f 186 354 187
f 187 354 188
f 188 355 356
f 188 356 190
f 188 190 189
f 188 354 353
f 188 353 357
f 188 357 358
f 188 358 359
f 188 359 360
f 188 360 361
f 188 361 355
f 190 356 355
f 190 355 362
f 190 362 191
f 191 362 192
f 192 362 193
f 193 362 363
f 193 363 364
f 193 364 234
f 194 365 197
f 194 197 196
f 194 196 195
f 194 340 366
f 194 366 365
f 197 365 198
f 198 365 199
f 199 365 367
f 199 367 201
f 201 367 369
f 201 369 370
f 201 370 202
f 202 370 371
f 202 371 372
f 202 372 203
f 203 372 204
f 204 372 373
f 204 373 374
f 204 374 375
f 204 375 376
f 204 376 306
f 204 306 368
f 205 377 378
f 205 378 208
f 205 207 379
f 205 379 377
f 207 297 379
f 208 378 380
f 208 380 381
f 208 381 209
f 209 381 210
f 210 382 211
f 210 381 382
f 211 382 383
f 211 383 212
f 212 383 384
f 212 384 215
f 215 384 385
f 215 385 386
f 215 386 387
f 215 387 388
f 215 388 216
f 216 389 390
f 216 390 222
f 216 222 217
f 216 388 389
f 217 222 218
f 219 223 391
f 219 391 392
f 219 392 220
f 220 392 393
f 220 393 224
f 222 390 223
f 223 390 391
f 224 393 394
f 224 394 395
f 224 395 225
f 225 395 396
f 225 396 397
f 225 397 226
f 226 397 396
f 226 396 398
f 226 398 227
f 227 399 228
f 227 398 396
f 227 396 400
f 227 400 399
f 228 399 401
f 228 401 402
f 228 402 229
f 229 402 403
f 229 403 231
f 231 403 232
f 232 404 405
f 232 405 406
f 232 406 233
f 232 403 404
f 233 406 405
f 233 405 299
f 234 364 407
f 234 407 235
f 235 407 408
f 235 408 409
f 235 409 236
f 236 409 237
f 237 409 410
f 237 410 411
f 237 411 238
f 238 411 240
f 239 412 241
f 239 240 412
f 240 411 412
f 241 412 413
f 241 413 414
f 241 414 243
f 241 243 242
f 243 414 244
f 244 414 415
f 244 415 245
f 245 415 416
f 245 416 246
f 246 417 247
f 246 416 417
f 247 417 418
f 247 418 419
f 247 419 248
f 248 419 420
f 248 420 249
f 249 420 250
f 250 420 251
f 251 420 421
f 251 421 422
f 251 422 252
f 252 422 253
f 253 422 423
f 253 423 424
f 253 424 425
f 253 425 426
f 253 426 427
f 253 427 254
f 254 427 428
f 254 428 255
f 256 428 660
f 256 660 429
f 256 429 430
f 256 430 257
f 257 430 258
f 258 431 259
f 258 430 431
f 259 431 260
f 260 431 261
f 261 431 262
f 262 432 433
f 262 433 263
f 262 431 432
f 263 433 434
f 263 434 264
f 264 434 265
f 265 435 266
f 265 434 435
f 266 435 267
f 267 435 268
f 268 436 437
f 268 437 269
f 268 435 436
f 269 437 438
f 269 438 271
f 269 271 270
f 271 438 272
f 272 438 439
f 272 439 440
f 272 440 273
f 273 441 274
f 273 440 441
f 274 441 275
f 275 441 276
f 276 441 442
f 276 442 443
f 276 443 444
f 276 444 445
f 276 445 446
f 276 446 277
f 277 446 278
f 278 446 447
f 278 447 279
f 279 448 280
f 279 447 448
f 280 448 281
f 281 448 449
f 281 449 450
f 281 450 282
f 282 450 283
f 283 450 451
f 283 451 284
f 284 451 285
f 285 452 453
f 285 453 454
f 285 454 286
f 285 451 455
f 285 455 452
f 286 454 456
f 286 456 287
f 287 456 288
f 288 456 289
f 289 456 290
f 290 457 291
f 290 456 457
f 291 457 292
f 292 457 458
f 292 458 459
f 292 459 293
f 293 459 460
f 293 460 294
f 294 460 461
f 294 461 295
f 295 461 296
f 296 462 297
f 296 461 462
f 297 462 379
f 298 299 463
f 298 463 300
f 299 464 463
f 299 405 465
f 299 465 464
f 300 466 301
f 300 463 467
f 300 467 466
f 301 468 302
f 301 466 468
f 302 468 304
f 304 468 466
f 304 466 469
f 304 469 470
f 304 470 471
f 304 471 472
f 304 472 473
f 304 473 474
f 304 474 475
f 304 475 476
f 304 476 477
f 304 477 478
f 304 478 479
f 304 479 480
f 304 480 481
f 304 481 482
f 304 482 483
f 304 483 484
f 304 484 485
f 304 485 486
f 304 486 487
f 304 487 488
f 304 488 489
f 304 489 490
f 304 490 491
f 304 491 492
f 304 492 493
f 304 493 494
f 304 494 495
f 304 495 496
f 304 496 308
f 305 334 497
f 305 497 498
f 305 498 499
f 305 499 500
f 305 500 501
f 305 501 502
f 305 502 503
f 305 503 306
f 306 376 505
f 306 505 506
f 306 506 507
f 306 507 508
f 306 508 509
f 306 509 510
f 306 510 511
f 306 511 512
f 306 512 513
f 306 513 514
f 306 514 515
f 306 515 516
f 306 516 517
f 306 517 518
f 306 518 519
f 306 519 520
f 306 520 307
f 306 503 521
f 306 521 522
f 306 522 523
f 306 523 524
f 306 524 525
f 306 525 526
f 306 526 527
f 306 527 528
f 306 528 529
f 306 529 530
f 306 530 531
f 306 531 532
f 306 532 533
f 306 533 534
f 306 534 535
f 306 535 504
f 307 520 375
f 307 375 536
f 307 536 537
f 307 537 538
f 307 538 539
f 307 539 540
f 307 540 541
f 307 541 542
f 307 542 543
f 307 543 544
f 307 544 335
f 308 496 545
f 308 545 546
f 308 546 309
f 309 546 547
f 309 547 310
f 310 547 548
f 310 548 311
f 311 548 549
f 311 549 550
f 311 550 312
f 312 550 551
f 312 551 552
f 312 552 313
f 313 553 554
f 313 554 314
f 313 552 553
f 314 554 315
f 315 554 555
f 315 555 316
f 316 555 556
f 316 556 557
f 316 557 558
f 316 558 559
f 316 559 318
f 316 318 317
f 318 559 560
f 318 560 561
f 318 561 319
f 319 561 562
f 319 562 563
f 319 563 320
f 320 563 564
f 320 564 321
f 321 564 322
f 322 564 565
f 322 565 566
f 322 566 567
f 322 567 323
f 323 567 568
f 323 568 324
f 324 568 569
f 324 569 570
f 324 570 325
f 325 570 326
f 326 570 571
f 326 571 327
f 327 572 328
f 327 571 573
f 327 573 572
f 328 572 329
f 329 572 574
f 329 574 330
f 330 575 332
f 330 332 331
f 330 574 576
f 330 576 575
f 332 577 333
f 332 575 577
f 333 577 334
f 334 577 578
f 334 578 497
f 335 544 579
f 335 579 336
f 336 579 604
f 336 604 580
f 336 580 339
f 336 339 337
f 339 580 340
f 340 580 366
f 341 343 581
f 341 581 582
f 341 582 583
f 341 583 584
f 341 584 585
f 341 585 586
f 341 586 344
f 344 586 587
f 344 587 588
f 344 588 589
f 344 589 345
f 345 590 591
f 345 591 592
f 345 592 593
f 345 593 346
f 345 589 590
f 346 593 348
f 346 348 347
f 348 593 592
f 348 592 591
f 348 591 594
f 348 594 350
f 348 350 595
f 348 595 349
f 349 595 350
f 350 596 597
f 350 597 351
f 350 594 596
f 351 597 352
f 352 597 598
f 352 598 353
f 353 598 357
f 355 361 360
f 355 360 362
f 357 599 600
f 357 600 358
f 357 598 599
f 358 600 359
f 359 600 601
f 359 601 602
f 359 602 603
f 359 603 360
f 360 364 362
f 360 603 364
f 362 364 363
f 364 603 407
f 365 366 367
f 366 580 604
f 366 604 605
f 366 605 367
f 367 605 369
f 369 605 743
f 369 743 606
f 369 606 370
f 370 606 541
f 370 541 371
f 371 607 372
f 371 541 607
f 372 607 541
f 372 541 540
f 372 540 373
f 373 540 374
f 374 540 539
f 374 539 538
f 374 538 375
f 375 608 508
f 375 508 507
f 375 507 506
f 375 506 505
f 375 505 376
f 375 538 537
f 375 537 536
f 375 520 608
f 377 379 609
f 377 609 610
f 377 610 378
f 378 610 380
f 379 462 611
f 379 611 609
f 380 610 612
f 380 612 613
f 380 613 614
f 380 614 381
f 381 614 615
f 381 615 382
f 382 616 617
f 382 617 618
f 382 618 619
f 382 619 383
f 382 615 620
f 382 620 616
f 383 619 384
f 384 619 385
f 385 619 386
f 386 619 621
f 386 621 388
f 386 388 387
f 388 621 622
f 388 622 389
f 389 622 390
f 390 622 391
f 391 623 624
f 391 624 625
f 391 625 626
f 391 626 394
f 391 394 393
f 391 393 392
f 391 622 623
f 394 626 395
f 395 626 627
f 395 627 628
f 395 628 629
f 395 629 630
f 395 630 396
f 396 631 400
f 396 630 631
f 399 632 633
f 399 633 634
f 399 634 635
f 399 635 401
f 399 400 631
f 399 631 632
f 401 635 636
f 401 636 403
f 401 403 402
f 403 636 404
f 404 636 405
f 405 636 637
f 405 637 465
f 407 603 408
f 408 602 638
f 408 638 639
f 408 639 409
f 408 603 602
f 409 639 410
f 410 639 640
f 410 640 641
f 410 641 642
f 410 642 412
f 410 412 411
f 412 642 643
f 412 643 413
f 413 644 414
f 413 643 645
f 413 645 646
f 413 646 644
f 414 644 415
f 415 644 647
f 415 647 416
f 416 647 418
f 416 418 417
f 418 647 846
f 418 846 648
f 418 648 649
f 418 649 650
f 418 650 419
f 419 650 651
f 419 651 420
f 420 651 422
f 420 422 421
f 422 652 653
f 422 653 423
f 422 651 652
f 423 653 654
f 423 654 655
f 423 655 424
f 424 655 854
f 424 854 656
f 424 656 657
f 424 657 425
f 425 657 426
f 426 657 658
f 426 658 659
f 426 659 660
f 426 660 428
f 426 428 427
f 429 660 659
f 429 659 661
f 429 661 430
f 430 661 662
f 430 662 663
f 430 663 664
f 430 664 431
f 431 664 663
f 431 663 665
f 431 665 666
f 431 666 432
f 432 666 667
f 432 667 668
f 432 668 669
f 432 669 433
f 433 669 434
f 434 669 670
f 434 670 671
f 434 671 672
f 434 672 435
f 435 672 673
f 435 673 436
f 436 673 672
f 436 672 674
f 436 674 439
f 436 439 437
f 437 439 438
f 439 674 675
f 439 675 676
f 439 676 440
f 440 676 677
f 440 677 678
f 440 678 679
f 440 679 441
f 441 679 680
f 441 680 442
f 442 680 681
f 442 681 443
f 443 681 444
f 444 681 445
f 445 681 682
f 445 682 683
f 445 683 447
f 445 447 446
f 447 684 448
f 447 683 684
f 448 685 686
f 448 686 449
f 448 684 685
f 449 686 450
f 450 686 687
f 450 687 451
f 451 687 686
f 451 686 688
f 451 688 455
f 452 455 689
f 452 689 453
f 453 690 454
f 453 689 690
f 454 690 691
f 454 691 692
f 454 692 456
f 455 688 689
f 456 692 457
f 457 692 693
f 457 693 694
f 457 694 458
f 458 694 459
f 459 694 695
f 459 695 460
f 460 696 697
f 460 697 461
f 460 695 696
f 461 697 698
f 461 698 462
f 462 698 611
f 463 464 699
f 463 699 467
f 464 465 700
f 464 700 699
f 465 637 700
f 466 467 469
f 467 699 701
f 467 701 471
f 467 471 469
f 469 471 470
f 471 473 472
f 471 701 702
f 471 702 473
f 473 702 703
f 473 703 474
f 474 703 475
f 475 703 704
f 475 704 705
f 475 705 476
f 476 705 706
f 476 706 707
f 476 707 477
f 477 707 478
f 478 707 708
f 478 708 709
f 478 709 710
f 478 710 479
f 479 710 480
f 480 710 481
f 481 710 711
f 481 711 712
f 481 712 713
f 481 713 714
f 481 714 482
f 482 714 483
f 483 714 715
f 483 715 716
f 483 716 484
f 484 716 717
f 484 717 718
f 484 718 485
f 485 718 719
f 485 719 486
f 486 719 487
f 487 719 720
f 487 720 488
f 488 721 722
f 488 722 490
f 488 490 489
f 488 720 721
f 490 722 723
f 490 723 492
f 490 492 491
f 492 723 724
f 492 724 725
f 492 725 493
f 493 725 494
f 494 725 726
f 494 726 545
f 494 545 495
f 495 545 496
f 497 578 727
f 497 727 498
f 498 727 728
f 498 728 499
f 499 728 729
f 499 729 500
f 500 729 501
f 501 729 730
f 501 730 502
f 502 730 731
f 502 731 732
f 502 732 522
f 502 522 521
f 502 521 503
f 504 535 733
f 508 608 509
f 509 608 510
f 510 608 511
f 511 608 512
f 512 608 513
f 513 608 514
f 514 608 515
f 515 608 516
f 516 608 517
f 517 608 518
f 518 608 519
f 519 608 520
f 522 732 523
f 523 732 734
f 523 734 524
f 524 734 525
f 525 734 735
f 525 735 736
f 525 736 526
f 526 736 527
f 527 736 528
f 528 736 529
f 529 736 737
f 529 737 530
f 530 737 534
f 530 534 531
f 531 534 532
f 532 534 533
f 534 737 738
f 534 738 535
f 535 739 733
f 535 738 740
f 535 740 741
f 535 741 742
f 535 742 739
f 541 606 542
f 542 606 743
f 542 743 543
f 543 743 579
f 543 579 544
f 545 726 725
f 545 725 744
f 545 744 546
f 546 744 745
f 546 745 547
f 547 745 548
f 548 745 746
f 548 746 549
f 549 747 748
f 549 748 551
f 549 551 550
f 549 746 747
f 551 749 553
f 551 553 552
f 551 748 749
f 553 750 751
f 553 751 554
f 553 749 750
f 554 751 752
f 554 752 555
f 555 752 753
f 555 753 556
f 556 753 557
f 557 753 754
f 557 754 755
f 557 755 756
f 557 756 558
f 558 756 757
f 558 757 559
f 559 757 560
f 560 757 758
f 560 758 759
f 560 759 562
f 560 562 561
f 562 759 760
f 562 760 761
f 562 761 563
f 563 761 565
f 563 565 564
f 565 761 762
f 565 762 763
f 565 763 566
f 566 763 567
f 567 763 764
f 567 764 568
f 568 764 765
f 568 765 569
f 569 766 570
f 569 765 767
f 569 767 766
f 570 766 768
f 570 768 571
f 571 768 573
f 572 573 769
f 572 769 574
f 573 768 770
f 573 770 771
f 573 771 769
f 574 769 772
f 574 772 576
f 575 773 577
f 575 576 774
f 575 774 775
f 575 775 773
f 576 772 776
f 576 776 774
f 577 773 777
f 577 777 578
f 578 777 778
f 578 778 727
f 579 743 605
f 579 605 604
f 582 779 584
f 582 584 583
f 584 780 585
f 584 779 781
f 584 781 782
f 584 782 783
f 584 783 784
f 584 784 780
f 585 780 785
f 585 785 586
f 586 785 587
f 587 786 787
f 587 787 588
f 587 785 788
f 587 788 789
f 587 789 786
f 588 787 790
f 588 790 590
f 588 590 589
f 590 790 791
f 590 791 591
f 591 791 792
f 591 792 793
f 591 793 794
f 591 794 594
f 594 794 795
f 594 795 596
f 596 795 796
f 596 796 597
f 597 796 797
f 597 797 798
f 597 798 598
f 598 798 799
f 598 799 599
f 599 799 800
f 599 800 801
f 599 801 600
f 600 801 802
f 600 802 601
f 601 802 803
f 601 803 804
f 601 804 805
f 601 805 602
f 602 805 639
f 602 639 638
f 609 806 807
f 609 807 610
f 609 611 808
f 609 808 806
f 610 807 809
f 610 809 612
f 611 698 808
f 612 810 811
f 612 811 613
f 612 809 807
f 612 807 812
f 612 812 810
f 613 811 620
f 613 620 614
f 614 620 615
f 616 813 618
f 616 618 617
f 616 620 813
f 618 814 815
f 618 815 816
f 618 816 619
f 618 813 814
f 619 816 621
f 620 817 818
f 620 818 813
f 620 811 819
f 620 819 817
f 621 820 821
f 621 821 622
f 621 816 815
f 621 815 822
f 621 822 820
f 622 821 823
f 622 823 824
f 622 824 623
f 623 824 825
f 623 825 624
f 624 826 827
f 624 827 628
f 624 628 627
f 624 627 625
f 624 825 828
f 624 828 826
f 625 627 626
f 628 827 629
f 629 829 830
f 629 830 631
f 629 631 630
f 629 827 831
f 629 831 832
f 629 832 829
f 631 830 632
f 632 830 833
f 632 833 834
f 632 834 633
f 633 834 835
f 633 835 836
f 633 836 837
f 633 837 636
f 633 636 635
f 633 635 634
f 636 837 838
f 636 838 637
f 637 838 700
f 639 805 839
f 639 839 640
f 640 840 641
f 640 839 840
f 641 643 642
f 641 840 841
f 641 841 842
f 641 842 843
f 641 843 645
f 641 645 643
f 644 646 846
f 644 846 647
f 645 843 844
f 645 844 845
f 645 845 646
f 646 845 846
f 648 846 845
f 648 845 847
f 648 847 649
f 649 847 848
f 649 848 650
f 650 848 849
f 650 849 651
f 651 849 652
f 652 850 851
f 652 851 653
f 652 849 850
f 653 852 654
f 653 851 852
f 654 852 655
f 655 852 853
f 655 853 1046
f 655 1046 854
f 656 854 855
f 656 855 657
f 657 855 856
f 657 856 857
f 657 857 658
f 658 857 659
f 659 857 858
f 659 858 661
f 661 858 859
f 661 859 662
f 662 859 860
f 662 860 861
f 662 861 663
f 663 861 862
f 663 862 667
f 663 667 665
f 665 667 666
f 667 862 863
f 667 863 864
f 667 864 865
f 667 865 866
f 667 866 668
f 668 866 669
f 669 866 867
f 669 867 670
f 670 867 671
f 671 867 868
f 671 868 672
f 672 868 869
f 672 869 674
f 674 869 867
f 674 867 870
f 674 870 676
f 674 676 675
f 676 871 677
f 676 870 871
f 677 872 873
f 677 873 678
f 677 871 872
f 678 873 874
f 678 874 679
f 679 874 681
f 679 681 680
f 681 875 876
f 681 876 877
f 681 877 682
f 681 874 878
f 681 878 875
f 682 879 880
f 682 880 685
f 682 685 684
f 682 684 683
f 682 877 879
f 685 880 881
f 685 881 686
f 686 881 882
f 686 882 883
f 686 883 884
f 686 884 885
f 686 885 688
f 688 885 886
f 688 886 689
f 689 886 691
f 689 691 690
f 691 887 888
f 691 888 889
f 691 889 692
f 691 886 887
f 692 889 693
f 693 889 890
f 693 890 891
f 693 891 694
f 694 891 892
f 694 892 893
f 694 893 894
f 694 894 695
f 695 894 895
f 695 895 696
f 696 895 697
f 697 896 897
f 697 897 808
f 697 808 698
f 697 895 896
f 699 700 898
f 699 898 899
f 699 899 702
f 699 702 701
f 700 838 900
f 700 900 898
f 702 899 704
f 702 704 703
f 704 899 901
f 704 901 902
f 704 902 705
f 705 902 903
f 705 903 904
f 705 904 706
f 706 904 707
f 707 904 905
f 707 905 708
f 708 905 709
f 709 711 710
f 709 905 906
f 709 906 907
f 709 907 711
f 711 907 908
f 711 908 909
f 711 909 712
f 712 909 910
f 712 910 713
f 713 715 714
f 713 910 911
f 713 911 912
f 713 912 913
f 713 913 914
f 713 914 715
f 715 914 716
f 716 914 915
f 716 915 717
f 717 915 916
f 717 916 917
f 717 917 719
f 717 719 718
f 719 917 720
f 720 917 918
f 720 918 721
f 721 918 919
f 721 919 920
f 721 920 722
f 722 920 921
f 722 921 723
f 723 921 922
f 723 922 724
f 724 922 923
f 724 923 924
f 724 924 725
f 725 924 925
f 725 925 744
f 727 778 926
f 727 926 927
f 727 927 728
f 728 927 928
f 728 928 729
f 729 928 929
f 729 929 930
f 729 930 931
f 729 931 730
f 730 931 731
f 731 931 932
f 731 932 933
f 731 933 934
f 731 934 735
f 731 735 734
f 731 734 732
f 735 934 736
f 736 934 935
f 736 935 738
f 736 738 737
f 738 935 936
f 738 936 740
f 739 742 937
f 740 936 741
f 741 936 938
f 741 938 939
f 741 939 940
f 741 940 742
f 742 940 941
f 742 941 937
f 744 942 943
f 744 943 745
f 744 925 942
f 745 943 944
f 745 944 746
f 746 944 747
f 747 945 946
f 747 946 748
f 747 944 945
f 748 946 947
f 748 947 749
f 749 947 948
f 749 948 750
f 750 949 950
f 750 950 751
f 750 948 949
f 751 950 951
f 751 951 752
f 752 951 952
f 752 952 753
f 753 952 754
f 754 952 953
f 754 953 954
f 754 954 955
f 754 955 755
f 755 955 956
f 755 956 957
f 755 957 756
f 756 957 958
f 756 958 758
f 756 758 757
f 758 958 959
f 758 959 960
f 758 960 759
f 759 960 760
f 760 960 961
f 760 961 962
f 760 962 762
f 760 762 761
f 762 962 963
f 762 963 763
f 763 963 964
f 763 964 965
f 763 965 764
f 764 965 966
f 764 966 765
f 765 966 967
f 765 967 767
f 766 767 768
f 767 967 968
f 767 968 969
f 767 969 768
f 768 969 770
f 769 771 970
f 769 970 772
f 770 969 771
f 771 969 971
f 771 971 970
f 772 970 776
f 773 775 777
f 774 776 972
f 774 972 775
f 775 973 777
f 775 972 974
f 775 974 973
f 776 970 975
f 776 975 972
f 777 973 778
f 778 973 976
f 778 976 977
f 778 977 926
f 780 978 979
f 780 979 785
f 780 784 980
f 780 980 978
f 785 981 788
f 785 979 939
f 785 939 981
f 786 982 787
f 786 789 983
f 786 983 984
f 786 984 982
f 787 982 985
f 787 985 790
f 788 981 983
f 788 983 789
f 790 986 987
f 790 987 792
f 790 792 791
f 790 985 988
f 790 988 989
f 790 989 986
f 792 987 990
f 792 990 793
f 793 990 991
f 793 991 992
f 793 992 993
f 793 993 794
f 794 993 795
f 795 993 796
f 796 993 992
f 796 992 991
f 796 991 994
f 796 994 995
f 796 995 996
f 796 996 997
f 796 997 798
f 796 798 797
f 798 997 799
f 799 997 998
f 799 998 999
f 799 999 800
f 800 999 1000
f 800 1000 1001
f 800 1001 802
f 800 802 801
f 802 1001 803
f 803 1001 1000
f 803 1000 804
f 804 1002 1003
f 804 1003 805
f 804 1000 1002
f 805 1003 839
f 806 808 1004
f 806 1004 1005
f 806 1005 812
f 806 812 807
f 808 897 1004
f 810 1006 811
f 810 812 1007
f 810 1007 1008
f 810 1008 1009
f 810 1009 1006
f 811 1006 1010
f 811 1010 1011
f 811 1011 819
f 812 1005 1012
f 812 1012 1007
f 813 818 1013
f 813 1013 1014
f 813 1014 1015
f 813 1015 1016
f 813 1016 814
f 814 1016 820
f 814 820 822
f 814 822 815
f 817 819 1017
f 817 1017 1018
f 817 1018 818
f 818 1018 1013
f 819 1011 1017
f 820 1019 823
f 820 823 821
f 820 1016 1019
f 823 1019 825
f 823 825 824
f 825 1019 1020
f 825 1020 1021
f 825 1021 1022
f 825 1022 1023
f 825 1023 828
f 826 828 1024
f 826 1024 831
f 826 831 827
f 828 1023 1024
f 829 1025 834
f 829 834 830
f 829 832 1025
f 830 834 833
f 831 1026 1027
f 831 1027 832
f 831 1024 1028
f 831 1028 1026
f 832 1027 1029
f 832 1029 1025
f 834 1030 1031
f 834 1031 835
f 834 1025 1030
f 835 1032 836
f 835 1031 1030
f 835 1030 1033
f 835 1033 1032
f 836 1032 1034
f 836 1034 837
f 837 1035 838
f 837 1034 1035
f 838 1036 900
f 838 1035 1036
f 839 1003 1037
f 839 1037 840
f 840 1038 1039
f 840 1039 841
f 840 1037 1038
f 841 1039 842
f 842 1039 845
f 842 845 844
f 842 844 843
f 845 1039 1040
f 845 1040 847
f 847 1040 1041
f 847 1041 848
f 848 1041 849
f 849 1041 1042
f 849 1042 850
f 850 1043 851
f 850 1042 1044
f 850 1044 1043
f 851 1043 852
f 852 1043 853
f 853 1043 1045
f 853 1045 1046
f 854 1046 1047
f 854 1047 855
f 855 1047 1048
f 855 1048 856
f 856 1048 1049
f 856 1049 857
f 857 1049 1050
f 857 1050 1051
f 857 1051 1052
f 857 1052 858
f 858 1052 1051
f 858 1051 1053
f 858 1053 859
f 859 1053 1054
f 859 1054 1055
f 859 1055 860
f 860 1055 861
f 861 1055 863
f 861 863 862
f 863 1056 1057
f 863 1057 864
f 863 1055 1056
f 864 1057 1058
f 864 1058 865
f 865 1058 1059
f 865 1059 1060
f 865 1060 866
f 866 1060 1061
f 866 1061 1062
f 866 1062 867
f 867 1062 1063
f 867 1063 1064
f 867 1064 1065
f 867 1065 870
f 867 869 868
f 870 1065 1066
f 870 1066 1067
f 870 1067 871
f 871 1067 872
f 872 1068 1069
f 872 1069 873
f 872 1067 1066
f 872 1066 1070
f 872 1070 1068
f 873 1069 875
f 873 875 874
f 874 875 878
f 875 1071 1072
f 875 1072 1073
f 875 1073 876
f 875 1069 1071
f 876 1073 877
f 877 1073 879
f 879 1073 1074
f 879 1074 880
f 880 1074 1075
f 880 1075 881
f 881 1075 882
f 882 1076 1077
f 882 1077 1078
f 882 1078 1079
f 882 1079 884
f 882 884 883
f 882 1075 1074
f 882 1074 1080
f 882 1080 1076
f 884 1081 885
f 884 1079 1078
f 884 1078 1082
f 884 1082 1081
f 885 1081 886
f 886 1081 1082
f 886 1082 1083
f 886 1083 887
f 887 1083 1082
f 887 1082 1084
f 887 1084 1085
f 887 1085 1086
f 887 1086 888
f 888 1086 889
f 889 1086 890
f 890 1087 891
f 890 1086 1087
f 891 1087 1088
f 891 1088 893
f 891 893 892
f 893 1088 1089
f 893 1089 894
f 894 1089 1090
f 894 1090 895
f 895 1090 1091
f 895 1091 896
f 896 1092 1005
f 896 1005 897
f 896 1091 1092
f 897 1005 1004
f 898 900 901
f 898 901 899
f 900 1036 1093
f 900 1093 901
f 901 1093 1094
f 901 1094 902
f 902 1094 903
f 903 1094 1095
f 903 1095 904
f 904 1095 906
f 904 906 905
f 906 1096 1097
f 906 1097 1098
f 906 1098 907
f 906 1095 1096
f 907 1098 1097
f 907 1097 1099
f 907 1099 908
f 908 1099 1100
f 908 1100 911
f 908 911 910
f 908 910 909
f 911 1100 1101
f 911 1101 1102
f 911 1102 1103
f 911 1103 912
f 912 1103 913
f 913 1103 1104
f 913 1104 914
f 914 1104 915
f 915 1104 1105
f 915 1105 916
f 916 1105 1106
f 916 1106 1107
f 916 1107 917
f 917 1107 918
f 918 1108 919
f 918 1107 1108
f 919 1109 1110
f 919 1110 920
f 919 1108 1109
f 920 1110 1111
f 920 1111 921
f 921 1111 1112
f 921 1112 922
f 922 1112 923
f 923 1112 1113
f 923 1113 1114
f 923 1114 924
f 924 1114 942
f 924 942 925
f 926 977 1115
f 926 1115 927
f 927 1115 929
f 927 929 928
f 929 1115 1116
f 929 1116 1117
f 929 1117 930
f 930 1117 1118
f 930 1118 931
f 931 1118 1119
f 931 1119 1120
f 931 1120 932
f 932 1120 933
f 933 935 934
f 933 1120 935
f 935 1120 936
f 936 1120 1121
f 936 1121 939
f 936 939 938
f 937 941 1122
f 939 1121 1123
f 939 1123 983
f 939 983 981
f 939 979 940
f 940 979 1124
f 940 1124 941
f 941 1124 1125
f 941 1125 1122
f 942 1126 1127
f 942 1127 943
f 942 1114 1126
f 943 1127 1128
f 943 1128 944
f 944 1128 1129
f 944 1129 945
f 945 1129 1130
f 945 1130 946
f 946 1130 1131
f 946 1131 947
f 947 1131 948
f 948 1131 949
f 949 1132 1133
f 949 1133 950
f 949 1131 1134
f 949 1134 1132
f 950 1133 1135
f 950 1135 951
f 951 1135 1136
f 951 1136 952
f 952 1136 1137
f 952 1137 953
f 953 1137 954
f 954 1137 1138
f 954 1138 1139
f 954 1139 1140
f 954 1140 955
f 955 1140 956
f 956 1140 1141
f 956 1141 1142
f 956 1142 957
f 957 1142 959
f 957 959 958
f 959 1142 1143
f 959 1143 960
f 960 1143 961
f 961 1143 1144
f 961 1144 962
f 962 1144 1145
f 962 1145 963
f 963 1145 1146
f 963 1146 1147
f 963 1147 964
f 964 1147 965
f 965 1147 1148
f 965 1148 966
f 966 1149 967
f 966 1148 1150
f 966 1150 1151
f 966 1151 1149
f 967 1149 968
f 968 1152 969
f 968 1149 1151
f 968 1151 1153
f 968 1153 1152
f 969 1152 1154
f 969 1154 971
f 970 971 1155
f 970 1155 1156
f 970 1156 975
f 971 1154 1157
f 971 1157 1155
f 972 975 1158
f 972 1158 1159
f 972 1159 974
f 973 974 1160
f 973 1160 1161
f 973 1161 976
f 974 1159 1162
f 974 1162 1163
f 974 1163 1160
f 975 1156 1158
f 976 1161 1164
f 976 1164 1165
f 976 1165 977
f 977 1165 1115
f 978 980 1166
f 978 1166 979
f 979 1166 1167
f 979 1167 1168
f 979 1168 1169
f 979 1169 1124
f 982 1170 985
f 982 984 1170
f 983 1123 984
f 984 1123 1171
f 984 1171 1172
f 984 1172 1173
f 984 1173 1170
f 985 1170 988
f 986 1174 1175
f 986 1175 987
f 986 989 1174
f 987 1175 990
f 988 1170 989
f 989 1170 1176
f 989 1176 1177
f 989 1177 1178
f 989 1178 1179
f 989 1179 1180
f 989 1180 1175
f 989 1175 1174
f 990 1175 1181
f 990 1181 991
f 991 1182 1183
f 991 1183 995
f 991 995 994
f 991 1181 1184
f 991 1184 1182
f 995 1185 1186
f 995 1186 996
f 995 1183 1185
f 996 1186 997
f 997 1186 998
f 998 1186 1187
f 998 1187 1188
f 998 1188 1002
f 998 1002 999
f 999 1002 1000
f 1002 1188 1189
f 1002 1189 1037
f 1002 1037 1003
f 1005 1092 1190
f 1005 1190 1012
f 1006 1009 1010
f 1007 1012 1191
f 1007 1191 1008
f 1008 1192 1193
f 1008 1193 1009
f 1008 1191 1194
f 1008 1194 1195
f 1008 1195 1192
f 1009 1011 1010
f 1009 1193 1196
f 1009 1196 1017
f 1009 1017 1011
f 1012 1190 1191
f 1013 1018 1014
f 1014 1018 1197
f 1014 1197 1198
f 1014 1198 1015
f 1015 1198 1016
f 1016 1198 1199
f 1016 1199 1200
f 1016 1200 1019
f 1017 1201 1018
f 1017 1196 1201
f 1018 1202 1203
f 1018 1203 1204
f 1018 1204 1197
f 1018 1201 1202
f 1019 1200 1205
f 1019 1205 1020
f 1020 1205 1200
f 1020 1200 1206
f 1020 1206 1207
f 1020 1207 1022
f 1020 1022 1021
f 1022 1028 1023
f 1022 1207 1028
f 1023 1028 1024
f 1025 1029 1030
f 1026 1029 1027
f 1026 1028 1208
f 1026 1208 1209
f 1026 1209 1210
f 1026 1210 1211
f 1026 1211 1029
f 1028 1207 1212
f 1028 1212 1213
f 1028 1213 1214
f 1028 1214 1209
f 1028 1209 1208
f 1029 1211 1215
f 1029 1215 1030
f 1030 1215 1216
f 1030 1216 1217
f 1030 1217 1033
f 1032 1033 1218
f 1032 1218 1034
f 1033 1217 1218
f 1034 1218 1219
f 1034 1219 1220
f 1034 1220 1035
f 1035 1220 1036
f 1036 1220 1093
f 1037 1189 1221
f 1037 1221 1038
f 1038 1221 1222
f 1038 1222 1223
f 1038 1223 1039
f 1039 1222 1224
f 1039 1224 1225
f 1039 1225 1226
f 1039 1226 1040
f 1039 1223 1222
f 1040 1227 1042
f 1040 1042 1041
f 1040 1226 1227
f 1042 1227 1044
f 1043 1044 1045
f 1044 1227 1228
f 1044 1228 1045
f 1045 1228 1229
f 1045 1229 1046
f 1046 1229 1230
f 1046 1230 1231
f 1046 1231 1232
f 1046 1232 1047
f 1047 1232 1233
f 1047 1233 1048
f 1048 1233 1234
f 1048 1234 1235
f 1048 1235 1236
f 1048 1236 1237
f 1048 1237 1049
f 1049 1237 1238
f 1049 1238 1050
f 1050 1238 1239
f 1050 1239 1051
f 1051 1239 1053
f 1053 1239 1240
f 1053 1240 1241
f 1053 1241 1055
f 1053 1055 1054
f 1055 1241 1056
f 1056 1241 1242
f 1056 1242 1243
f 1056 1243 1244
f 1056 1244 1057
f 1057 1244 1245
f 1057 1245 1246
f 1057 1246 1058
f 1058 1246 1059
f 1059 1061 1060
f 1059 1246 1247
f 1059 1247 1061
f 1061 1247 1248
f 1061 1248 1249
f 1061 1249 1062
f 1062 1249 1250
f 1062 1250 1063
f 1063 1250 1064
f 1064 1250 1065
f 1065 1250 1066
f 1066 1250 1070
f 1068 1070 1251
f 1068 1251 1252
f 1068 1252 1253
f 1068 1253 1069
f 1069 1253 1071
f 1070 1250 1254
f 1070 1254 1251
f 1071 1253 1255
f 1071 1255 1256
f 1071 1256 1257
f 1071 1257 1072
f 1072 1257 1258
f 1072 1258 1073
f 1073 1258 1259
f 1073 1259 1260
f 1073 1260 1074
f 1074 1260 1261
f 1074 1261 1080
f 1076 1080 1260
f 1076 1260 1262
f 1076 1262 1263
f 1076 1263 1078
f 1076 1078 1077
f 1078 1263 1264
f 1078 1264 1082
f 1080 1261 1260
f 1082 1264 1085
f 1082 1085 1084
f 1085 1264 1265
f 1085 1265 1266
f 1085 1266 1086
f 1086 1266 1267
f 1086 1267 1087
f 1087 1267 1088
f 1088 1268 1269
f 1088 1269 1089
f 1088 1267 1268
f 1089 1269 1270
f 1089 1270 1090
f 1090 1271 1272
f 1090 1272 1091
f 1090 1270 1271
f 1091 1272 1273
f 1091 1273 1190
f 1091 1190 1092
f 1093 1220 1094
f 1094 1220 1274
f 1094 1274 1095
f 1095 1274 1096
f 1096 1274 1275
f 1096 1275 1097
f 1097 1275 1276
f 1097 1276 1277
f 1097 1277 1278
f 1097 1278 1099
f 1099 1278 1100
f 1100 1278 1101
f 1101 1279 1280
f 1101 1280 1102
f 1101 1278 1281
f 1101 1281 1279
f 1102 1280 1282
f 1102 1282 1103
f 1103 1282 1104
f 1104 1282 1283
f 1104 1283 1105
f 1105 1283 1284
f 1105 1284 1106
f 1106 1284 1285
f 1106 1285 1286
f 1106 1286 1107
f 1107 1286 1108
f 1108 1286 1287
f 1108 1287 1109
f 1109 1287 1288
f 1109 1288 1289
f 1109 1289 1290
f 1109 1290 1110
f 1110 1290 1291
f 1110 1291 1111
f 1111 1291 1292
f 1111 1292 1112
f 1112 1292 1113
f 1113 1293 1114
f 1113 1292 1293
f 1114 1293 1126
f 1115 1165 1116
f 1116 1165 1294
f 1116 1294 1295
f 1116 1295 1117
f 1117 1295 1296
f 1117 1296 1118
f 1118 1297 1119
f 1118 1296 1297
f 1119 1297 1298
f 1119 1298 1120
f 1120 1298 1299
f 1120 1299 1121
f 1121 1299 1123
f 1123 1299 1171
f 1124 1169 1125
f 1126 1300 1127
f 1126 1293 1301
f 1126 1301 1300
f 1127 1302 1128
f 1127 1300 1302
f 1128 1302 1129
f 1129 1303 1304
f 1129 1304 1305
f 1129 1305 1306
f 1129 1306 1130
f 1129 1302 1303
f 1130 1306 1307
f 1130 1307 1131
f 1131 1307 1134
f 1132 1308 1309
f 1132 1309 1133
f 1132 1134 1310
f 1132 1310 1308
f 1133 1309 1311
f 1133 1311 1135
f 1134 1307 1310
f 1135 1311 1312
f 1135 1312 1136
f 1136 1312 1313
f 1136 1313 1137
f 1137 1313 1314
f 1137 1314 1138
f 1138 1314 1315
f 1138 1315 1316
f 1138 1316 1139
f 1139 1316 1317
f 1139 1317 1318
f 1139 1318 1319
f 1139 1319 1140
f 1140 1319 1320
f 1140 1320 1141
f 1141 1320 1321
f 1141 1321 1322
f 1141 1322 1142
f 1142 1322 1143
f 1143 1322 1323
f 1143 1323 1324
f 1143 1324 1325
f 1143 1325 1144
f 1144 1325 1326
f 1144 1326 1327
f 1144 1327 1145
f 1145 1327 1146
f 1146 1327 1328
f 1146 1328 1147
f 1147 1328 1329
f 1147 1329 1330
f 1147 1330 1148
f 1148 1330 1331
f 1148 1331 1150
f 1150 1331 1332
f 1150 1332 1151
f 1151 1332 1153
f 1152 1153 1333
f 1152 1333 1154
f 1153 1332 1333
f 1154 1333 1157
f 1155 1157 1156
f 1156 1334 1158
f 1156 1157 1335
f 1156 1335 1336
f 1156 1336 1334
f 1157 1333 1337
f 1157 1337 1335
f 1158 1334 1338
f 1158 1338 1339
f 1158 1339 1159
f 1159 1339 1340
f 1159 1340 1341
f 1159 1341 1162
f 1160 1163 1162
f 1160 1162 1342
f 1160 1342 1161
f 1161 1342 1164
f 1162 1341 1342
f 1164 1342 1343
f 1164 1343 1165
f 1165 1343 1344
f 1165 1344 1345
f 1165 1345 1294
f 1170 1173 1346
f 1170 1346 1176
f 1171 1299 1172
f 1172 1347 1348
f 1172 1348 1346
f 1172 1346 1173
f 1172 1299 1298
f 1172 1298 1347
f 1175 1180 1349
f 1175 1349 1350
f 1175 1350 1184
f 1175 1184 1181
f 1176 1346 1348
f 1176 1348 1351
f 1176 1351 1177
f 1177 1351 1178
f 1178 1352 1353
f 1178 1353 1179
f 1178 1351 1354
f 1178 1354 1352
f 1179 1353 1180
f 1180 1353 1349
f 1182 1184 1355
f 1182 1355 1356
f 1182 1356 1357
f 1182 1357 1358
f 1182 1358 1359
f 1182 1359 1183
f 1183 1359 1185
f 1184 1350 1360
f 1184 1360 1355
f 1185 1359 1186
f 1186 1361 1362
f 1186 1362 1363
f 1186 1363 1188
f 1186 1188 1187
f 1186 1359 1361
f 1188 1363 1362
f 1188 1362 1364
f 1188 1364 1221
f 1188 1221 1189
f 1190 1273 1365
f 1190 1365 1366
f 1190 1366 1367
f 1190 1367 1368
f 1190 1368 1191
f 1191 1368 1369
f 1191 1369 1194
f 1192 1195 1370
f 1192 1370 1371
f 1192 1371 1372
f 1192 1372 1193
f 1193 1372 1196
f 1194 1369 1195
f 1195 1369 1370
f 1196 1372 1373
f 1196 1373 1374
f 1196 1374 1202
f 1196 1202 1201
f 1197 1375 1376
f 1197 1376 1377
f 1197 1377 1206
f 1197 1206 1378
f 1197 1378 1198
f 1197 1204 1375
f 1198 1378 1199
f 1199 1378 1206
f 1199 1206 1200
f 1202 1374 1379
f 1202 1379 1380
f 1202 1380 1203
f 1203 1381 1376
f 1203 1376 1375
f 1203 1375 1204
f 1203 1380 1381
f 1206 1382 1207
f 1206 1377 1382
f 1207 1382 1383
f 1207 1383 1384
f 1207 1384 1212
f 1209 1214 1385
f 1209 1385 1210
f 1210 1386 1387
f 1210 1387 1211
f 1210 1385 1388
f 1210 1388 1386
f 1211 1389 1215
f 1211 1387 1389
f 1212 1384 1213
f 1213 1385 1214
f 1213 1384 1390
f 1213 1390 1385
f 1215 1389 1391
f 1215 1391 1216
f 1216 1392 1217
f 1216 1391 1392
f 1217 1276 1393
f 1217 1393 1218
f 1217 1392 1276
f 1218 1393 1394
f 1218 1394 1219
f 1219 1394 1274
f 1219 1274 1220
f 1221 1364 1395
f 1221 1395 1396
f 1221 1396 1397
f 1221 1397 1398
f 1221 1398 1222
f 1222 1398 1225
f 1222 1225 1224
f 1225 1398 1226
f 1226 1398 1399
f 1226 1399 1227
f 1227 1399 1228
f 1228 1399 1400
f 1228 1400 1401
f 1228 1401 1229
f 1229 1401 1402
f 1229 1402 1403
f 1229 1403 1231
f 1229 1231 1230
f 1231 1403 1404
f 1231 1404 1405
f 1231 1405 1232
f 1232 1405 1233
f 1233 1405 1406
f 1233 1406 1234
f 1234 1406 1407
f 1234 1407 1235
f 1235 1407 1236
f 1236 1407 1408
f 1236 1408 1409
f 1236 1409 1237
f 1237 1409 1238
f 1238 1409 1410
f 1238 1410 1239
f 1239 1410 1411
f 1239 1411 1412
f 1239 1412 1240
f 1240 1413 1241
f 1240 1412 1242
f 1240 1242 1413
f 1241 1413 1242
f 1242 1412 1414
f 1242 1414 1415
f 1242 1415 1416
f 1242 1416 1417
f 1242 1417 1243
f 1243 1417 1244
f 1244 1417 1418
f 1244 1418 1245
f 1245 1418 1419
f 1245 1419 1246
f 1246 1419 1420
f 1246 1420 1247
f 1247 1420 1248
f 1248 1420 1421
f 1248 1421 1249
f 1249 1421 1422
f 1249 1422 1250
f 1250 1422 1254
f 1251 1254 1421
f 1251 1421 1423
f 1251 1423 1424
f 1251 1424 1425
f 1251 1425 1426
f 1251 1426 1252
f 1252 1426 1427
f 1252 1427 1428
f 1252 1428 1253
f 1253 1428 1255
f 1254 1422 1421
f 1255 1428 1429
f 1255 1429 1256
f 1256 1258 1257
f 1256 1429 1430
f 1256 1430 1431
f 1256 1431 1258
f 1258 1431 1259
f 1259 1431 1432
f 1259 1432 1260
f 1260 1432 1433
f 1260 1433 1262
f 1262 1434 1263
f 1262 1433 1434
f 1263 1434 1435
f 1263 1435 1436
f 1263 1436 1437
f 1263 1437 1438
f 1263 1438 1439
f 1263 1439 1264
f 1264 1439 1265
f 1265 1440 1441
f 1265 1441 1442
f 1265 1442 1443
f 1265 1443 1266
f 1265 1439 1440
f 1266 1444 1267
f 1266 1443 1444
f 1267 1444 1445
f 1267 1445 1268
f 1268 1445 1446
f 1268 1446 1269
f 1269 1446 1270
f 1270 1446 1447
f 1270 1447 1271
f 1271 1447 1273
f 1271 1273 1272
f 1273 1447 1365
f 1274 1394 1276
f 1274 1276 1275
f 1276 1392 1448
f 1276 1448 1277
f 1276 1394 1393
f 1277 1281 1278
f 1277 1448 1449
f 1277 1449 1281
f 1279 1281 1449
f 1279 1449 1450
f 1279 1450 1451
f 1279 1451 1452
f 1279 1452 1280
f 1280 1452 1451
f 1280 1451 1453
f 1280 1453 1282
f 1282 1453 1283
f 1283 1453 1454
f 1283 1454 1455
f 1283 1455 1456
f 1283 1456 1457
f 1283 1457 1458
f 1283 1458 1284
f 1284 1458 1285
f 1285 1458 1457
f 1285 1457 1459
f 1285 1459 1286
f 1286 1459 1460
f 1286 1460 1287
f 1287 1460 1288
f 1288 1460 1461
f 1288 1461 1462
f 1288 1462 1463
f 1288 1463 1289
f 1289 1463 1464
f 1289 1464 1290
f 1290 1464 1465
f 1290 1465 1291
f 1291 1465 1466
f 1291 1466 1467
f 1291 1467 1292
f 1292 1467 1293
f 1293 1468 1301
f 1293 1467 1468
f 1294 1345 1469
f 1294 1469 1295
f 1295 1469 1470
f 1295 1470 1296
f 1296 1470 1297
f 1297 1470 1347
f 1297 1347 1298
f 1300 1301 1471
f 1300 1471 1472
f 1300 1472 1302
f 1301 1468 1471
f 1302 1472 1473
f 1302 1473 1303
f 1303 1473 1304
f 1304 1473 1474
f 1304 1474 1475
f 1304 1475 1476
f 1304 1476 1305
f 1305 1476 1477
f 1305 1477 1306
f 1306 1477 1478
f 1306 1478 1479
f 1306 1479 1307
f 1307 1479 1478
f 1307 1478 1310
f 1308 1480 1481
f 1308 1481 1309
f 1308 1310 1482
f 1308 1482 1480
f 1309 1481 1483
f 1309 1483 1484
f 1309 1484 1311
f 1310 1485 1482
f 1310 1478 1485
f 1311 1484 1486
f 1311 1486 1487
f 1311 1487 1312
f 1312 1487 1488
f 1312 1488 1313
f 1313 1488 1489
f 1313 1489 1490
f 1313 1490 1314
f 1314 1490 1315
f 1315 1491 1492
f 1315 1492 1493
f 1315 1493 1316
f 1315 1490 1494
f 1315 1494 1491
f 1316 1493 1495
f 1316 1495 1317
f 1317 1495 1496
f 1317 1496 1318
f 1318 1496 1319
f 1319 1496 1497
f 1319 1497 1320
f 1320 1497 1321
f 1321 1497 1498
f 1321 1498 1499
f 1321 1499 1322
f 1322 1499 1323
f 1323 1499 1500
f 1323 1500 1501
f 1323 1501 1324
f 1324 1501 1326
f 1324 1326 1325
f 1326 1501 1328
f 1326 1328 1327
f 1328 1501 1502
f 1328 1502 1503
f 1328 1503 1504
f 1328 1504 1505
f 1328 1505 1329
f 1329 1505 1506
f 1329 1506 1330
f 1330 1506 1507
f 1330 1507 1331
f 1331 1507 1332
f 1332 1508 1333
f 1332 1507 1509
f 1332 1509 1510
f 1332 1510 1511
f 1332 1511 1508
f 1333 1508 1337
f 1334 1336 1338
f 1335 1337 1512
f 1335 1512 1336
f 1336 1513 1338
f 1336 1512 1514
f 1336 1514 1515
f 1336 1515 1513
f 1337 1508 1516
f 1337 1516 1512
f 1338 1340 1339
f 1338 1513 1340
f 1340 1513 1517
f 1340 1517 1341
f 1341 1517 1518
f 1341 1518 1519
f 1341 1519 1342
f 1342 1519 1520
f 1342 1520 1343
f 1343 1520 1521
f 1343 1521 1344
f 1344 1521 1522
f 1344 1522 1345
f 1345 1522 1469
f 1347 1470 1351
f 1347 1351 1348
f 1349 1523 1524
f 1349 1524 1350
f 1349 1353 1525
f 1349 1525 1523
f 1350 1524 1360
f 1351 1470 1354
f 1352 1354 1526
f 1352 1526 1527
f 1352 1527 1525
f 1352 1525 1353
f 1354 1528 1526
f 1354 1470 1469
f 1354 1469 1522
f 1354 1522 1528
f 1355 1360 1356
f 1356 1529 1357
f 1356 1360 1524
f 1356 1524 1529
f 1357 1529 1358
f 1358 1530 1531
f 1358 1531 1532
f 1358 1532 1359
f 1358 1529 1530
f 1359 1532 1533
f 1359 1533 1361
f 1361 1533 1534
f 1361 1534 1362
f 1362 1534 1535
f 1362 1535 1364
f 1364 1536 1395
f 1364 1535 1536
f 1365 1447 1537
f 1365 1537 1366
f 1366 1538 1539
f 1366 1539 1368
f 1366 1368 1367
f 1366 1537 1538
f 1368 1539 1369
f 1369 1539 1370
f 1370 1539 1543
f 1370 1543 1371
f 1371 1540 1541
f 1371 1541 1542
f 1371 1542 1372
f 1371 1543 1540
f 1372 1542 1373
f 1373 1544 1374
f 1373 1542 1544
f 1374 1544 1379
f 1376 1545 1546
f 1376 1546 1383
f 1376 1383 1547
f 1376 1547 1377
f 1376 1381 1545
f 1377 1547 1382
f 1379 1548 1549
f 1379 1549 1380
f 1379 1544 1548
f 1380 1549 1550
f 1380 1550 1381
f 1381 1550 1551
f 1381 1551 1545
f 1382 1547 1383
f 1383 1390 1384
f 1383 1546 1390
f 1385 1552 1388
f 1385 1390 1553
f 1385 1553 1554
f 1385 1554 1552
f 1386 1451 1555
f 1386 1555 1556
f 1386 1556 1387
f 1386 1388 1552
f 1386 1552 1554
f 1386 1554 1557
f 1386 1557 1451
f 1387 1556 1558
f 1387 1558 1389
f 1389 1558 1391
f 1390 1546 1559
f 1390 1559 1560
f 1390 1560 1561
f 1390 1561 1562
f 1390 1562 1553
f 1391 1558 1448
f 1391 1448 1392
f 1395 1536 1400
f 1395 1400 1398
f 1395 1398 1396
f 1396 1398 1397
f 1398 1400 1563
f 1398 1563 1399
f 1399 1563 1400
f 1400 1536 1564
f 1400 1564 1401
f 1401 1564 1403
f 1401 1403 1402
f 1403 1564 1565
f 1403 1565 1404
f 1404 1565 1566
f 1404 1566 1567
f 1404 1567 1405
f 1405 1567 1406
f 1406 1567 1568
f 1406 1568 1569
f 1406 1569 1407
f 1407 1569 1570
f 1407 1570 1571
f 1407 1571 1408
f 1408 1571 1572
f 1408 1572 1409
f 1409 1572 1573
f 1409 1573 1574
f 1409 1574 1410
f 1410 1574 1575
f 1410 1575 1411
f 1411 1575 1412
f 1412 1575 1576
f 1412 1576 1414
f 1414 1576 1577
f 1414 1577 1578
f 1414 1578 1416
f 1414 1416 1415
f 1416 1578 1579
f 1416 1579 1580
f 1416 1580 1718
f 1416 1718 1581
f 1416 1581 1417
f 1417 1581 1582
f 1417 1582 1583
f 1417 1583 1418
f 1418 1583 1584
f 1418 1584 1585
f 1418 1585 1419
f 1419 1585 1586
f 1419 1586 1420
f 1420 1586 1587
f 1420 1587 1588
f 1420 1588 1423
f 1420 1423 1421
f 1423 1588 1589
f 1423 1589 1424
f 1424 1589 1590
f 1424 1590 1591
f 1424 1591 1425
f 1425 1591 1427
f 1425 1427 1426
f 1427 1591 1592
f 1427 1592 1428
f 1428 1592 1593
f 1428 1593 1594
f 1428 1594 1429
f 1429 1594 1430
f 1430 1595 1431
f 1430 1594 1596
f 1430 1596 1595
f 1431 1595 1597
f 1431 1597 1433
f 1431 1433 1432
f 1433 1597 1598
f 1433 1598 1434
f 1434 1598 1599
f 1434 1599 1435
f 1435 1599 1437
f 1435 1437 1436
f 1437 1600 1601
f 1437 1601 1602
f 1437 1602 1603
f 1437 1603 1438
f 1437 1599 1600
f 1438 1603 1439
f 1439 1603 1440
f 1440 1603 1441
f 1441 1604 1605
f 1441 1605 1606
f 1441 1606 1607
f 1441 1607 1442
f 1441 1603 1602
f 1441 1602 1608
f 1441 1608 1604
f 1442 1607 1444
f 1442 1444 1443
f 1444 1607 1609
f 1444 1609 1445
f 1445 1609 1610
f 1445 1610 1611
f 1445 1611 1446
f 1446 1611 1612
f 1446 1612 1613
f 1446 1613 1447
f 1447 1614 1537
f 1447 1613 1614
f 1448 1558 1556
f 1448 1556 1449
f 1449 1556 1450
f 1450 1555 1451
f 1450 1556 1555
f 1451 1557 1615
f 1451 1615 1616
f 1451 1616 1454
f 1451 1454 1453
f 1454 1616 1455
f 1455 1615 1617
f 1455 1617 1456
f 1455 1616 1615
f 1456 1617 1618
f 1456 1618 1619
f 1456 1619 1620
f 1456 1620 1459
f 1456 1459 1457
f 1459 1620 1460
f 1460 1620 1461
f 1461 1620 1619
f 1461 1619 1462
f 1462 1619 1621
f 1462 1621 1622
f 1462 1622 1463
f 1463 1622 1623
f 1463 1623 1464
f 1464 1623 1624
f 1464 1624 1465
f 1465 1625 1466
f 1465 1624 1625
f 1466 1626 1467
f 1466 1625 1626
f 1467 1626 1468
f 1468 1627 1471
f 1468 1626 1628
f 1468 1628 1627
f 1471 1629 1630
f 1471 1630 1472
f 1471 1627 1629
f 1472 1630 1631
f 1472 1631 1473
f 1473 1631 1474
f 1474 1631 1632
f 1474 1632 1633
f 1474 1633 1475
f 1475 1633 1634
f 1475 1634 1476
f 1476 1634 1635
f 1476 1635 1636
f 1476 1636 1478
f 1476 1478 1477
f 1478 1636 1637
f 1478 1637 1638
f 1478 1638 1482
f 1478 1482 1485
f 1480 1482 1639
f 1480 1639 1640
f 1480 1640 1641
f 1480 1641 1481
f 1481 1641 1483
f 1482 1638 1639
f 1483 1641 1642
f 1483 1642 1643
f 1483 1643 1484
f 1484 1643 1486
f 1486 1644 1645
f 1486 1645 1487
f 1486 1643 1644
f 1487 1645 1646
f 1487 1646 1488
f 1488 1646 1647
f 1488 1647 1489
f 1489 1647 1648
f 1489 1648 1649
f 1489 1649 1490
f 1490 1649 1648
f 1490 1648 1494
f 1491 1650 1651
f 1491 1651 1492
f 1491 1494 1648
f 1491 1648 1652
f 1491 1652 1650
f 1492 1495 1493
f 1492 1651 1653
f 1492 1653 1495
f 1495 1653 1496
f 1496 1653 1654
f 1496 1654 1655
f 1496 1655 1498
f 1496 1498 1497
f 1498 1655 1656
f 1498 1656 1657
f 1498 1657 1658
f 1498 1658 1499
f 1499 1658 1500
f 1500 1658 1659
f 1500 1659 1501
f 1501 1659 1660
f 1501 1660 1502
f 1502 1660 1503
f 1503 1660 1659
f 1503 1659 1579
f 1503 1579 1578
f 1503 1578 1577
f 1503 1577 1504
f 1504 1577 1661
f 1504 1661 1662
f 1504 1662 1505
f 1505 1662 1663
f 1505 1663 1506
f 1506 1663 1507
f 1507 1663 1664
f 1507 1664 1665
f 1507 1665 1509
f 1508 1511 1666
f 1508 1666 1667
f 1508 1667 1516
f 1509 1665 1668
f 1509 1668 1510
f 1510 1668 1511
f 1511 1668 1669
f 1511 1669 1666
f 1512 1516 1514
f 1513 1670 1517
f 1513 1515 1671
f 1513 1671 1670
f 1514 1516 1672
f 1514 1672 1673
f 1514 1673 1515
f 1515 1673 1674
f 1515 1674 1671
f 1516 1667 1672
f 1517 1670 1671
f 1517 1671 1675
f 1517 1675 1518
f 1518 1676 1519
f 1518 1675 1677
f 1518 1677 1676
f 1519 1676 1678
f 1519 1678 1520
f 1520 1678 1521
f 1521 1678 1522
f 1522 1678 1528
f 1523 1679 1524
f 1523 1525 1527
f 1523 1527 1679
f 1524 1679 1529
f 1526 1528 1678
f 1526 1678 1676
f 1526 1676 1677
f 1526 1677 1680
f 1526 1680 1681
f 1526 1681 1527
f 1527 1681 1679
f 1529 1682 1683
f 1529 1683 1530
f 1529 1679 1684
f 1529 1684 1685
f 1529 1685 1682
f 1530 1683 1686
f 1530 1686 1531
f 1531 1686 1533
f 1531 1533 1532
f 1533 1686 1534
f 1534 1687 1535
f 1534 1686 1687
f 1535 1687 1688
f 1535 1688 1536
f 1536 1688 1564
f 1537 1614 1689
f 1537 1689 1538
f 1538 1689 1690
f 1538 1690 1691
f 1538 1691 1539
f 1539 1691 1543
f 1540 1543 1692
f 1540 1692 1541
f 1541 1692 1693
f 1541 1693 1694
f 1541 1694 1542
f 1542 1694 1544
f 1543 1691 1800
f 1543 1800 1692
f 1544 1694 1695
f 1544 1695 1696
f 1544 1696 1548
f 1545 1551 1697
f 1545 1697 1560
f 1545 1560 1546
f 1546 1560 1559
f 1548 1698 1699
f 1548 1699 1550
f 1548 1550 1549
f 1548 1696 1700
f 1548 1700 1698
f 1550 1699 1551
f 1551 1699 1697
f 1553 1562 1554
f 1554 1562 1561
f 1554 1561 1701
f 1554 1701 1557
f 1557 1701 1615
f 1560 1697 1561
f 1561 1702 1701
f 1561 1697 1703
f 1561 1703 1704
f 1561 1704 1702
f 1564 1688 1565
f 1565 1688 1687
f 1565 1687 1705
f 1565 1705 1566
f 1566 1705 1706
f 1566 1706 1568
f 1566 1568 1567
f 1568 1706 1707
f 1568 1707 1708
f 1568 1708 1709
f 1568 1709 1710
f 1568 1710 1569
f 1569 1710 1711
f 1569 1711 1570
f 1570 1711 1712
f 1570 1712 1571
f 1571 1712 1713
f 1571 1713 1714
f 1571 1714 1572
f 1572 1714 1715
f 1572 1715 1573
f 1573 1715 1716
f 1573 1716 1574
f 1574 1716 1576
f 1574 1576 1575
f 1576 1716 1661
f 1576 1661 1577
f 1579 1659 1717
f 1579 1717 1580
f 1580 1717 1718
f 1581 1718 1582
f 1582 1718 1719
f 1582 1719 1720
f 1582 1720 1583
f 1583 1720 1721
f 1583 1721 1584
f 1584 1721 1722
f 1584 1722 1585
f 1585 1722 1723
f 1585 1723 1586
f 1586 1723 1724
f 1586 1724 1587
f 1587 1724 1588
f 1588 1724 1725
f 1588 1725 1589
f 1589 1726 1590
f 1589 1725 1726
f 1590 1727 1592
f 1590 1592 1591
f 1590 1726 1727
f 1592 1727 1728
f 1592 1728 1729
f 1592 1729 1593
f 1593 1729 1730
f 1593 1730 1731
f 1593 1731 1594
f 1594 1731 1732
f 1594 1732 1733
f 1594 1733 1596
f 1595 1596 1598
f 1595 1598 1597
f 1596 1734 1735
f 1596 1735 1736
f 1596 1736 1599
f 1596 1599 1598
f 1596 1733 1734
f 1599 1736 1737
f 1599 1737 1738
f 1599 1738 1600
f 1600 1738 1601
f 1601 1738 1739
f 1601 1739 1740
f 1601 1740 1602
f 1602 1740 1604
f 1602 1604 1608
f 1604 1741 1742
f 1604 1742 1605
f 1604 1740 1739
f 1604 1739 1743
f 1604 1743 1741
f 1605 1742 1744
f 1605 1744 1606
f 1606 1744 1745
f 1606 1745 1607
f 1607 1745 1609
f 1609 1745 1746
f 1609 1746 1747
f 1609 1747 1610
f 1610 1747 1611
f 1611 1747 1612
f 1612 1747 1748
f 1612 1748 1613
f 1613 1748 1614
f 1614 1748 1689
f 1615 1701 1617
f 1617 1701 1702
f 1617 1702 1618
f 1618 1702 1749
f 1618 1749 1619
f 1619 1749 1621
f 1621 1750 1622
f 1621 1749 1750
f 1622 1751 1623
f 1622 1750 1751
f 1623 1752 1624
f 1623 1751 1752
f 1624 1752 1753
f 1624 1753 1625
f 1625 1753 1754
f 1625 1754 1626
f 1626 1754 1628
f 1627 1628 1755
f 1627 1755 1629
f 1628 1754 1756
f 1628 1756 1755
f 1629 1757 1758
f 1629 1758 1630
f 1629 1755 1757
f 1630 1759 1631
f 1630 1758 1759
f 1631 1759 1632
f 1632 1760 1761
f 1632 1761 1633
f 1632 1759 1760
f 1633 1761 1762
f 1633 1762 1634
f 1634 1762 1763
f 1634 1763 1764
f 1634 1764 1635
f 1635 1764 1765
f 1635 1765 1636
f 1636 1765 1637
f 1637 1766 1767
f 1637 1767 1638
f 1637 1765 1768
f 1637 1768 1766
f 1638 1767 1639
f 1639 1767 1640
f 1640 1767 1769
f 1640 1769 1770
f 1640 1770 1771
f 1640 1771 1641
f 1641 1771 1642
f 1642 1771 1772
f 1642 1772 1643
f 1643 1772 1644
f 1644 1772 1773
f 1644 1773 1774
f 1644 1774 1775
f 1644 1775 1647
f 1644 1647 1646
f 1644 1646 1645
f 1647 1775 1776
f 1647 1776 1777
f 1647 1777 1648
f 1648 1777 1778
f 1648 1778 1779
f 1648 1779 1652
f 1650 1652 1780
f 1650 1780 1781
f 1650 1781 1651
f 1651 1781 1782
f 1651 1782 1783
f 1651 1783 1653
f 1652 1779 1780
f 1653 1783 1654
f 1654 1783 1784
f 1654 1784 1655
f 1655 1784 1785
f 1655 1785 1656
f 1656 1785 1786
f 1656 1786 1719
f 1656 1719 1657
f 1657 1719 1717
f 1657 1717 1658
f 1658 1717 1659
f 1661 1716 1662
f 1662 1716 1715
f 1662 1715 1663
f 1663 1715 1664
f 1664 1715 1714
f 1664 1714 1665
f 1665 1714 1713
f 1665 1713 1712
f 1665 1712 1668
f 1666 1669 1667
f 1667 1669 1787
f 1667 1787 1788
f 1667 1788 1672
f 1668 1712 1711
f 1668 1711 1669
f 1669 1711 1710
f 1669 1710 1787
f 1671 1674 1675
f 1672 1788 1673
f 1673 1788 1789
f 1673 1789 1674
f 1674 1789 1790
f 1674 1790 1680
f 1674 1680 1675
f 1675 1680 1677
f 1679 1791 1685
f 1679 1685 1684
f 1679 1681 1791
f 1680 1790 1792
f 1680 1792 1681
f 1681 1792 1791
f 1682 1685 1793
f 1682 1793 1794
f 1682 1794 1683
f 1683 1794 1705
f 1683 1705 1686
f 1685 1795 1793
f 1685 1791 1792
f 1685 1792 1790
f 1685 1790 1795
f 1686 1705 1687
f 1689 1748 1796
f 1689 1796 1690
f 1690 1797 1798
f 1690 1798 1691
f 1690 1796 1799
f 1690 1799 1797
f 1691 1798 1800
f 1692 1800 1801
f 1692 1801 1693
f 1693 1802 1803
f 1693 1803 1694
f 1693 1801 1802
f 1694 1803 1695
f 1695 1803 1804
f 1695 1804 1805
f 1695 1805 1696
f 1696 1805 1700
f 1697 1699 1703
f 1698 1700 1806
f 1698 1806 1807
f 1698 1807 1699
f 1699 1807 1750
f 1699 1750 1808
f 1699 1808 1703
f 1700 1805 1809
f 1700 1809 1806
f 1702 1704 1749
f 1703 1808 1704
f 1704 1808 1749
f 1705 1794 1706
f 1706 1794 1793
f 1706 1793 1707
f 1707 1793 1795
f 1707 1795 1810
f 1707 1810 1811
f 1707 1811 1708
f 1708 1811 1709
f 1709 1811 1787
f 1709 1787 1710
f 1717 1719 1718
f 1719 1786 1720
f 1720 1786 1721
f 1721 1786 1812
f 1721 1812 1722
f 1722 1812 1813
f 1722 1813 1814
f 1722 1814 1723
f 1723 1814 1815
f 1723 1815 1724
f 1724 1816 1726
f 1724 1726 1725
f 1724 1815 1816
f 1726 1816 1817
f 1726 1817 1818
f 1726 1818 1727
f 1727 1819 1728
f 1727 1818 1817
f 1727 1817 1819
f 1728 1819 1820
f 1728 1820 1729
f 1729 1820 1730
f 1730 1820 1821
f 1730 1821 1731
f 1731 1821 1732
f 1732 1821 1822
f 1732 1822 1735
f 1732 1735 1734
f 1732 1734 1733
f 1735 1823 1824
f 1735 1824 1738
f 1735 1738 1737
f 1735 1737 1736
f 1735 1822 1823
f 1738 1825 1739
f 1738 1824 1825
f 1739 1826 1827
f 1739 1827 1743
f 1739 1825 1826
f 1741 1768 1828
f 1741 1828 1829
f 1741 1829 1742
f 1741 1743 1830
f 1741 1830 1768
f 1742 1829 1744
f 1743 1827 1830
f 1744 1829 1831
f 1744 1831 1832
f 1744 1832 1746
f 1744 1746 1745
f 1746 1832 1833
f 1746 1833 1834
f 1746 1834 1747
f 1747 1834 1748
f 1748 1834 1796
f 1749 1808 1750
f 1750 1807 1751
f 1751 1807 1806
f 1751 1806 1752
f 1752 1806 1809
f 1752 1809 1753
f 1753 1809 1805
f 1753 1805 1835
f 1753 1835 1754
f 1754 1835 1756
f 1755 1756 1836
f 1755 1836 1757
f 1756 1835 1836
f 1757 1837 1758
f 1757 1836 1837
f 1758 1837 1838
f 1758 1838 1759
f 1759 1838 1760
f 1760 1839 1840
f 1760 1840 1761
f 1760 1838 1839
f 1761 1840 1841
f 1761 1841 1762
f 1762 1831 1763
f 1762 1841 1831
f 1763 1829 1828
f 1763 1828 1764
f 1763 1831 1829
f 1764 1828 1768
f 1764 1768 1765
f 1766 1768 1830
f 1766 1830 1842
f 1766 1842 1767
f 1767 1842 1769
f 1769 1842 1770
f 1770 1826 1825
f 1770 1825 1843
f 1770 1843 1771
f 1770 1842 1826
f 1771 1843 1844
f 1771 1844 1772
f 1772 1844 1843
f 1772 1843 1845
f 1772 1845 1773
f 1773 1846 1847
f 1773 1847 1776
f 1773 1776 1774
f 1773 1845 1846
f 1774 1776 1775
f 1776 1847 1848
f 1776 1848 1849
f 1776 1849 1850
f 1776 1850 1777
f 1777 1850 1778
f 1778 1850 1851
f 1778 1851 1852
f 1778 1852 1779
f 1779 1852 1780
f 1780 1852 1853
f 1780 1853 1781
f 1781 1853 1815
f 1781 1815 1854
f 1781 1854 1782
f 1782 1854 1784
f 1782 1784 1783
f 1784 1813 1812
f 1784 1812 1786
f 1784 1786 1785
f 1784 1854 1813
f 1787 1811 1788
f 1788 1811 1789
f 1789 1811 1810
f 1789 1810 1795
f 1789 1795 1790
f 1796 1834 1855
f 1796 1855 1799
f 1797 1799 1839
f 1797 1839 1856
f 1797 1856 1801
f 1797 1801 1800
f 1797 1800 1798
f 1799 1855 1833
f 1799 1833 1840
f 1799 1840 1839
f 1801 1856 1837
f 1801 1837 1802
f 1802 1836 1803
f 1802 1837 1836
f 1803 1836 1804
f 1804 1835 1805
f 1804 1836 1835
f 1813 1854 1814
f 1814 1854 1815
f 1815 1853 1817
f 1815 1817 1816
f 1817 1853 1819
f 1819 1853 1851
f 1819 1851 1820
f 1820 1851 1848
f 1820 1848 1857
f 1820 1857 1821
f 1821 1846 1822
f 1821 1857 1846
f 1822 1858 1823
f 1822 1846 1858
f 1823 1858 1846
f 1823 1846 1845
f 1823 1845 1843
f 1823 1843 1824
f 1824 1843 1825
f 1826 1842 1827
f 1827 1842 1830
f 1831 1841 1832
f 1832 1841 1833
f 1833 1841 1840
f 1833 1855 1834
f 1837 1856 1838
f 1838 1856 1839
f 1846 1857 1847
f 1847 1857 1848
f 1848 1851 1849
f 1849 1851 1850
f 1851 1853 1852
