# https://github.com/mikedh/trimesh
v 0.09391097 -0.04100925 -0.02649532
v 0.09391097 -0.04100122 -0.03283840
v 0.09401423 -0.04100122 -0.03195378
v 0.09401423 -0.04100122 -0.02025679
v 0.09391097 -0.04100122 -0.01947672
v 0.09391097 -0.04095305 -0.03351392
v 0.09401423 -0.04094502 -0.03351392
v 0.09479143 -0.04093699 -0.03273385
v 0.09557407 -0.04087277 -0.03195378
v 0.09557407 -0.04087277 -0.01947672
v 0.09479143 -0.04093699 -0.01947672
v 0.09829698 -0.04055966 -0.01830863
v 0.09777522 -0.04056768 -0.01829656
v 0.09401423 -0.04077642 -0.01872882
v 0.09391097 -0.04080854 -0.01882934
v 0.09391097 -0.04092897 -0.03361847
v 0.09748174 -0.04055163 -0.03387983
v 0.09557407 -0.04080051 -0.03351392
v 0.09843829 -0.04056768 -0.03320833
v 0.09635127 -0.04080051 -0.03273385
v 0.09713390 -0.04072825 -0.03195378
v 0.09872090 -0.04054360 -0.01862025
v 0.09713390 -0.04072825 -0.01947672
v 0.09947092 -0.04047937 -0.01869665
v 0.10259059 -0.04008598 -0.01791658
v 0.10492761 -0.03973273 -0.01712847
v 0.10727008 -0.03936342 -0.01635645
v 0.10740052 -0.03932328 -0.01624185
v 0.10727008 -0.03933131 -0.01624185
v 0.10663963 -0.03936342 -0.01624185
v 0.09713390 -0.04056768 -0.01829053
v 0.09391097 -0.04077642 -0.01873083
v 0.09635127 -0.04056768 -0.01829455
v 0.09391097 -0.04076037 -0.03429399
v 0.09401423 -0.04075234 -0.03429399
v 0.09791110 -0.04052754 -0.03375518
v 0.09791110 -0.04059980 -0.03336514
v 0.09635127 -0.04072825 -0.03351392
v 0.09695998 -0.04057572 -0.03396226
v 0.09718824 -0.04043923 -0.03425177
v 0.09791110 -0.04034289 -0.03429399
v 0.09869373 -0.04024655 -0.03429399
v 0.09947092 -0.04014218 -0.03429399
v 0.10025356 -0.04028669 -0.03351392
v 0.09947092 -0.04039106 -0.03351392
v 0.09869373 -0.04048740 -0.03348778
v 0.10103076 -0.04028669 -0.03273385
v 0.10025356 -0.04038303 -0.03273385
v 0.09947092 -0.04047937 -0.03273385
v 0.09853611 -0.04058374 -0.03273385
v 0.09791110 -0.04064797 -0.03273385
v 0.09791110 -0.04065600 -0.03195378
v 0.09791110 -0.04065600 -0.01947672
v 0.10025356 -0.04039909 -0.01869665
v 0.10337322 -0.03999767 -0.01791658
v 0.10466130 -0.03979695 -0.01738380
v 0.10571025 -0.03964441 -0.01713651
v 0.10805272 -0.03926708 -0.01635645
v 0.10816685 -0.03923497 -0.01624185
v 0.10649288 -0.03935539 -0.01624185
v 0.09526971 -0.04055163 -0.01831064
v 0.09578603 -0.04055966 -0.01830058
v 0.09479143 -0.04051148 -0.01832270
v 0.09391097 -0.04047937 -0.01839307
v 0.09391097 -0.04073628 -0.03436235
v 0.09391097 -0.04059177 -0.03474434
v 0.09444360 -0.04055966 -0.03469206
v 0.09473708 -0.04066403 -0.03433420
v 0.09557407 -0.04064797 -0.03414923
v 0.09635127 -0.04060783 -0.03404469
v 0.09869373 -0.03993344 -0.03491925
v 0.09947092 -0.03987724 -0.03483883
v 0.10025356 -0.03982104 -0.03474836
v 0.10025356 -0.04002978 -0.03429399
v 0.10181339 -0.03986921 -0.03410299
v 0.10103076 -0.04017429 -0.03351392
v 0.10181339 -0.04018232 -0.03273385
v 0.10181339 -0.04020640 -0.03195378
v 0.10025356 -0.04039909 -0.03195378
v 0.09947092 -0.04048740 -0.03195378
v 0.09895460 -0.04054360 -0.03195378
v 0.09895460 -0.04054360 -0.01947672
v 0.09947092 -0.04048740 -0.01947672
v 0.10181339 -0.04020640 -0.01869665
v 0.10472109 -0.03980499 -0.01791658
v 0.10337322 -0.03999767 -0.03195378
v 0.10649288 -0.03953202 -0.01713651
v 0.10883535 -0.03913862 -0.01635645
v 0.10890600 -0.03911454 -0.01624185
v 0.10571025 -0.03929116 -0.01624185
v 0.09401423 -0.04043120 -0.01833878
v 0.09391097 -0.04041514 -0.01834079
v 0.09391097 -0.04055966 -0.03479661
v 0.09791110 -0.03998161 -0.03498559
v 0.09869373 -0.03965245 -0.03530928
v 0.09947092 -0.03958821 -0.03522886
v 0.10025356 -0.03952399 -0.03513839
v 0.10068835 -0.03978090 -0.03469608
v 0.10098184 -0.03990133 -0.03432414
v 0.10120468 -0.03973273 -0.03460561
v 0.10181339 -0.03967653 -0.03449303
v 0.10242210 -0.03981301 -0.03398840
v 0.10181339 -0.04005387 -0.03351392
v 0.10337322 -0.03984513 -0.03335308
v 0.10387868 -0.03979695 -0.03319426
v 0.10259059 -0.04006992 -0.03273385
v 0.10472109 -0.03980499 -0.03117372
v 0.10462870 -0.03978893 -0.03243429
v 0.10508523 -0.03974075 -0.03195378
v 0.10649288 -0.03953202 -0.03117372
v 0.10805272 -0.03927511 -0.01713651
v 0.10883535 -0.03913862 -0.03039365
v 0.10941689 -0.03903426 -0.01635645
v 0.10989516 -0.03894594 -0.01624185
v 0.10509067 -0.03919482 -0.01624185
v 0.09391097 -0.04007795 -0.01827043
v 0.10466130 -0.03892186 -0.01624185
v 0.09391097 -0.04032684 -0.03513437
v 0.09791110 -0.03970061 -0.03537563
v 0.09947092 -0.03920285 -0.03565107
v 0.10025356 -0.03913060 -0.03559276
v 0.10103076 -0.03905834 -0.03552441
v 0.10098184 -0.03949187 -0.03500369
v 0.10149816 -0.03901017 -0.03548018
v 0.10259059 -0.03920285 -0.03495343
v 0.10337322 -0.03912257 -0.03484285
v 0.10397650 -0.03905031 -0.03475037
v 0.10337322 -0.03945976 -0.03429399
v 0.10264494 -0.03962836 -0.03426584
v 0.10293843 -0.03976484 -0.03387782
v 0.10264494 -0.03990133 -0.03357625
v 0.10337322 -0.03972470 -0.03374312
v 0.10414498 -0.03965245 -0.03347773
v 0.10493305 -0.03947582 -0.03351392
v 0.10769401 -0.03900214 -0.03313997
v 0.10649288 -0.03937948 -0.03273385
v 0.10571025 -0.03954005 -0.03273385
v 0.10440043 -0.03974879 -0.03295501
v 0.10414498 -0.03982907 -0.03270973
v 0.10337322 -0.03994950 -0.03273385
v 0.10805272 -0.03921088 -0.03195378
v 0.10649288 -0.03949991 -0.03195378
v 0.10571025 -0.03963639 -0.03195378
v 0.10727008 -0.03940356 -0.03117372
v 0.10805272 -0.03927511 -0.01791658
v 0.10805272 -0.03926708 -0.03117372
v 0.10941689 -0.03903426 -0.03039365
v 0.10980821 -0.03896200 -0.03039365
v 0.11117238 -0.03870509 -0.02961358
v 0.11117238 -0.03870509 -0.01624185
v 0.09391097 -0.04002175 -0.01826238
v 0.10435694 -0.03861678 -0.01624185
v 0.09391097 -0.04027866 -0.03519670
v 0.09713390 -0.03974879 -0.03542991
v 0.09869373 -0.03925905 -0.03570333
v 0.09869373 -0.03876129 -0.03609337
v 0.09947092 -0.03868904 -0.03604110
v 0.10028073 -0.03855255 -0.03602904
v 0.10103076 -0.03860875 -0.03586820
v 0.10178078 -0.03923497 -0.03512432
v 0.10201992 -0.03895397 -0.03541785
v 0.10178078 -0.03865692 -0.03569932
v 0.10259059 -0.03848832 -0.03567720
v 0.10337322 -0.03877735 -0.03523288
v 0.10449826 -0.03898609 -0.03466593
v 0.10420477 -0.03923497 -0.03436235
v 0.10571025 -0.03907440 -0.03403464
v 0.10617766 -0.03901820 -0.03393612
v 0.10571025 -0.03930722 -0.03351392
v 0.10821033 -0.03893792 -0.03294696
v 0.10855273 -0.03901820 -0.03242826
v 0.10799293 -0.03906637 -0.03270571
v 0.10669941 -0.03894594 -0.03380142
v 0.11021583 -0.03827959 -0.03322843
v 0.11073215 -0.03819930 -0.03309373
v 0.11117238 -0.03831170 -0.03256296
v 0.10907449 -0.03896200 -0.03215684
v 0.10881905 -0.03905834 -0.03191961
v 0.10928645 -0.03901017 -0.03163814
v 0.10936797 -0.03902622 -0.03117372
v 0.11039518 -0.03884960 -0.03039365
v 0.11195501 -0.03855255 -0.02961358
v 0.11273221 -0.03839198 -0.02103685
v 0.11333549 -0.03826353 -0.01624185
v 0.09391097 -0.03945173 -0.01822017
v 0.10434064 -0.03840001 -0.01624185
v 0.09391097 -0.03938751 -0.01821815
v 0.09391097 -0.03994147 -0.03563096
v 0.09791110 -0.03931525 -0.03574556
v 0.09791110 -0.03881749 -0.03613559
v 0.09947092 -0.03830367 -0.03629241
v 0.10003616 -0.03824747 -0.03626426
v 0.10055792 -0.03819127 -0.03623411
v 0.10337322 -0.03838395 -0.03559879
v 0.10415042 -0.03827155 -0.03551234
v 0.10454717 -0.03821536 -0.03546610
v 0.10181339 -0.03800662 -0.03613559
v 0.10571025 -0.03842410 -0.03490719
v 0.10649288 -0.03831170 -0.03478455
v 0.10695486 -0.03823944 -0.03470815
v 0.10571025 -0.03881749 -0.03442467
v 0.10865056 -0.03827959 -0.03399041
v 0.10917231 -0.03819930 -0.03387782
v 0.10881905 -0.03886566 -0.03270571
v 0.11218328 -0.03817521 -0.03220711
v 0.11249308 -0.03825550 -0.03168639
v 0.11039518 -0.03869706 -0.03195378
v 0.11311809 -0.03743660 -0.03312188
v 0.11410725 -0.03750083 -0.03245641
v 0.11462901 -0.03742054 -0.03230562
v 0.11166152 -0.03823944 -0.03240614
v 0.11195501 -0.03848029 -0.03117372
v 0.11117238 -0.03865692 -0.03117372
v 0.11039518 -0.03881749 -0.03117372
v 0.11195501 -0.03854452 -0.03039365
v 0.11374854 -0.03818324 -0.02961358
v 0.11374854 -0.03818324 -0.02883351
v 0.11429204 -0.03807084 -0.02883351
v 0.11372681 -0.03818324 -0.01624185
v 0.10432977 -0.03782999 -0.01624185
v 0.10432434 -0.02690331 -0.01624185
v 0.09391097 0.01665892 -0.01821614
v 0.09391097 -0.03947582 -0.03602099
v 0.09869373 -0.03836790 -0.03632659
v 0.09391097 -0.03908242 -0.03629643
v 0.09947092 -0.03782999 -0.03648140
v 0.10028073 -0.03788619 -0.03638288
v 0.10103076 -0.03773365 -0.03636680
v 0.10181339 -0.03761322 -0.03632458
v 0.10259059 -0.03750083 -0.03627431
v 0.10299277 -0.03743660 -0.03624617
v 0.10259059 -0.03788619 -0.03606724
v 0.10415042 -0.03782999 -0.03580185
v 0.10506893 -0.03812704 -0.03539171
v 0.10485696 -0.03785408 -0.03563699
v 0.10571025 -0.03762928 -0.03559477
v 0.10632440 -0.03751688 -0.03552038
v 0.10684615 -0.03742054 -0.03545404
v 0.10571025 -0.03801465 -0.03529722
v 0.10805272 -0.03836790 -0.03410902
v 0.10805272 -0.03766140 -0.03488708
v 0.10883535 -0.03752491 -0.03476645
v 0.10925927 -0.03745266 -0.03469608
v 0.10747661 -0.03815113 -0.03461164
v 0.10805272 -0.03805479 -0.03449906
v 0.11098759 -0.03750886 -0.03398437
v 0.11553121 -0.03745266 -0.03160999
v 0.11300939 -0.03819127 -0.03141698
v 0.11581383 -0.03751688 -0.03114356
v 0.11633015 -0.03746068 -0.03086209
v 0.11150935 -0.03741251 -0.03387782
v 0.11488989 -0.03673010 -0.03321235
v 0.11540621 -0.03663376 -0.03309775
v 0.11646602 -0.03673010 -0.03245239
v 0.11698235 -0.03664178 -0.03231969
v 0.11793890 -0.03669798 -0.03164417
v 0.11846065 -0.03661770 -0.03146926
v 0.11321048 -0.03823944 -0.03089627
v 0.11273221 -0.03838395 -0.03039365
v 0.11507467 -0.03790225 -0.02883351
v 0.11507467 -0.03789422 -0.02961358
v 0.11507467 -0.03790225 -0.02103685
v 0.11440618 -0.03803873 -0.01624185
v 0.10432434 0.02397281 -0.01624185
v 0.09391097 0.02846873 -0.01821614
v 0.09791110 -0.03842410 -0.03635272
v 0.09869373 -0.03782999 -0.03653769
v 0.09391097 -0.03860875 -0.03649748
v 0.10025356 -0.03704321 -0.03663218
v 0.10103076 -0.03704321 -0.03657388
v 0.10181339 -0.03704321 -0.03650351
v 0.10259059 -0.03704321 -0.03641706
v 0.10329714 -0.03705926 -0.03632458
v 0.10415042 -0.03679433 -0.03629442
v 0.10463957 -0.03669798 -0.03625823
v 0.10350910 -0.03732420 -0.03620194
v 0.10571025 -0.03704321 -0.03590841
v 0.10329714 -0.03774971 -0.03601496
v 0.10654724 -0.03711546 -0.03568926
v 0.10849838 -0.03668193 -0.03547816
v 0.11094411 -0.03672207 -0.03473629
v 0.11039518 -0.03683447 -0.03481872
v 0.11146586 -0.03660967 -0.03464985
v 0.11323766 -0.03669798 -0.03394618
v 0.11933024 -0.03664982 -0.03074950
v 0.11604753 -0.03738040 -0.03138281
v 0.11348767 -0.03811902 -0.03116366
v 0.11959656 -0.03672207 -0.03023080
v 0.12011287 -0.03664982 -0.02995737
v 0.11684646 -0.03738843 -0.03052835
v 0.11702582 -0.03743660 -0.03000763
v 0.11375398 -0.03659362 -0.03384364
v 0.11711822 -0.03591120 -0.03316209
v 0.11585187 -0.03655348 -0.03298919
v 0.11872696 -0.03592725 -0.03241016
v 0.11924329 -0.03583091 -0.03227948
v 0.12024875 -0.03591120 -0.03162004
v 0.12169445 -0.03587105 -0.03078167
v 0.11369963 -0.03816719 -0.03039365
v 0.11330832 -0.03825550 -0.03039365
v 0.12131400 -0.03652939 -0.02805344
v 0.13612968 -0.03326985 -0.02259699
v 0.12142813 -0.03650530 -0.01624185
v 0.11759649 -0.03734829 -0.01624185
v 0.11745518 -0.03735631 -0.02961358
v 0.11663450 -0.03755702 -0.01624185
v 0.11518881 -0.03787014 -0.01624185
v 0.10432977 0.03255519 -0.01624185
v 0.09391097 0.03938738 -0.01821815
v 0.09791110 -0.03782999 -0.03657991
v 0.09947092 -0.03704321 -0.03667641
v 0.09391097 -0.03782999 -0.03670858
v 0.09401423 -0.03782999 -0.03670657
v 0.09479143 -0.03782999 -0.03668445
v 0.09635127 -0.03782999 -0.03663419
v 0.09713390 -0.03782999 -0.03660806
v 0.10103076 -0.03626445 -0.03667440
v 0.10181339 -0.03626445 -0.03662816
v 0.10259059 -0.03626445 -0.03656986
v 0.10337322 -0.03626445 -0.03649949
v 0.10415042 -0.03626445 -0.03641505
v 0.10491131 -0.03699503 -0.03608734
v 0.10491131 -0.03628051 -0.03631654
v 0.10612331 -0.03588711 -0.03624818
v 0.10515589 -0.03655348 -0.03621601
v 0.10415042 -0.03718772 -0.03614363
v 0.10727008 -0.03626445 -0.03591645
v 0.10805272 -0.03626445 -0.03575762
v 0.10878643 -0.03628051 -0.03558874
v 0.11003648 -0.03589514 -0.03547213
v 0.11306375 -0.03584697 -0.03466593
v 0.11254742 -0.03596740 -0.03474233
v 0.11488445 -0.03595937 -0.03397432
v 0.11540078 -0.03584697 -0.03388184
v 0.12255317 -0.03590317 -0.03005991
v 0.12333580 -0.03589514 -0.02929793
v 0.12028679 -0.03668996 -0.02943867
v 0.12390104 -0.03583894 -0.02883351
v 0.12403692 -0.03587909 -0.02843745
v 0.12078681 -0.03662573 -0.02883351
v 0.11585187 -0.03574260 -0.03379740
v 0.11872696 -0.03516456 -0.03318018
v 0.11763997 -0.03579880 -0.03304950
v 0.11819434 -0.03603163 -0.03253280
v 0.12089550 -0.03508427 -0.03232975
v 0.12193359 -0.03519667 -0.03168237
v 0.12245534 -0.03508427 -0.03155169
v 0.12077051 -0.03581486 -0.03146524
v 0.12343363 -0.03516456 -0.03088220
v 0.12486846 -0.03511639 -0.03003779
v 0.12208577 -0.03580683 -0.03062887
v 0.12286840 -0.03617614 -0.02805344
v 0.12454236 -0.03581486 -0.02727338
v 0.12415104 -0.03590317 -0.02727338
v 0.12910771 -0.03481131 -0.02571525
v 0.13534705 -0.03343844 -0.02337505
v 0.14198312 -0.03197727 -0.02066894
v 0.14392884 -0.03155176 -0.01947672
v 0.14404297 -0.03152768 -0.01624185
v 0.13777104 -0.03290857 -0.01624185
v 0.13612968 -0.03326985 -0.01624185
v 0.10433520 0.03782987 -0.01624185
v 0.10435694 0.03861665 -0.01624185
v 0.09391097 0.04002163 -0.01826238
v 0.09869373 -0.03704321 -0.03671059
v 0.10025356 -0.03626445 -0.03671059
v 0.09391097 -0.03704321 -0.03677291
v 0.09401423 -0.03704321 -0.03677291
v 0.09479143 -0.03704321 -0.03676889
v 0.09557407 -0.03704321 -0.03676286
v 0.09713390 -0.03704321 -0.03674678
v 0.09791110 -0.03704321 -0.03673472
v 0.10181339 -0.03548569 -0.03665430
v 0.10259059 -0.03548569 -0.03661207
v 0.10337322 -0.03548569 -0.03655981
v 0.10415042 -0.03548569 -0.03649949
v 0.10493305 -0.03548569 -0.03642711
v 0.10571025 -0.03548569 -0.03634468
v 0.10691138 -0.03511639 -0.03624818
v 0.10883535 -0.03470694 -0.03601094
v 0.10961255 -0.03470694 -0.03588629
v 0.10805272 -0.03548569 -0.03600491
v 0.10883535 -0.03548569 -0.03586217
v 0.10642766 -0.03619219 -0.03609940
v 0.10571025 -0.03639290 -0.03616776
v 0.10961255 -0.03548569 -0.03570333
v 0.11097672 -0.03521273 -0.03550832
v 0.11055823 -0.03573457 -0.03540780
v 0.11406921 -0.03518061 -0.03473026
v 0.11351484 -0.03533315 -0.03480666
v 0.11351484 -0.03572655 -0.03459556
v 0.11698778 -0.03507624 -0.03389189
v 0.12572718 -0.03514047 -0.02932206
v 0.12652068 -0.03514047 -0.02857617
v 0.12704244 -0.03506019 -0.02828867
v 0.12724353 -0.03511639 -0.02776997
v 0.12775986 -0.03505216 -0.02727338
v 0.13108605 -0.03432157 -0.02614751
v 0.12737398 -0.03514850 -0.02727338
v 0.12832509 -0.03497187 -0.02649532
v 0.12598805 -0.03548569 -0.02727338
v 0.12411300 -0.03589514 -0.02791874
v 0.12025418 -0.03437777 -0.03316410
v 0.11924872 -0.03503610 -0.03307563
v 0.12192815 -0.03443397 -0.03244032
v 0.12244990 -0.03429749 -0.03233176
v 0.12404778 -0.03432157 -0.03156978
v 0.12559131 -0.03431354 -0.03077966
v 0.12394995 -0.03506019 -0.03072739
v 0.12798269 -0.03433763 -0.02925370
v 0.13222739 -0.03412086 -0.02493518
v 0.14192878 -0.03196122 -0.02118764
v 0.14392884 -0.03151965 -0.02025679
v 0.14523867 -0.03123866 -0.01947672
v 0.14470604 -0.03136711 -0.01947672
v 0.13450463 -0.03361507 -0.02415512
v 0.13861345 -0.03269983 -0.02259699
v 0.14526583 -0.03124669 -0.01869665
v 0.14470604 -0.03137514 -0.01869665
v 0.14478756 -0.03135908 -0.01624185
v 0.10496023 0.03901807 -0.01624185
v 0.09391097 0.04041502 -0.01834079
v 0.09947092 -0.03626445 -0.03673874
v 0.10025356 -0.03548569 -0.03671863
v 0.10103076 -0.03548569 -0.03669048
v 0.09391097 -0.03693884 -0.03677493
v 0.09713390 -0.03626445 -0.03677693
v 0.09791110 -0.03626445 -0.03677091
v 0.09869373 -0.03626445 -0.03675884
v 0.10259059 -0.03470694 -0.03661409
v 0.10181339 0.03548557 -0.03665430
v 0.10337322 -0.03470694 -0.03656584
v 0.10415042 -0.03470694 -0.03651155
v 0.10493305 -0.03470694 -0.03645325
v 0.10571025 -0.03470694 -0.03638489
v 0.10649288 -0.03470694 -0.03630648
v 0.10698203 -0.03470694 -0.03625421
v 0.10737335 -0.03470694 -0.03620797
v 0.10805272 -0.03470694 -0.03612152
v 0.10961255 -0.03392818 -0.03595666
v 0.11039518 -0.03392818 -0.03584206
v 0.11117238 -0.03392818 -0.03571942
v 0.11039518 -0.03470694 -0.03574958
v 0.11121043 -0.03474708 -0.03558070
v 0.11181370 -0.03452228 -0.03551636
v 0.11149848 -0.03503610 -0.03544801
v 0.11121043 -0.03547766 -0.03534547
v 0.11431378 -0.03474708 -0.03484285
v 0.11550403 -0.03434566 -0.03469407
v 0.11458553 -0.03502807 -0.03465588
v 0.11741170 -0.03456242 -0.03403262
v 0.11795520 -0.03440186 -0.03395019
v 0.12884140 -0.03436171 -0.02853797
v 0.12624350 -0.03505216 -0.02909487
v 0.12965122 -0.03436974 -0.02780012
v 0.13017297 -0.03428143 -0.02754077
v 0.13040668 -0.03435368 -0.02702207
v 0.13092299 -0.03427340 -0.02666621
v 0.13423288 -0.03355084 -0.02539357
v 0.13475464 -0.03347859 -0.02493518
v 0.13436332 -0.03358296 -0.02493518
v 0.13534705 -0.03340633 -0.02415512
v 0.13300458 -0.03393621 -0.02493518
v 0.13154258 -0.03424129 -0.02571525
v 0.13115126 -0.03433763 -0.02571525
v 0.11847152 -0.03423326 -0.03386777
v 0.12168358 -0.03352676 -0.03311986
v 0.12077594 -0.03421720 -0.03306558
v 0.12340102 -0.03362310 -0.03240011
v 0.12555870 -0.03351070 -0.03154566
v 0.12503694 -0.03366324 -0.03166226
v 0.12713483 -0.03351873 -0.03077162
v 0.12706962 -0.03427340 -0.02994531
v 0.12655330 -0.03438580 -0.03010414
v 0.12865663 -0.03350267 -0.02996743
v 0.12961318 -0.03359098 -0.02929190
v 0.13104257 -0.03352676 -0.02843343
v 0.13190672 -0.03356690 -0.02771568
v 0.14474952 -0.03130288 -0.02026684
v 0.14517345 -0.03121457 -0.02001352
v 0.13815148 -0.03277209 -0.02311771
v 0.14562997 -0.03111823 -0.01947672
v 0.14565715 -0.03112626 -0.01869665
v 0.14559737 -0.03115034 -0.01624185
v 0.14526583 -0.03124669 -0.01624185
v 0.10566134 0.03928301 -0.01624185
v 0.09401423 0.04043108 -0.01833878
v 0.09391097 0.04077630 -0.01873083
v 0.09947092 -0.03548569 -0.03674276
v 0.10025356 0.01052520 -0.03672064
v 0.10103076 0.03548557 -0.03669048
v 0.09391097 -0.03626445 -0.03677895
v 0.09635127 -0.03626445 -0.03677895
v 0.09713390 0.03626432 -0.03677693
v 0.09869373 -0.03548569 -0.03676086
v 0.09791110 0.03626432 -0.03677091
v 0.10259059 -0.02690331 -0.03661409
v 0.10025356 0.03626432 -0.03671059
v 0.10103076 0.03626432 -0.03667440
v 0.10259059 0.03548557 -0.03661207
v 0.10337322 0.03470681 -0.03656584
v 0.10415042 0.03470681 -0.03651155
v 0.10571025 -0.03392818 -0.03638690
v 0.10493305 0.03470681 -0.03645124
v 0.10571025 0.03392805 -0.03638690
v 0.10649288 -0.03392818 -0.03631452
v 0.10704181 -0.03392818 -0.03626024
v 0.10742769 -0.03392818 -0.03622003
v 0.10805272 -0.03392818 -0.03615168
v 0.10883535 -0.03392818 -0.03605719
v 0.10961255 -0.03314942 -0.03596470
v 0.11039518 -0.03314942 -0.03586217
v 0.11117238 -0.03314942 -0.03575159
v 0.11195501 -0.03314942 -0.03563297
v 0.11266699 -0.03314942 -0.03551837
v 0.11253112 -0.03378367 -0.03549827
v 0.11202566 -0.03399241 -0.03556059
v 0.11233546 -0.03430551 -0.03546208
v 0.11202566 -0.03474708 -0.03540780
v 0.11273221 -0.03470694 -0.03525299
v 0.11351484 -0.03470694 -0.03506400
v 0.11507467 -0.03487553 -0.03458350
v 0.11580296 -0.03389607 -0.03475439
v 0.11602579 -0.03412889 -0.03462572
v 0.11741170 -0.03392818 -0.03430605
v 0.11820521 -0.03395226 -0.03406479
v 0.12936316 -0.03426537 -0.02832084
v 0.13273284 -0.03357493 -0.02697784
v 0.13351004 -0.03357493 -0.02621385
v 0.13402636 -0.03348662 -0.02591228
v 0.13730906 -0.03275603 -0.02455520
v 0.13745581 -0.03280420 -0.02415512
v 0.13801561 -0.03273997 -0.02363641
v 0.13612968 -0.03319759 -0.02415512
v 0.11883023 -0.03371141 -0.03397633
v 0.11934654 -0.03351873 -0.03389993
v 0.12251513 -0.03278814 -0.03313796
v 0.12479237 -0.03273195 -0.03233377
v 0.12427062 -0.03293265 -0.03243228
v 0.12392277 -0.03344648 -0.03229557
v 0.12646633 -0.03281223 -0.03160195
v 0.12807508 -0.03284434 -0.03084802
v 0.12963492 -0.03283631 -0.03007398
v 0.13114040 -0.03280420 -0.02926979
v 0.13013493 -0.03346253 -0.02912704
v 0.13260783 -0.03274800 -0.02843745
v 0.13351546 -0.03281223 -0.02774182
v 0.13439593 -0.03285237 -0.02704016
v 0.13574924 -0.03276405 -0.02611735
v 0.14140703 -0.03203347 -0.02181692
v 0.14504300 -0.03118246 -0.02053222
v 0.14545606 -0.03108612 -0.02026684
v 0.14626586 -0.03076498 -0.02025679
v 0.14626586 -0.03086132 -0.01947672
v 0.14626586 -0.03087738 -0.01869665
v 0.14626586 -0.03088541 -0.01635645
v 0.14574412 -0.03109415 -0.01624185
v 0.10649288 0.03935526 -0.01624185
v 0.09526427 0.04055150 -0.01831064
v 0.09479143 0.04051136 -0.01832270
v 0.09578059 0.04055953 -0.01830058
v 0.09635127 0.04056756 -0.01829455
v 0.09401423 0.04077630 -0.01872882
v 0.09391097 0.04100110 -0.01947672
v 0.09947092 0.03548557 -0.03674276
v 0.10025356 0.03548557 -0.03672064
v 0.09391097 0.03626432 -0.03677895
v 0.09635127 0.03626432 -0.03677895
v 0.09401423 0.03704308 -0.03677291
v 0.09479143 0.03704308 -0.03676889
v 0.09557407 0.03704308 -0.03676286
v 0.09869373 -0.02534579 -0.03676086
v 0.09713390 0.03704308 -0.03674678
v 0.09869373 0.03626432 -0.03675884
v 0.09947092 0.03626432 -0.03673874
v 0.09869373 0.03704308 -0.03671059
v 0.09947092 0.03704308 -0.03667641
v 0.10025356 0.03704308 -0.03663218
v 0.10181339 0.03626432 -0.03662816
v 0.10337322 0.03548557 -0.03656181
v 0.10415042 0.03548557 -0.03649949
v 0.10571025 0.03470681 -0.03638489
v 0.10649288 0.03392805 -0.03631452
v 0.10704181 -0.03314942 -0.03626024
v 0.10742769 0.03392805 -0.03622003
v 0.10883535 -0.03314942 -0.03606120
v 0.10805272 0.03392805 -0.03615168
v 0.10961255 0.03314929 -0.03596470
v 0.11117238 -0.03236264 -0.03575360
v 0.11039518 0.03314929 -0.03586217
v 0.11195501 -0.03236264 -0.03563900
v 0.11270504 -0.03236264 -0.03552239
v 0.11305287 -0.03314942 -0.03545203
v 0.11309092 -0.03236264 -0.03546007
v 0.11351484 -0.03236264 -0.03538970
v 0.11277025 -0.03399241 -0.03541986
v 0.11351484 -0.03314942 -0.03536960
v 0.11429204 -0.03314942 -0.03522082
v 0.11507467 -0.03314942 -0.03506199
v 0.11351484 -0.03392818 -0.03527511
v 0.11429204 -0.03392818 -0.03510220
v 0.11507467 -0.03392818 -0.03491925
v 0.11633015 -0.03360704 -0.03470614
v 0.11660733 -0.03389607 -0.03454128
v 0.13324916 -0.03347859 -0.02673256
v 0.13654818 -0.03277209 -0.02535537
v 0.14386906 -0.03126274 -0.02174052
v 0.14432016 -0.03119851 -0.02143091
v 0.14127114 -0.03200136 -0.02229341
v 0.11819434 -0.03314942 -0.03432615
v 0.11904219 -0.03321365 -0.03407283
v 0.11960743 -0.03300491 -0.03397432
v 0.12012918 -0.03273195 -0.03389993
v 0.11982483 -0.03321365 -0.03384565
v 0.12281405 -0.03229038 -0.03318018
v 0.12325972 -0.03197727 -0.03312389
v 0.12558044 -0.03195319 -0.03233980
v 0.12729244 -0.03208967 -0.03162004
v 0.12698266 -0.03261152 -0.03148735
v 0.12893924 -0.03214587 -0.03088220
v 0.12859684 -0.03266772 -0.03072337
v 0.13015667 -0.03266772 -0.02993526
v 0.13258065 -0.03194516 -0.02920344
v 0.13356438 -0.03207361 -0.02853797
v 0.13403723 -0.03268377 -0.02756087
v 0.13502638 -0.03201741 -0.02770764
v 0.13491225 -0.03273195 -0.02684715
v 0.13818409 -0.03202544 -0.02540966
v 0.13952653 -0.03192910 -0.02443658
v 0.14447233 -0.03124669 -0.02103685
v 0.14486365 -0.03111020 -0.02103685
v 0.14548866 -0.03087738 -0.02103685
v 0.14626043 -0.03056427 -0.02100468
v 0.14670610 -0.03044384 -0.02072322
v 0.14678763 -0.03050004 -0.02025679
v 0.14686371 -0.03054821 -0.01947672
v 0.14687458 -0.03055624 -0.01869665
v 0.14635827 -0.03083723 -0.01624185
v 0.14626586 -0.03088541 -0.01624185
v 0.10727008 0.03933118 -0.01624185
v 0.10649288 0.03941146 -0.01635645
v 0.09777522 0.04056756 -0.01829656
v 0.09713390 0.04056756 -0.01829053
v 0.09479143 0.04093687 -0.01947672
v 0.09401423 0.04100110 -0.03039365
v 0.09391097 0.04100912 -0.03195378
v 0.09829698 0.04055953 -0.01830863
v 0.09391097 0.03704308 -0.03677291
v 0.09391097 0.03714745 -0.03676688
v 0.09391097 0.03782987 -0.03670858
v 0.09791110 0.03704308 -0.03673271
v 0.09401423 0.03782987 -0.03670657
v 0.09479143 0.03782987 -0.03668445
v 0.09635127 0.03782987 -0.03663419
v 0.09713390 0.03782987 -0.03660806
v 0.09791110 0.03782987 -0.03657790
v 0.09869373 0.03782987 -0.03653769
v 0.10103076 0.03704308 -0.03657388
v 0.09947092 0.03782987 -0.03648140
v 0.10259059 0.03626432 -0.03656986
v 0.10493305 0.03548557 -0.03642711
v 0.10337322 0.03626432 -0.03649949
v 0.10691138 0.03511626 -0.03624818
v 0.10649288 0.03470681 -0.03630648
v 0.10703638 0.03392805 -0.03626024
v 0.10698203 0.03470681 -0.03625421
v 0.10883535 0.03314929 -0.03606120
v 0.10737335 0.03470681 -0.03620797
v 0.10883535 0.03392805 -0.03605719
v 0.10961255 0.03392805 -0.03595666
v 0.11117238 0.03314929 -0.03575360
v 0.11195501 0.03236251 -0.03563900
v 0.11270504 0.03236251 -0.03552239
v 0.11309635 0.01988634 -0.03546007
v 0.11429204 -0.03236264 -0.03525500
v 0.11429204 -0.02066522 -0.03525701
v 0.11351484 0.03236251 -0.03538970
v 0.11507467 -0.03236264 -0.03511025
v 0.11585187 -0.03236264 -0.03495946
v 0.11585187 -0.03314942 -0.03489512
v 0.11663450 -0.03236264 -0.03480063
v 0.11704213 -0.03278011 -0.03468804
v 0.11685190 -0.03330196 -0.03463979
v 0.11660733 -0.03308519 -0.03473831
v 0.14356470 -0.03120654 -0.02223309
v 0.11734649 -0.03308519 -0.03455535
v 0.11982483 -0.03242686 -0.03403262
v 0.12029223 -0.03221010 -0.03394416
v 0.12054224 -0.03242686 -0.03383560
v 0.12131400 -0.03236264 -0.03362248
v 0.12286840 -0.03158388 -0.03329478
v 0.12374342 -0.03158388 -0.03303342
v 0.12442823 -0.03158388 -0.03281226
v 0.12576522 -0.03143134 -0.03240011
v 0.12600979 -0.03164811 -0.03225938
v 0.12803704 -0.03131091 -0.03160195
v 0.12755333 -0.03157585 -0.03170247
v 0.12781420 -0.03183276 -0.03151148
v 0.12946099 -0.03193713 -0.03076559
v 0.13104257 -0.03196122 -0.02999557
v 0.13052081 -0.03215390 -0.03012223
v 0.13342308 -0.03122260 -0.02923762
v 0.13495573 -0.03119049 -0.02844348
v 0.13408071 -0.03190502 -0.02838718
v 0.13593403 -0.03208164 -0.02701603
v 0.13645577 -0.03193713 -0.02683911
v 0.13733624 -0.03199333 -0.02613343
v 0.13592315 -0.03132697 -0.02777399
v 0.13738516 -0.03125471 -0.02693963
v 0.13881998 -0.03117443 -0.02607915
v 0.13830365 -0.03133500 -0.02625205
v 0.14194508 -0.03118246 -0.02373694
v 0.14277120 -0.03119851 -0.02299708
v 0.14599413 -0.03047596 -0.02153746
v 0.14651588 -0.03033947 -0.02124393
v 0.14705937 -0.03003439 -0.02105696
v 0.14754309 -0.02973734 -0.02086998
v 0.14717893 -0.03021905 -0.02025679
v 0.14725503 -0.03027525 -0.01947672
v 0.14726590 -0.03029130 -0.01869665
v 0.14687458 -0.03055624 -0.01624185
v 0.10727008 0.03936330 -0.01635645
v 0.10805272 0.03924286 -0.01624185
v 0.09557407 0.04087264 -0.01947672
v 0.09401423 0.04100110 -0.03195378
v 0.09479143 0.04093687 -0.03273385
v 0.09391097 0.04100110 -0.03273385
v 0.10492761 0.03973260 -0.01712847
v 0.10259059 0.04008585 -0.01791658
v 0.09947092 0.04047925 -0.01869665
v 0.09872090 0.04054348 -0.01862025
v 0.09391097 0.03793424 -0.03668445
v 0.09391097 0.03860863 -0.03649748
v 0.09791110 0.03842397 -0.03635272
v 0.09869373 0.03836777 -0.03632659
v 0.10181339 0.03704308 -0.03650351
v 0.09947092 0.03830354 -0.03629241
v 0.10003616 0.03824735 -0.03626426
v 0.10028073 0.03788606 -0.03638288
v 0.10103076 0.03773353 -0.03636680
v 0.10571025 0.03548557 -0.03634468
v 0.10415042 0.03626432 -0.03641505
v 0.10883535 0.03470681 -0.03601094
v 0.10805272 0.03470681 -0.03612152
v 0.10612331 0.03588699 -0.03624818
v 0.11039518 0.03392805 -0.03584407
v 0.11195501 0.03314929 -0.03563297
v 0.11309635 0.03236251 -0.03546007
v 0.11507467 -0.03158388 -0.03511628
v 0.11429204 0.00194282 -0.03525701
v 0.11266699 0.03314929 -0.03551837
v 0.11305831 0.03314929 -0.03545203
v 0.11429204 0.03236251 -0.03525500
v 0.11585187 -0.03158388 -0.03496750
v 0.11663450 -0.03158388 -0.03481470
v 0.11714539 -0.03158388 -0.03471016
v 0.11753671 -0.03158388 -0.03462773
v 0.11710192 -0.03236264 -0.03470011
v 0.11748780 -0.03236264 -0.03461365
v 0.11819434 -0.03236264 -0.03445081
v 0.11897153 -0.03236264 -0.03426182
v 0.12040093 -0.03158388 -0.03396829
v 0.12079225 -0.03158388 -0.03386978
v 0.12131400 -0.03158388 -0.03373105
v 0.12208577 -0.03158388 -0.03351794
v 0.12385756 -0.03080512 -0.03307161
v 0.12442823 -0.03080512 -0.03290474
v 0.12520543 -0.03080512 -0.03266549
v 0.12591197 -0.03080512 -0.03244434
v 0.12630329 -0.03080512 -0.03231768
v 0.12676527 -0.03080512 -0.03216086
v 0.12754789 -0.03080512 -0.03188945
v 0.12819465 -0.03080512 -0.03165623
v 0.12858596 -0.03080512 -0.03151148
v 0.12910771 -0.03080512 -0.03130842
v 0.13041754 -0.03062047 -0.03083998
v 0.13023819 -0.03113429 -0.03076559
v 0.12971644 -0.03141528 -0.03087616
v 0.13185237 -0.03121457 -0.03001166
v 0.13419484 -0.03043582 -0.02923159
v 0.13574924 -0.03042779 -0.02845152
v 0.13727102 -0.03038765 -0.02764934
v 0.13644491 -0.03113429 -0.02761918
v 0.13970588 -0.03123866 -0.02537347
v 0.14110266 -0.03114231 -0.02446875
v 0.13970044 -0.03045990 -0.02614348
v 0.14114614 -0.03037962 -0.02529104
v 0.14438538 -0.02968114 -0.02380730
v 0.14581476 -0.02959283 -0.02294279
v 0.14205922 -0.03046793 -0.02460144
v 0.14346687 -0.03037159 -0.02371281
v 0.14434190 -0.03042779 -0.02300512
v 0.14518431 -0.03045990 -0.02227531
v 0.14570607 -0.03032342 -0.02205617
v 0.14626043 -0.03017088 -0.02180486
v 0.14668436 -0.02965706 -0.02222907
v 0.14685827 -0.02978551 -0.02181692
v 0.14741808 -0.02961692 -0.02139070
v 0.14785287 -0.02927972 -0.02108913
v 0.14827137 -0.02893450 -0.02078956
v 0.14803222 -0.02942423 -0.02025679
v 0.14764634 -0.02983368 -0.02025679
v 0.14770614 -0.02988988 -0.01947672
v 0.14726590 -0.03029130 -0.01624185
v 0.14771700 -0.02989791 -0.01869665
v 0.10805272 0.03926696 -0.01635645
v 0.10571025 0.03964429 -0.01713651
v 0.10884079 0.03912244 -0.01624185
v 0.09557407 0.04087264 -0.03195378
v 0.09713390 0.04072812 -0.01947672
v 0.09635127 0.04080038 -0.03273385
v 0.09401423 0.04094490 -0.03351392
v 0.09391097 0.04096095 -0.03340938
v 0.10466130 0.03979683 -0.01738581
v 0.10337322 0.03999754 -0.01791658
v 0.10025356 0.04039896 -0.01869665
v 0.09856328 0.04058362 -0.01947672
v 0.09391097 0.03908230 -0.03629643
v 0.09713390 0.03886553 -0.03616776
v 0.09791110 0.03881736 -0.03613358
v 0.10259059 0.03704308 -0.03641706
v 0.10181339 0.03761310 -0.03632458
v 0.10259059 0.03750070 -0.03627431
v 0.09869373 0.03876116 -0.03609337
v 0.10028073 0.03855243 -0.03602904
v 0.10055792 0.03819115 -0.03623411
v 0.10415042 0.03679420 -0.03629442
v 0.10463957 0.03669786 -0.03625823
v 0.10491131 0.03628038 -0.03631654
v 0.10961255 0.03470681 -0.03588629
v 0.10883535 0.03548557 -0.03586217
v 0.10805272 0.03548557 -0.03600491
v 0.10515589 0.03655335 -0.03621601
v 0.10571025 0.03639278 -0.03616776
v 0.10642766 0.03619207 -0.03609940
v 0.11117238 0.03392805 -0.03571942
v 0.11507467 -0.02846885 -0.03511628
v 0.11507467 0.03158375 -0.03511427
v 0.11351484 0.03314929 -0.03536960
v 0.11253112 0.03378354 -0.03549827
v 0.11507467 0.03236251 -0.03511025
v 0.11585187 0.03158375 -0.03496750
v 0.11663450 0.03158375 -0.03481269
v 0.11714539 0.03158375 -0.03471016
v 0.11753671 0.02690318 -0.03462974
v 0.11819434 -0.03080512 -0.03448699
v 0.11819434 -0.03158388 -0.03448499
v 0.11897153 -0.03158388 -0.03431007
v 0.11975417 -0.03158388 -0.03412712
v 0.12082485 -0.03080512 -0.03387983
v 0.12131400 -0.03080512 -0.03375719
v 0.12208577 -0.03080512 -0.03355614
v 0.12286840 -0.03080512 -0.03334705
v 0.12346624 -0.03080512 -0.03318219
v 0.12442823 -0.03002637 -0.03292284
v 0.12520543 -0.03002637 -0.03269565
v 0.12636851 -0.03021905 -0.03234181
v 0.12869467 -0.03030736 -0.03155772
v 0.12754789 -0.03002637 -0.03196384
v 0.13056429 -0.03002637 -0.03089225
v 0.13229260 -0.03007453 -0.03018456
v 0.13259153 -0.03037159 -0.02999356
v 0.13095017 -0.03002637 -0.03074146
v 0.13144475 -0.03002637 -0.03054242
v 0.13202628 -0.03080512 -0.03008604
v 0.13241760 -0.03080512 -0.02990912
v 0.13433070 -0.03002637 -0.02929392
v 0.13647209 -0.02954466 -0.02842136
v 0.13590685 -0.03002637 -0.02852792
v 0.13629816 -0.03002637 -0.02832687
v 0.13749929 -0.02986580 -0.02776997
v 0.13875477 -0.03031539 -0.02682102
v 0.13823301 -0.03054018 -0.02697582
v 0.13953196 -0.02949649 -0.02682504
v 0.14276576 -0.02886224 -0.02533125
v 0.14051026 -0.02972128 -0.02615756
v 0.14198856 -0.02964903 -0.02533326
v 0.14345600 -0.02956072 -0.02449288
v 0.14293425 -0.02976945 -0.02465573
v 0.14667892 -0.02887830 -0.02300311
v 0.14626586 -0.02942423 -0.02277592
v 0.14529845 -0.02976143 -0.02311771
v 0.14693980 -0.02914324 -0.02249848
v 0.14747243 -0.02889436 -0.02224515
v 0.14724416 -0.02945635 -0.02181692
v 0.14761917 -0.02907098 -0.02181692
v 0.14816810 -0.02877393 -0.02130827
v 0.14842898 -0.02849294 -0.02104490
v 0.14867899 -0.02846885 -0.02025679
v 0.14834201 -0.02903084 -0.02025679
v 0.14809744 -0.02948846 -0.01947672
v 0.14810832 -0.02950452 -0.01869665
v 0.14771700 -0.02989791 -0.01624185
v 0.10649288 0.03953189 -0.01713651
v 0.10883535 0.03913850 -0.01635645
v 0.10472109 0.03980486 -0.01791658
v 0.10946037 0.03901807 -0.01624185
v 0.09713390 0.04072812 -0.03195378
v 0.09791110 0.04065588 -0.03039365
v 0.09791110 0.04065588 -0.03195378
v 0.09791110 0.04064784 -0.03273385
v 0.09843829 0.04056756 -0.03320833
v 0.09391097 0.04095292 -0.03351392
v 0.09557407 0.04080038 -0.03351392
v 0.09747630 0.04055150 -0.03387581
v 0.09401423 0.04075222 -0.03429399
v 0.10181339 0.04020628 -0.01869665
v 0.10337322 0.03999754 -0.03195378
v 0.10025356 0.04039896 -0.03195378
v 0.09947092 0.04048728 -0.01947672
v 0.09895460 0.04054348 -0.01947672
v 0.09391097 0.03947569 -0.03602099
v 0.09791110 0.03931512 -0.03574355
v 0.10299277 0.03743647 -0.03624617
v 0.10329714 0.03705914 -0.03632458
v 0.09947092 0.03868891 -0.03604110
v 0.09869373 0.03925892 -0.03570333
v 0.09947092 0.03920272 -0.03565107
v 0.10025356 0.03913047 -0.03559276
v 0.10103076 0.03860863 -0.03586820
v 0.10259059 0.03848820 -0.03567720
v 0.10181339 0.03800649 -0.03613559
v 0.10350910 0.03732408 -0.03620194
v 0.10491131 0.03699491 -0.03608734
v 0.11039518 0.03470681 -0.03574757
v 0.11233546 0.03430539 -0.03546208
v 0.11202566 0.03399228 -0.03556059
v 0.10961255 0.03548557 -0.03570333
v 0.11097672 0.03521260 -0.03550832
v 0.11121043 0.03474695 -0.03558070
v 0.10727008 0.03626432 -0.03591645
v 0.10805272 0.03626432 -0.03575762
v 0.11429204 0.03314929 -0.03522082
v 0.11277025 0.03399228 -0.03541986
v 0.11507467 0.03314929 -0.03506199
v 0.11585187 0.03236251 -0.03495946
v 0.11753671 0.03158375 -0.03462974
v 0.11897153 -0.03080512 -0.03431610
v 0.11819434 0.03158375 -0.03448699
v 0.11975417 -0.03080512 -0.03413717
v 0.12043354 -0.03080512 -0.03397432
v 0.12131400 -0.01442714 -0.03375920
v 0.12082485 0.02612443 -0.03388184
v 0.12208577 -0.03002637 -0.03355815
v 0.12286840 -0.03002637 -0.03335308
v 0.12348255 -0.03002637 -0.03318621
v 0.12387386 -0.03002637 -0.03307764
v 0.12348255 -0.02612455 -0.03318822
v 0.12387386 0.00506587 -0.03307966
v 0.12442823 0.03002624 -0.03292284
v 0.12598805 -0.02924761 -0.03246445
v 0.12637937 -0.02969720 -0.03234583
v 0.12520543 0.03002624 -0.03269565
v 0.12754789 -0.02924761 -0.03197590
v 0.12839574 -0.03004242 -0.03167835
v 0.12874901 -0.02978551 -0.03157380
v 0.12904793 -0.03004242 -0.03145116
v 0.12988491 -0.03002637 -0.03114557
v 0.12832509 -0.02924761 -0.03172258
v 0.13103713 -0.02924761 -0.03077765
v 0.13144475 -0.02924761 -0.03062285
v 0.13222739 -0.02924761 -0.03032529
v 0.13272740 -0.02984974 -0.03004985
v 0.13299915 -0.03007453 -0.02988299
v 0.13488507 -0.02944029 -0.02918937
v 0.13282523 -0.02924761 -0.03008805
v 0.13617860 -0.02927169 -0.02862442
v 0.13660252 -0.02902281 -0.02848168
v 0.13687971 -0.02927169 -0.02828867
v 0.13817322 -0.02901478 -0.02771166
v 0.13801561 -0.02953663 -0.02763124
v 0.14124940 -0.02891844 -0.02613343
v 0.14500496 -0.02791489 -0.02449489
v 0.14652131 -0.02787475 -0.02368466
v 0.14599955 -0.02820391 -0.02383344
v 0.14426038 -0.02878999 -0.02451298
v 0.14574412 -0.02872576 -0.02368667
v 0.14522779 -0.02895859 -0.02384148
v 0.14626043 -0.02846082 -0.02352382
v 0.14685285 -0.02846885 -0.02313379
v 0.14741264 -0.02802729 -0.02296290
v 0.14723873 -0.02846885 -0.02280407
v 0.14761917 -0.02846885 -0.02241403
v 0.14816266 -0.02795503 -0.02212252
v 0.14801593 -0.02849294 -0.02184507
v 0.14831485 -0.02825208 -0.02160381
v 0.14882573 -0.02765798 -0.02100670
v 0.14893986 -0.02792292 -0.02025679
v 0.14898878 -0.02805137 -0.01962147
v 0.14882030 -0.02838857 -0.01940836
v 0.14839637 -0.02910310 -0.01947672
v 0.14840181 -0.02911112 -0.01869665
v 0.14840181 -0.02911915 -0.01713651
v 0.14815180 -0.02944832 -0.01624185
v 0.14810832 -0.02950452 -0.01624185
v 0.10805272 0.03927498 -0.01713651
v 0.10649288 0.03953189 -0.03117372
v 0.10979190 0.03896188 -0.01624185
v 0.10941146 0.03903413 -0.01635645
v 0.10941689 0.03903413 -0.02571525
v 0.10883535 0.03913850 -0.02727338
v 0.10472109 0.03980486 -0.02961358
v 0.09895460 0.04054348 -0.03195378
v 0.09853611 0.04058362 -0.03273385
v 0.09869373 0.04048728 -0.03348577
v 0.09791110 0.04059968 -0.03336113
v 0.09635127 0.04072812 -0.03351392
v 0.09947092 0.04047925 -0.03273385
v 0.10025356 0.04038290 -0.03273385
v 0.10103076 0.04028656 -0.03273385
v 0.09947092 0.04039093 -0.03351392
v 0.09391097 0.04076024 -0.03429399
v 0.09695454 0.04057559 -0.03396226
v 0.09791110 0.04052742 -0.03375116
v 0.10025356 0.04028656 -0.03351392
v 0.09947092 0.04014205 -0.03429399
v 0.09869373 0.04024642 -0.03429399
v 0.09791110 0.04034276 -0.03429399
v 0.09718281 0.04043910 -0.03425177
v 0.09635127 0.04060770 -0.03404469
v 0.09557407 0.04064784 -0.03414923
v 0.09473708 0.04066390 -0.03433420
v 0.09444360 0.04055953 -0.03469206
v 0.09391097 0.04059164 -0.03474434
v 0.10181339 0.04020628 -0.03195378
v 0.10471565 0.03980486 -0.03117372
v 0.10508523 0.03974063 -0.03195378
v 0.10462870 0.03978880 -0.03243429
v 0.10259059 0.04006979 -0.03273385
v 0.10181339 0.04018219 -0.03273385
v 0.09947092 0.04048728 -0.03195378
v 0.09391097 0.03994134 -0.03563096
v 0.10571025 0.03704308 -0.03590841
v 0.10259059 0.03788606 -0.03606724
v 0.10329714 0.03774958 -0.03601496
v 0.10415042 0.03782987 -0.03580185
v 0.10571025 0.03762915 -0.03559477
v 0.09713390 0.03974866 -0.03542790
v 0.09791110 0.03970049 -0.03537563
v 0.09869373 0.03965232 -0.03530928
v 0.10103076 0.03905822 -0.03552441
v 0.10178078 0.03865679 -0.03569932
v 0.10149816 0.03901004 -0.03548018
v 0.10337322 0.03838383 -0.03559879
v 0.10201992 0.03895384 -0.03541785
v 0.10415042 0.03718759 -0.03614363
v 0.11181370 0.03452216 -0.03551636
v 0.11149848 0.03503598 -0.03544801
v 0.11202566 0.03474695 -0.03540780
v 0.11273221 0.03470681 -0.03525299
v 0.11507467 0.03392805 -0.03492126
v 0.11429204 0.03392805 -0.03510220
v 0.11351484 0.03392805 -0.03527511
v 0.11003648 0.03589502 -0.03547213
v 0.11055823 0.03573445 -0.03540780
v 0.10849838 0.03668180 -0.03547816
v 0.10878643 0.03628038 -0.03558874
v 0.11585187 0.03314929 -0.03489713
v 0.11704213 0.03277999 -0.03468804
v 0.11663450 0.03236251 -0.03479862
v 0.11709648 0.03236251 -0.03470011
v 0.11897153 0.03080500 -0.03431610
v 0.11748780 0.03236251 -0.03461365
v 0.11897153 0.03158375 -0.03431007
v 0.11975417 0.03080500 -0.03413717
v 0.12131400 0.03080500 -0.03375920
v 0.12208577 0.03002624 -0.03356016
v 0.12082485 0.02768997 -0.03388184
v 0.12286840 0.03002624 -0.03335308
v 0.12348255 -0.02456704 -0.03318822
v 0.12387386 0.03002624 -0.03307966
v 0.12385756 0.03080500 -0.03307362
v 0.12637937 -0.02768207 -0.03234583
v 0.12598805 0.02846873 -0.03246244
v 0.12677069 -0.02924761 -0.03222319
v 0.12442823 0.03080500 -0.03290474
v 0.12636851 0.03015469 -0.03234181
v 0.12605871 0.02994596 -0.03243831
v 0.12637937 0.02964088 -0.03234382
v 0.12754789 0.02924748 -0.03197791
v 0.12875989 -0.02924761 -0.03157783
v 0.12915120 -0.02924761 -0.03144714
v 0.12988491 -0.02924761 -0.03118980
v 0.13065125 -0.02924761 -0.03091839
v 0.12875989 0.02534567 -0.03157983
v 0.13105343 -0.02846885 -0.03078167
v 0.13222739 -0.02846885 -0.03034741
v 0.13286871 -0.02846885 -0.03010213
v 0.13326003 -0.02846885 -0.02995134
v 0.13378721 -0.02846885 -0.02974225
v 0.13321654 -0.02924761 -0.02992923
v 0.13378721 -0.02924761 -0.02969400
v 0.13460246 -0.02920747 -0.02935222
v 0.13498291 -0.02891844 -0.02923360
v 0.13456985 -0.02846885 -0.02942661
v 0.13706993 -0.02846885 -0.02833893
v 0.13768952 -0.02846885 -0.02804942
v 0.13828737 -0.02846885 -0.02776393
v 0.13924934 -0.02846885 -0.02729348
v 0.13972218 -0.02897464 -0.02692757
v 0.13985807 -0.02846885 -0.02699191
v 0.14347230 -0.02793898 -0.02529305
v 0.14668979 -0.02735290 -0.02378720
v 0.14626043 -0.02764192 -0.02391386
v 0.14705394 -0.02769009 -0.02338108
v 0.14753765 -0.02751347 -0.02307951
v 0.14784744 -0.02773024 -0.02262111
v 0.14827137 -0.02743318 -0.02227732
v 0.14842355 -0.02769009 -0.02184507
v 0.14893986 -0.02690331 -0.02126404
v 0.14902683 -0.02737699 -0.02072523
v 0.14907573 -0.02752953 -0.02025679
v 0.14899965 -0.02807546 -0.01910277
v 0.14909747 -0.02774629 -0.01940836
v 0.14879312 -0.02846885 -0.01869665
v 0.14873877 -0.02856519 -0.01624185
v 0.14840181 -0.02911915 -0.01624185
v 0.10805272 0.03927498 -0.01791658
v 0.10571025 0.03965232 -0.03117372
v 0.10727008 0.03940344 -0.03117372
v 0.11039518 0.03884948 -0.01624185
v 0.10980277 0.03896188 -0.01635645
v 0.10980821 0.03896188 -0.02961358
v 0.10941689 0.03903413 -0.03039365
v 0.10103076 0.04017417 -0.03351392
v 0.10181339 0.03986909 -0.03410299
v 0.10025356 0.04002965 -0.03429399
v 0.10025356 0.03982091 -0.03474836
v 0.09947092 0.03987711 -0.03483883
v 0.09869373 0.03993331 -0.03491925
v 0.09791110 0.03998149 -0.03498559
v 0.09391097 0.04036685 -0.03508210
v 0.10571025 0.03963626 -0.03195378
v 0.10440043 0.03974866 -0.03295299
v 0.10414498 0.03982895 -0.03270973
v 0.10337322 0.03994937 -0.03273385
v 0.10649288 0.03949978 -0.03195378
v 0.10805272 0.03921076 -0.03195378
v 0.10571025 0.03953992 -0.03273385
v 0.10387868 0.03979683 -0.03319426
v 0.09391097 0.04032671 -0.03513437
v 0.10654724 0.03711534 -0.03568926
v 0.10415042 0.03827143 -0.03551234
v 0.10454717 0.03821523 -0.03546610
v 0.10485696 0.03785395 -0.03563699
v 0.10632440 0.03751676 -0.03552038
v 0.09947092 0.03958809 -0.03522886
v 0.10025356 0.03952386 -0.03513839
v 0.10098184 0.03949175 -0.03500369
v 0.10178078 0.03923484 -0.03512432
v 0.10259059 0.03920272 -0.03495343
v 0.10337322 0.03912244 -0.03484285
v 0.10337322 0.03877722 -0.03523288
v 0.11431378 0.03474695 -0.03484486
v 0.11507467 0.03449005 -0.03475238
v 0.11351484 0.03470681 -0.03506400
v 0.11550947 0.03434553 -0.03469608
v 0.11121043 0.03547754 -0.03534547
v 0.11580296 0.03389594 -0.03475439
v 0.11633015 0.03361494 -0.03470614
v 0.11306375 0.03584684 -0.03466593
v 0.11351484 0.03533303 -0.03480666
v 0.11406921 0.03518049 -0.03473026
v 0.11459097 0.03503598 -0.03465588
v 0.10684615 0.03742042 -0.03545404
v 0.11094411 0.03672194 -0.03473629
v 0.11254742 0.03596727 -0.03474233
v 0.11660733 0.03308507 -0.03473831
v 0.11685190 0.03330184 -0.03463979
v 0.11734649 0.03308507 -0.03455535
v 0.11819434 0.03314929 -0.03432615
v 0.11982483 0.03242674 -0.03403262
v 0.11897153 0.03236251 -0.03426182
v 0.11819434 0.03236251 -0.03445081
v 0.11975417 0.03158375 -0.03412712
v 0.12043354 0.03080500 -0.03397432
v 0.12082485 0.03080500 -0.03387983
v 0.12040093 0.03158375 -0.03396829
v 0.12079225 0.03158375 -0.03386978
v 0.12208577 0.03080500 -0.03355815
v 0.12286840 0.03080500 -0.03334705
v 0.12348255 0.03002624 -0.03318621
v 0.12346624 0.03080500 -0.03318219
v 0.12208577 0.03158375 -0.03351794
v 0.12286840 0.03158375 -0.03329478
v 0.12335211 0.03158375 -0.03315203
v 0.12668917 0.02925551 -0.03224732
v 0.12520543 0.03080500 -0.03266549
v 0.12374342 0.03158375 -0.03303342
v 0.12754789 0.03002624 -0.03196585
v 0.12591197 0.03080500 -0.03244434
v 0.12630329 0.03080500 -0.03231768
v 0.12875989 0.02924748 -0.03157983
v 0.12988491 -0.02846885 -0.03119382
v 0.12915120 0.02846873 -0.03144714
v 0.13066213 -0.02846885 -0.03092040
v 0.13066213 0.01442701 -0.03092241
v 0.13105343 0.02846873 -0.03078167
v 0.13222739 0.02846873 -0.03034741
v 0.13287415 0.01910758 -0.03010213
v 0.13378721 -0.02768207 -0.02974627
v 0.13456985 -0.02768207 -0.02943264
v 0.13500464 -0.02846885 -0.02924365
v 0.13539596 -0.02846885 -0.02907879
v 0.13612968 -0.02846885 -0.02876113
v 0.13667861 -0.02846885 -0.02851586
v 0.13502096 -0.02768207 -0.02924968
v 0.13540684 -0.02768207 -0.02908885
v 0.13612968 -0.02768207 -0.02878727
v 0.13768952 -0.02768207 -0.02810170
v 0.13875477 -0.02768207 -0.02761717
v 0.13924934 -0.02768207 -0.02738797
v 0.13998306 -0.02768207 -0.02704619
v 0.14037438 -0.02768207 -0.02686123
v 0.14200486 -0.02738501 -0.02611936
v 0.14359187 -0.02741713 -0.02535336
v 0.14515170 -0.02739304 -0.02457329
v 0.14626586 -0.02690331 -0.02410686
v 0.14677131 -0.02690331 -0.02383746
v 0.14715719 -0.02690331 -0.02356001
v 0.14763547 -0.02690331 -0.02316998
v 0.14802136 -0.02690331 -0.02275984
v 0.14833659 -0.02690331 -0.02236980
v 0.14866813 -0.02690331 -0.02181692
v 0.14907573 -0.02690331 -0.02087400
v 0.14898334 -0.02612455 -0.02139070
v 0.14922248 -0.02690331 -0.02025679
v 0.14930944 -0.02690331 -0.01947672
v 0.14899965 -0.02807546 -0.01624185
v 0.14882573 -0.02841265 -0.01624185
v 0.14913009 -0.02768207 -0.01869665
v 0.10805272 0.03926696 -0.03117372
v 0.11105824 0.03872102 -0.01624185
v 0.11117238 0.03870497 -0.02883351
v 0.10980821 0.03896188 -0.03039365
v 0.10936797 0.03902610 -0.03117372
v 0.10337322 0.03984500 -0.03335308
v 0.10181339 0.04005374 -0.03351392
v 0.10242210 0.03981289 -0.03398840
v 0.10181339 0.03967640 -0.03449303
v 0.10120468 0.03973260 -0.03460561
v 0.10068835 0.03978077 -0.03469608
v 0.10098184 0.03990120 -0.03432414
v 0.10928645 0.03901004 -0.03163814
v 0.10881905 0.03905822 -0.03191961
v 0.10907449 0.03896188 -0.03215885
v 0.10855273 0.03901807 -0.03242826
v 0.10649288 0.03937935 -0.03273385
v 0.10769401 0.03900202 -0.03313997
v 0.10493305 0.03947569 -0.03351392
v 0.10414498 0.03965232 -0.03347773
v 0.10337322 0.03972457 -0.03374312
v 0.10571025 0.03842397 -0.03490719
v 0.10649288 0.03831157 -0.03478455
v 0.10506893 0.03812692 -0.03539171
v 0.10397650 0.03905018 -0.03475037
v 0.10449826 0.03898596 -0.03466593
v 0.11795520 0.03440173 -0.03395019
v 0.11820521 0.03395214 -0.03406479
v 0.11741170 0.03392805 -0.03430605
v 0.11603123 0.03412876 -0.03462572
v 0.11934654 0.03351860 -0.03389993
v 0.11660733 0.03389594 -0.03454329
v 0.11540078 0.03584684 -0.03388184
v 0.11698778 0.03507612 -0.03389189
v 0.11146586 0.03660955 -0.03464985
v 0.10883535 0.03752479 -0.03476645
v 0.10925927 0.03745253 -0.03469608
v 0.11039518 0.03683434 -0.03481872
v 0.10571025 0.03801452 -0.03529722
v 0.11904219 0.03321352 -0.03407283
v 0.11960743 0.03300479 -0.03397432
v 0.12012918 0.03273182 -0.03389993
v 0.12029223 0.03220997 -0.03394416
v 0.12131400 0.03158375 -0.03373105
v 0.12325972 0.03197715 -0.03312389
v 0.12442823 0.03158375 -0.03281226
v 0.12869467 0.03030724 -0.03155772
v 0.12839574 0.03004230 -0.03167835
v 0.12874901 0.02979342 -0.03157380
v 0.12676527 0.03080500 -0.03216086
v 0.12576522 0.03143121 -0.03240011
v 0.12915120 0.02924748 -0.03144513
v 0.12988491 0.02846873 -0.03119382
v 0.13066213 0.02378816 -0.03092241
v 0.13066213 0.02846873 -0.03092040
v 0.13065125 0.02924748 -0.03091839
v 0.13103713 0.02924748 -0.03077765
v 0.13144475 0.02924748 -0.03062285
v 0.13222739 0.02924748 -0.03032529
v 0.13286871 0.02846873 -0.03010213
v 0.13287415 0.02768997 -0.03010213
v 0.13378721 0.02768997 -0.02974627
v 0.13456985 0.02768997 -0.02943264
v 0.13672209 -0.02768207 -0.02853194
v 0.13710797 -0.02768207 -0.02836105
v 0.13502096 0.02768997 -0.02924968
v 0.13540684 0.02768997 -0.02908885
v 0.13612968 0.02768997 -0.02878727
v 0.13837975 -0.02690331 -0.02780012
v 0.13924934 -0.02690331 -0.02740808
v 0.14080918 -0.02690331 -0.02669637
v 0.14368969 -0.02612455 -0.02539558
v 0.14570607 -0.02612455 -0.02446674
v 0.14314620 -0.02690331 -0.02561674
v 0.14365165 -0.02690331 -0.02538151
v 0.14404297 -0.02690331 -0.02519454
v 0.14524409 -0.02690331 -0.02461552
v 0.14562997 -0.02690331 -0.02442653
v 0.14626586 -0.02612455 -0.02419532
v 0.14684197 -0.02612455 -0.02388370
v 0.14723329 -0.02612455 -0.02361429
v 0.14768982 -0.02612455 -0.02322426
v 0.14808114 -0.02612455 -0.02282619
v 0.14838549 -0.02612455 -0.02243615
v 0.14876051 -0.02612455 -0.02181692
v 0.14911377 -0.02612455 -0.02100066
v 0.14930400 -0.02612455 -0.02025679
v 0.14899421 -0.02534579 -0.02141080
v 0.14939640 -0.02612455 -0.01947672
v 0.14932574 -0.02690331 -0.01869665
v 0.14913009 -0.02768207 -0.01624185
v 0.14929858 -0.02702373 -0.01624185
v 0.11195501 0.03854440 -0.01624185
v 0.11195501 0.03855243 -0.02961358
v 0.11117238 0.03870497 -0.02961358
v 0.11039518 0.03884948 -0.03039365
v 0.11195501 0.03854440 -0.03039365
v 0.11039518 0.03881736 -0.03117372
v 0.10293843 0.03976471 -0.03387782
v 0.10264494 0.03990120 -0.03357625
v 0.10264494 0.03962823 -0.03426584
v 0.10337322 0.03945964 -0.03429399
v 0.11117238 0.03865679 -0.03117372
v 0.11195501 0.03848017 -0.03117372
v 0.11039518 0.03869694 -0.03195378
v 0.11249308 0.03825537 -0.03168639
v 0.11218328 0.03817509 -0.03220711
v 0.10881905 0.03886553 -0.03270571
v 0.10821033 0.03893779 -0.03294696
v 0.10799293 0.03906624 -0.03270571
v 0.10669941 0.03894582 -0.03380142
v 0.10617766 0.03901807 -0.03393612
v 0.10571025 0.03930710 -0.03351392
v 0.11117238 0.03831157 -0.03256296
v 0.11073215 0.03819918 -0.03309373
v 0.11021583 0.03827946 -0.03322843
v 0.10695486 0.03823932 -0.03470815
v 0.10420477 0.03923484 -0.03436235
v 0.10571025 0.03907427 -0.03403464
v 0.10571025 0.03881736 -0.03442467
v 0.12025418 0.03437765 -0.03316410
v 0.11847152 0.03423313 -0.03386777
v 0.11883023 0.03371128 -0.03397633
v 0.12168358 0.03352663 -0.03311986
v 0.12251513 0.03278802 -0.03313796
v 0.11982483 0.03321352 -0.03384565
v 0.11711822 0.03591108 -0.03316209
v 0.11585187 0.03574248 -0.03379740
v 0.11323766 0.03669786 -0.03394618
v 0.11375398 0.03659349 -0.03384364
v 0.11872696 0.03516443 -0.03318018
v 0.10805272 0.03766127 -0.03488708
v 0.11098759 0.03750873 -0.03398437
v 0.10747661 0.03815100 -0.03461164
v 0.10805272 0.03805466 -0.03449906
v 0.12131400 0.03236251 -0.03362248
v 0.12054224 0.03242674 -0.03383560
v 0.12281405 0.03229026 -0.03318018
v 0.12558044 0.03195306 -0.03233980
v 0.13056429 0.03002624 -0.03089225
v 0.12988491 0.03002624 -0.03114557
v 0.12904793 0.03004230 -0.03145116
v 0.12754789 0.03080500 -0.03188945
v 0.12819465 0.03080500 -0.03165623
v 0.12858596 0.03080500 -0.03151148
v 0.12988491 0.02924748 -0.03118980
v 0.12600979 0.03164798 -0.03225938
v 0.12803704 0.03131079 -0.03160195
v 0.13282523 0.02924748 -0.03008805
v 0.13378721 0.02846873 -0.02974225
v 0.13326003 0.02846873 -0.02995134
v 0.13095017 0.03002624 -0.03074146
v 0.13456985 0.02846873 -0.02942661
v 0.13711341 -0.02690331 -0.02836306
v 0.13672209 0.02768997 -0.02853194
v 0.13768952 -0.02690331 -0.02810773
v 0.13500464 0.02846873 -0.02924365
v 0.13539596 0.02846873 -0.02907879
v 0.13768952 -0.02300952 -0.02810974
v 0.13837975 0.02690318 -0.02780012
v 0.14243966 -0.02612455 -0.02596254
v 0.13924934 0.02690318 -0.02740808
v 0.14533105 -0.02534579 -0.02465170
v 0.14571694 -0.02534579 -0.02447478
v 0.14626586 -0.02534579 -0.02420940
v 0.14685285 -0.02534579 -0.02389174
v 0.14724416 -0.02534579 -0.02362234
v 0.14770070 -0.02534579 -0.02323230
v 0.14809202 -0.02534579 -0.02283825
v 0.14839637 -0.02534579 -0.02244821
v 0.14877681 -0.02534579 -0.02181692
v 0.14912465 -0.02534579 -0.02102077
v 0.14932032 -0.02534579 -0.02025679
v 0.14899421 0.02534567 -0.02141080
v 0.14941271 -0.02534579 -0.01947672
v 0.14941271 -0.02612455 -0.01869665
v 0.14932574 -0.02690331 -0.01624185
v 0.11273221 0.03839186 -0.02181692
v 0.11335179 0.03826340 -0.01624185
v 0.11374854 0.03818312 -0.02961358
v 0.11429204 0.03807072 -0.01624185
v 0.11374854 0.03818312 -0.02493518
v 0.11429204 0.03807072 -0.02961358
v 0.11330832 0.03825537 -0.03039365
v 0.11321048 0.03823932 -0.03089627
v 0.11300939 0.03819115 -0.03141698
v 0.11633015 0.03746056 -0.03086209
v 0.11581383 0.03751676 -0.03114155
v 0.11552577 0.03745253 -0.03160396
v 0.11166152 0.03823932 -0.03240614
v 0.11462358 0.03742042 -0.03230160
v 0.10917231 0.03819918 -0.03387782
v 0.10865056 0.03827946 -0.03399041
v 0.11410182 0.03750070 -0.03245440
v 0.11311809 0.03743647 -0.03312188
v 0.10805272 0.03836777 -0.03410902
v 0.12244990 0.03429736 -0.03233176
v 0.12077594 0.03421708 -0.03306558
v 0.11924872 0.03503598 -0.03307563
v 0.12340102 0.03362297 -0.03240011
v 0.12392277 0.03344635 -0.03229557
v 0.12427062 0.03293253 -0.03243228
v 0.12479237 0.03273182 -0.03233377
v 0.11819434 0.03603150 -0.03253280
v 0.11872696 0.03592713 -0.03241016
v 0.11763997 0.03579868 -0.03304950
v 0.11541165 0.03663363 -0.03309775
v 0.11585187 0.03655335 -0.03299119
v 0.11150935 0.03741239 -0.03387782
v 0.11488989 0.03672997 -0.03321235
v 0.12089550 0.03508415 -0.03232975
v 0.12729244 0.03208955 -0.03162004
v 0.12781420 0.03183264 -0.03151148
v 0.12755333 0.03157572 -0.03170247
v 0.13041754 0.03062034 -0.03083998
v 0.12910771 0.03080500 -0.03130842
v 0.13023819 0.03113416 -0.03076559
v 0.13321654 0.02924748 -0.02992923
v 0.13498291 0.02891832 -0.02923360
v 0.13272740 0.02984961 -0.03004985
v 0.13144475 0.03002624 -0.03054242
v 0.13711341 0.02690318 -0.02836306
v 0.13612968 0.02846873 -0.02876113
v 0.13710797 0.02768997 -0.02836306
v 0.13768952 0.02690318 -0.02810974
v 0.13768952 0.02768997 -0.02810371
v 0.14408101 -0.02534579 -0.02521866
v 0.14243966 0.02612443 -0.02596254
v 0.14002110 0.02690318 -0.02705625
v 0.14368969 0.02612443 -0.02539558
v 0.14533105 0.02534567 -0.02465170
v 0.14571694 0.02534567 -0.02447478
v 0.14626586 0.02534567 -0.02420940
v 0.14685285 0.02534567 -0.02389174
v 0.14724416 0.02534567 -0.02362234
v 0.14770070 0.02534567 -0.02323230
v 0.14809202 0.02534567 -0.02283825
v 0.14839637 0.02534567 -0.02244821
v 0.14877681 0.02534567 -0.02181692
v 0.14912465 0.02534567 -0.02102077
v 0.14932032 0.02534567 -0.02025679
v 0.14876051 0.02612443 -0.02181692
v 0.14898334 0.02612443 -0.02139070
v 0.14942901 -0.02534579 -0.01869665
v 0.14941271 0.02534567 -0.01947672
v 0.14941271 -0.02612455 -0.01624185
v 0.11507467 0.03790212 -0.01624185
v 0.11507467 0.03790212 -0.02883351
v 0.12131400 0.03652926 -0.02805344
v 0.11507467 0.03789410 -0.02961358
v 0.11702582 0.03743647 -0.03000763
v 0.11369963 0.03816706 -0.03039365
v 0.11348767 0.03811889 -0.03116366
v 0.11684646 0.03738830 -0.03052835
v 0.12011287 0.03664969 -0.02995737
v 0.11959656 0.03672194 -0.03023080
v 0.11933024 0.03664969 -0.03074950
v 0.11604210 0.03738027 -0.03138079
v 0.11846065 0.03661757 -0.03146926
v 0.11793890 0.03669786 -0.03164417
v 0.11698235 0.03664166 -0.03231969
v 0.11646602 0.03672997 -0.03245239
v 0.12192815 0.03443385 -0.03244032
v 0.12404778 0.03432145 -0.03156978
v 0.12503694 0.03366312 -0.03166226
v 0.12555870 0.03351057 -0.03154566
v 0.12646633 0.03281210 -0.03160195
v 0.11924329 0.03583079 -0.03227948
v 0.12245534 0.03508415 -0.03155169
v 0.12193359 0.03519654 -0.03168237
v 0.12946099 0.03193700 -0.03076559
v 0.12698266 0.03261139 -0.03148735
v 0.12971644 0.03141516 -0.03087616
v 0.13259153 0.03037146 -0.02999356
v 0.13229260 0.03007441 -0.03018456
v 0.13202628 0.03080500 -0.03008604
v 0.13185237 0.03121445 -0.03001166
v 0.13378721 0.02924748 -0.02969400
v 0.13460246 0.02920734 -0.02935222
v 0.13488507 0.02944016 -0.02918937
v 0.13660252 0.02902269 -0.02848168
v 0.13706993 0.02846873 -0.02833893
v 0.13667861 0.02846873 -0.02851586
v 0.13299915 0.03007441 -0.02988299
v 0.13836345 0.02768997 -0.02779610
v 0.14408101 0.02534567 -0.02521866
v 0.14080918 0.02690318 -0.02669637
v 0.14158638 0.02690318 -0.02634051
v 0.14203748 0.02690318 -0.02613343
v 0.14570607 0.02612443 -0.02446674
v 0.14626586 0.02612443 -0.02419532
v 0.14684197 0.02612443 -0.02388370
v 0.14723329 0.02612443 -0.02361429
v 0.14768982 0.02612443 -0.02322426
v 0.14808114 0.02612443 -0.02282619
v 0.14838549 0.02612443 -0.02243615
v 0.14911377 0.02612443 -0.02100066
v 0.14930400 0.02612443 -0.02025679
v 0.14833659 0.02690318 -0.02236980
v 0.14866813 0.02690318 -0.02181692
v 0.14893986 0.02690318 -0.02126404
v 0.14907573 0.02690318 -0.02087400
v 0.14942901 -0.02534579 -0.01624185
v 0.14942901 0.02534567 -0.01869665
v 0.14939640 0.02612443 -0.01947672
v 0.11716170 0.03744450 -0.01624185
v 0.13159692 0.03426525 -0.02493518
v 0.12454236 0.03581473 -0.02727338
v 0.12286840 0.03617601 -0.02805344
v 0.12078681 0.03662561 -0.02883351
v 0.11745518 0.03735619 -0.02961358
v 0.14470604 0.03138305 -0.01869665
v 0.13612968 0.03326972 -0.02259699
v 0.12403692 0.03587896 -0.02843745
v 0.12028679 0.03668983 -0.02943867
v 0.12390104 0.03583882 -0.02883351
v 0.12333580 0.03589502 -0.02929793
v 0.12255317 0.03590304 -0.03005991
v 0.12169445 0.03587896 -0.03078167
v 0.12024875 0.03591108 -0.03162004
v 0.12559131 0.03431342 -0.03077966
v 0.12661308 0.03366312 -0.03089828
v 0.12713483 0.03351860 -0.03077162
v 0.12807508 0.03284422 -0.03084802
v 0.12859684 0.03266759 -0.03072337
v 0.12893924 0.03214574 -0.03088220
v 0.12394995 0.03506006 -0.03072739
v 0.12077051 0.03581473 -0.03146524
v 0.12343363 0.03516443 -0.03088220
v 0.13104257 0.03196109 -0.02999557
v 0.13419484 0.03043569 -0.02923159
v 0.13433070 0.03002624 -0.02929392
v 0.13241760 0.03080500 -0.02990912
v 0.13342308 0.03122247 -0.02923762
v 0.13647209 0.02954453 -0.02842136
v 0.13617860 0.02927157 -0.02862442
v 0.13817322 0.02901466 -0.02771166
v 0.13924934 0.02846873 -0.02729348
v 0.13828737 0.02846873 -0.02776393
v 0.13768952 0.02846873 -0.02804942
v 0.13687971 0.02927157 -0.02828867
v 0.13998306 0.02768997 -0.02704619
v 0.13924934 0.02768997 -0.02738797
v 0.13875477 0.02768997 -0.02761717
v 0.14365709 0.02690318 -0.02538151
v 0.14524409 0.02690318 -0.02461552
v 0.14562997 0.02690318 -0.02442653
v 0.14626586 0.02690318 -0.02410686
v 0.14676589 0.02690318 -0.02383746
v 0.14715719 0.02690318 -0.02356001
v 0.14763547 0.02690318 -0.02316998
v 0.14802136 0.02690318 -0.02275984
v 0.14922248 0.02690318 -0.02025679
v 0.14827137 0.02743306 -0.02227732
v 0.14842355 0.02768997 -0.02184507
v 0.14882573 0.02765786 -0.02100670
v 0.14902683 0.02737686 -0.02072523
v 0.14942901 0.02534567 -0.01624185
v 0.14941271 0.02612443 -0.01869665
v 0.14930944 0.02690318 -0.01947672
v 0.12033571 0.03674603 -0.01624185
v 0.12832509 0.03497175 -0.02649532
v 0.12598805 0.03548557 -0.02727338
v 0.14392884 0.03155164 -0.01947672
v 0.14198312 0.03197715 -0.02066894
v 0.13222739 0.03412073 -0.02493518
v 0.12411300 0.03589502 -0.02791874
v 0.14204291 0.03196912 -0.01624185
v 0.14470604 0.03138305 -0.01624185
v 0.14526583 0.03124656 -0.01869665
v 0.14523867 0.03123853 -0.01947672
v 0.14470604 0.03136699 -0.01947672
v 0.12737398 0.03514837 -0.02727338
v 0.13108605 0.03432145 -0.02614751
v 0.12775986 0.03505203 -0.02727338
v 0.12724353 0.03511626 -0.02776997
v 0.12704244 0.03506006 -0.02828867
v 0.12652068 0.03514035 -0.02857617
v 0.12572718 0.03514035 -0.02932206
v 0.12486846 0.03511626 -0.03003779
v 0.12655330 0.03438567 -0.03010414
v 0.12706962 0.03427327 -0.02994531
v 0.12961318 0.03359086 -0.02929190
v 0.12865663 0.03350255 -0.02996743
v 0.12963492 0.03283619 -0.03007398
v 0.13015667 0.03266759 -0.02993526
v 0.13052081 0.03215377 -0.03012223
v 0.12798269 0.03433750 -0.02925370
v 0.13258065 0.03194503 -0.02920344
v 0.13574924 0.03042766 -0.02845152
v 0.13590685 0.03002624 -0.02852792
v 0.13495573 0.03119036 -0.02844348
v 0.13801561 0.02953651 -0.02763124
v 0.13972218 0.02897452 -0.02692958
v 0.13629816 0.03002624 -0.02832687
v 0.14347230 0.02793885 -0.02529305
v 0.14024937 0.02846873 -0.02679488
v 0.13985807 0.02846873 -0.02699191
v 0.14359187 0.02741700 -0.02535336
v 0.14037438 0.02768997 -0.02686324
v 0.14200486 0.02738489 -0.02611936
v 0.14515170 0.02739292 -0.02457531
v 0.14668979 0.02735277 -0.02378720
v 0.14753765 0.02751334 -0.02307951
v 0.14907573 0.02752940 -0.02025679
v 0.14784744 0.02773011 -0.02262111
v 0.14816266 0.02795491 -0.02212252
v 0.14831485 0.02825196 -0.02160381
v 0.14842898 0.02849281 -0.02104490
v 0.14893986 0.02792279 -0.02025679
v 0.14941271 0.02612443 -0.01624185
v 0.14932574 0.02690318 -0.01869665
v 0.14934205 0.02679079 -0.01624185
v 0.14909747 0.02774617 -0.01940836
v 0.14913009 0.02768997 -0.01869665
v 0.13300458 0.03393608 -0.02493518
v 0.13115126 0.03433750 -0.02571525
v 0.14392884 0.03151953 -0.02025679
v 0.14192878 0.03196109 -0.02118965
v 0.13861345 0.03269970 -0.02259699
v 0.13450463 0.03361494 -0.02415512
v 0.14526583 0.03124656 -0.01624185
v 0.14532562 0.03123050 -0.01624185
v 0.14565715 0.03112613 -0.01869665
v 0.14517345 0.03121445 -0.02001352
v 0.14562997 0.03111810 -0.01947672
v 0.13092299 0.03427327 -0.02666621
v 0.13154258 0.03424116 -0.02571525
v 0.13534705 0.03340621 -0.02415512
v 0.13436332 0.03358283 -0.02493518
v 0.13475464 0.03347846 -0.02493518
v 0.13423288 0.03355072 -0.02539357
v 0.13040668 0.03435356 -0.02702207
v 0.13017297 0.03428130 -0.02754077
v 0.12965122 0.03436962 -0.02780012
v 0.12624350 0.03505203 -0.02909487
v 0.12884140 0.03436159 -0.02853797
v 0.13104257 0.03352663 -0.02843343
v 0.13013493 0.03346241 -0.02912704
v 0.13114040 0.03280408 -0.02926979
v 0.13190672 0.03356677 -0.02771568
v 0.13408071 0.03191292 -0.02838718
v 0.13727102 0.03038752 -0.02764934
v 0.13749929 0.02986567 -0.02776997
v 0.13644491 0.03113416 -0.02761918
v 0.13592315 0.03132685 -0.02777399
v 0.13953196 0.02949636 -0.02682504
v 0.14124940 0.02891832 -0.02613544
v 0.14500496 0.02791476 -0.02449489
v 0.14626043 0.02764180 -0.02391386
v 0.14652131 0.02787462 -0.02368466
v 0.14705394 0.02768997 -0.02338108
v 0.14741264 0.02802716 -0.02296290
v 0.14898878 0.02805125 -0.01962147
v 0.14761917 0.02846873 -0.02241403
v 0.14747243 0.02889423 -0.02224515
v 0.14801593 0.02849281 -0.02184507
v 0.14816810 0.02877381 -0.02130827
v 0.14827137 0.02893437 -0.02078956
v 0.14867899 0.02846873 -0.02025679
v 0.14932574 0.02690318 -0.01624185
v 0.14899965 0.02807533 -0.01910277
v 0.14913009 0.02768997 -0.01624185
v 0.14474952 0.03130276 -0.02026684
v 0.13814604 0.03277196 -0.02311771
v 0.14565715 0.03112613 -0.01624185
v 0.14626586 0.03088528 -0.01713651
v 0.14626586 0.03087725 -0.01869665
v 0.14626586 0.03086120 -0.01947672
v 0.14545606 0.03108599 -0.02026684
v 0.14504300 0.03118233 -0.02053222
v 0.14626586 0.03076485 -0.02025679
v 0.13612968 0.03319747 -0.02415512
v 0.13801561 0.03273985 -0.02363641
v 0.13745581 0.03280408 -0.02415512
v 0.13730364 0.03275590 -0.02455520
v 0.13612968 0.03304493 -0.02493518
v 0.13402636 0.03348649 -0.02591228
v 0.13351004 0.03357480 -0.02621385
v 0.13273284 0.03357480 -0.02697784
v 0.12936316 0.03426525 -0.02832084
v 0.13439593 0.03285224 -0.02704016
v 0.13351546 0.03281210 -0.02774182
v 0.13260783 0.03274788 -0.02843745
v 0.13574924 0.03276393 -0.02611735
v 0.13502638 0.03201729 -0.02770764
v 0.13738516 0.03125459 -0.02693963
v 0.13823301 0.03054006 -0.02697582
v 0.13875477 0.03031526 -0.02682102
v 0.14051026 0.02972116 -0.02615957
v 0.14276576 0.02886212 -0.02533125
v 0.13970044 0.03045977 -0.02614550
v 0.14599955 0.02820379 -0.02383344
v 0.14626043 0.02846070 -0.02352382
v 0.14685285 0.02846873 -0.02313379
v 0.14667892 0.02887818 -0.02300311
v 0.14723873 0.02846873 -0.02280407
v 0.14882030 0.02838844 -0.01940836
v 0.14693980 0.02914311 -0.02249848
v 0.14668436 0.02965693 -0.02222907
v 0.14724416 0.02945622 -0.02181692
v 0.14741808 0.02961679 -0.02139070
v 0.14761917 0.02907086 -0.02181692
v 0.14785287 0.02927960 -0.02108913
v 0.14834201 0.02903071 -0.02025679
v 0.14754309 0.02973722 -0.02086998
v 0.14803222 0.02942411 -0.02025679
v 0.14839637 0.02910297 -0.01947672
v 0.14896704 0.02813956 -0.01624185
v 0.14899965 0.02807533 -0.01624185
v 0.14879312 0.02846873 -0.01869665
v 0.14140703 0.03203335 -0.02181692
v 0.14626586 0.03088528 -0.01624185
v 0.14678763 0.03060429 -0.01624185
v 0.14687458 0.03055612 -0.01869665
v 0.14686371 0.03054809 -0.01947672
v 0.14678763 0.03049992 -0.02025679
v 0.14548866 0.03087725 -0.02103685
v 0.14486365 0.03111008 -0.02103685
v 0.14432016 0.03119839 -0.02143091
v 0.14447233 0.03124656 -0.02103685
v 0.14127114 0.03200123 -0.02229542
v 0.14670610 0.03044372 -0.02072322
v 0.14626043 0.03056414 -0.02100468
v 0.13654818 0.03277196 -0.02535537
v 0.13324916 0.03347846 -0.02673256
v 0.13491225 0.03273182 -0.02684715
v 0.13403723 0.03268365 -0.02756087
v 0.13900477 0.03204137 -0.02466779
v 0.13818409 0.03202531 -0.02540966
v 0.13593403 0.03208151 -0.02701603
v 0.13645577 0.03193700 -0.02683911
v 0.13830365 0.03133487 -0.02625205
v 0.13881998 0.03117430 -0.02607915
v 0.14114614 0.03037949 -0.02529104
v 0.14198856 0.02964890 -0.02533326
v 0.14574412 0.02872564 -0.02368667
v 0.14426038 0.02878986 -0.02451298
v 0.14438538 0.02968102 -0.02380730
v 0.14293425 0.02976933 -0.02465573
v 0.14345600 0.02956059 -0.02449288
v 0.14522779 0.02895846 -0.02384148
v 0.14581476 0.02959271 -0.02294279
v 0.14626586 0.02942411 -0.02277592
v 0.14685827 0.02978539 -0.02181692
v 0.14529845 0.02976130 -0.02311771
v 0.14434190 0.03042766 -0.02300512
v 0.14570607 0.03032329 -0.02205617
v 0.14626043 0.03017075 -0.02180486
v 0.14651588 0.03033935 -0.02124393
v 0.14705937 0.03003427 -0.02105696
v 0.14809744 0.02948834 -0.01947672
v 0.14764634 0.02983356 -0.02025679
v 0.14717893 0.03021892 -0.02025679
v 0.14840181 0.02911100 -0.01869665
v 0.14810832 0.02950439 -0.01869665
v 0.14879312 0.02846873 -0.01624185
v 0.14840181 0.02911903 -0.01713651
v 0.14846160 0.02902269 -0.01624185
v 0.14687458 0.03055612 -0.01624185
v 0.14693436 0.03051597 -0.01624185
v 0.14726590 0.03029118 -0.01869665
v 0.14725503 0.03027512 -0.01947672
v 0.14599413 0.03047583 -0.02153746
v 0.14356470 0.03120642 -0.02223309
v 0.14386906 0.03126262 -0.02174052
v 0.13733080 0.03199320 -0.02613142
v 0.14277120 0.03119839 -0.02299507
v 0.14194508 0.03118233 -0.02373694
v 0.14110266 0.03114219 -0.02446875
v 0.13970588 0.03123853 -0.02537347
v 0.14346687 0.03037146 -0.02371281
v 0.14205922 0.03046780 -0.02459943
v 0.14518431 0.03045977 -0.02227531
v 0.14770614 0.02988976 -0.01947672
v 0.14810832 0.02950439 -0.01624185
v 0.14771700 0.02989779 -0.01869665
v 0.14777678 0.02984159 -0.01624185
v 0.14840181 0.02911903 -0.01624185
v 0.14726590 0.03029118 -0.01624185
v 0.14771700 0.02989779 -0.01624185
f 1 2 3
f 1 3 4
f 1 4 5
f 1 5 15
f 1 15 32
f 1 32 64
f 1 64 92
f 1 92 116
f 1 116 151
f 1 151 185
f 1 185 187
f 1 187 222
f 1 222 265
f 1 265 309
f 1 309 364
f 1 364 422
f 1 422 488
f 1 488 564
f 1 564 646
f 1 646 727
f 1 727 813
f 1 813 903
f 1 903 1012
f 1 1012 1024
f 1 1024 1132
f 1 1132 1141
f 1 1141 1032
f 1 1032 912
f 1 912 818
f 1 818 733
f 1 733 732
f 1 732 650
f 1 650 649
f 1 649 648
f 1 648 567
f 1 567 492
f 1 492 426
f 1 426 367
f 1 367 312
f 1 312 268
f 1 268 225
f 1 225 223
f 1 223 188
f 1 188 153
f 1 153 118
f 1 118 93
f 1 93 66
f 1 66 65
f 1 65 34
f 1 34 16
f 1 16 6
f 1 6 2
f 2 6 7
f 2 7 8
f 2 8 3
f 3 8 9
f 3 9 10
f 3 10 4
f 4 10 11
f 4 11 5
f 5 11 12
f 5 12 13
f 5 13 14
f 5 14 15
f 6 16 7
f 7 16 17
f 7 17 18
f 7 18 19
f 7 19 20
f 7 20 8
f 8 20 9
f 9 20 21
f 9 21 23
f 9 23 10
f 10 22 12
f 10 12 11
f 10 23 24
f 10 24 22
f 12 22 24
f 12 24 25
f 12 25 26
f 12 26 27
f 12 27 28
f 12 28 29
f 12 29 30
f 12 30 13
f 13 31 14
f 13 30 31
f 14 32 15
f 14 31 33
f 14 33 32
f 16 34 35
f 16 35 17
f 17 36 37
f 17 37 38
f 17 38 18
f 17 35 39
f 17 39 40
f 17 40 41
f 17 41 42
f 17 42 43
f 17 43 44
f 17 44 45
f 17 45 36
f 18 38 37
f 18 37 19
f 19 37 46
f 19 46 45
f 19 45 47
f 19 47 48
f 19 48 49
f 19 49 50
f 19 50 51
f 19 51 20
f 20 51 52
f 20 52 21
f 21 52 53
f 21 53 23
f 23 53 24
f 24 54 25
f 24 53 54
f 25 54 55
f 25 55 56
f 25 56 26
f 26 56 27
f 27 57 58
f 27 58 59
f 27 59 28
f 27 56 57
f 28 59 89
f 28 89 114
f 28 114 150
f 28 150 184
f 28 184 219
f 28 219 263
f 28 263 307
f 28 307 306
f 28 306 304
f 28 304 303
f 28 303 361
f 28 361 360
f 28 360 359
f 28 359 420
f 28 420 485
f 28 485 484
f 28 484 557
f 28 557 639
f 28 639 638
f 28 638 721
f 28 721 804
f 28 804 893
f 28 893 995
f 28 995 994
f 28 994 1117
f 28 1117 1116
f 28 1116 1230
f 28 1230 1229
f 28 1229 1322
f 28 1322 1323
f 28 1323 1408
f 28 1408 1477
f 28 1477 1534
f 28 1534 1589
f 28 1589 1642
f 28 1642 1644
f 28 1644 1692
f 28 1692 1694
f 28 1694 1741
f 28 1741 1740
f 28 1740 1788
f 28 1788 1790
f 28 1790 1810
f 28 1810 1807
f 28 1807 1809
f 28 1809 1812
f 28 1812 1811
f 28 1811 1792
f 28 1792 1791
f 28 1791 1745
f 28 1745 1744
f 28 1744 1697
f 28 1697 1654
f 28 1654 1653
f 28 1653 1600
f 28 1600 1599
f 28 1599 1592
f 28 1592 1537
f 28 1537 1478
f 28 1478 1412
f 28 1412 1410
f 28 1410 1324
f 28 1324 1233
f 28 1233 1121
f 28 1121 998
f 28 998 897
f 28 897 808
f 28 808 723
f 28 723 640
f 28 640 558
f 28 558 486
f 28 486 421
f 28 421 363
f 28 363 362
f 28 362 308
f 28 308 264
f 28 264 221
f 28 221 220
f 28 220 186
f 28 186 152
f 28 152 117
f 28 117 115
f 28 115 90
f 28 90 60
f 28 60 30
f 28 30 29
f 30 60 61
f 30 61 62
f 30 62 33
f 30 33 31
f 32 33 62
f 32 62 61
f 32 61 63
f 32 63 64
f 34 65 35
f 35 65 66
f 35 66 67
f 35 67 68
f 35 68 69
f 35 69 70
f 35 70 39
f 36 46 37
f 36 45 46
f 39 67 40
f 39 70 67
f 40 67 41
f 41 71 42
f 41 67 71
f 42 71 72
f 42 72 73
f 42 73 43
f 43 74 75
f 43 75 44
f 43 73 74
f 44 75 76
f 44 76 106
f 44 106 77
f 44 77 47
f 44 47 45
f 47 78 48
f 47 77 78
f 48 78 79
f 48 79 49
f 49 80 50
f 49 79 80
f 50 52 51
f 50 80 81
f 50 81 52
f 52 81 82
f 52 82 53
f 53 82 54
f 54 82 83
f 54 83 80
f 54 80 79
f 54 79 78
f 54 78 84
f 54 84 55
f 55 85 57
f 55 57 56
f 55 84 78
f 55 78 86
f 55 86 107
f 55 107 85
f 57 87 58
f 57 85 87
f 58 88 89
f 58 89 59
f 58 87 88
f 60 90 61
f 61 90 63
f 63 91 64
f 63 90 91
f 64 91 92
f 66 93 71
f 66 71 67
f 67 70 69
f 67 69 68
f 71 94 119
f 71 119 95
f 71 95 72
f 71 93 94
f 72 95 73
f 73 95 96
f 73 96 97
f 73 97 98
f 73 98 74
f 74 98 99
f 74 99 75
f 75 99 98
f 75 98 100
f 75 100 101
f 75 101 102
f 75 102 76
f 76 103 104
f 76 104 105
f 76 105 106
f 76 102 103
f 77 106 86
f 77 86 78
f 80 83 82
f 80 82 81
f 85 107 110
f 85 110 87
f 86 106 108
f 86 108 109
f 86 109 107
f 87 110 145
f 87 145 111
f 87 111 88
f 88 111 145
f 88 145 112
f 88 112 147
f 88 147 113
f 88 113 114
f 88 114 89
f 90 115 91
f 91 115 92
f 92 115 117
f 92 117 116
f 93 118 94
f 94 118 119
f 95 119 120
f 95 120 121
f 95 121 122
f 95 122 96
f 96 122 97
f 97 123 98
f 97 122 124
f 97 124 123
f 98 123 125
f 98 125 126
f 98 126 100
f 100 126 101
f 101 126 127
f 101 127 128
f 101 128 129
f 101 129 102
f 102 129 130
f 102 130 103
f 103 130 131
f 103 131 104
f 104 131 130
f 104 130 132
f 104 132 105
f 105 132 133
f 105 133 134
f 105 134 135
f 105 135 136
f 105 136 137
f 105 137 138
f 105 138 139
f 105 139 140
f 105 140 106
f 106 140 108
f 107 109 110
f 108 140 139
f 108 139 138
f 108 138 137
f 108 137 141
f 108 141 142
f 108 142 143
f 108 143 109
f 109 143 144
f 109 144 110
f 110 144 145
f 112 145 144
f 112 144 146
f 112 146 147
f 113 147 148
f 113 148 114
f 114 148 149
f 114 149 150
f 116 117 152
f 116 152 151
f 118 153 154
f 118 154 119
f 119 154 155
f 119 155 120
f 120 155 156
f 120 156 157
f 120 157 158
f 120 158 121
f 121 158 159
f 121 159 122
f 122 159 124
f 123 124 160
f 123 160 125
f 124 161 160
f 124 159 162
f 124 162 163
f 124 163 161
f 125 160 161
f 125 161 126
f 126 161 164
f 126 164 127
f 127 165 166
f 127 166 128
f 127 164 165
f 128 166 167
f 128 167 130
f 128 130 129
f 130 167 168
f 130 168 169
f 130 169 132
f 132 169 134
f 132 134 133
f 134 169 135
f 135 170 171
f 135 171 172
f 135 172 136
f 135 169 168
f 135 168 173
f 135 173 174
f 135 174 175
f 135 175 176
f 135 176 170
f 136 172 171
f 136 171 137
f 137 171 141
f 141 171 177
f 141 177 178
f 141 178 179
f 141 179 142
f 142 179 146
f 142 146 144
f 142 144 143
f 146 179 180
f 146 180 147
f 147 180 148
f 148 180 181
f 148 181 149
f 149 181 182
f 149 182 150
f 150 182 183
f 150 183 184
f 151 152 185
f 152 186 187
f 152 187 185
f 153 188 154
f 154 188 189
f 154 189 155
f 155 189 190
f 155 190 156
f 156 190 191
f 156 191 192
f 156 192 158
f 156 158 157
f 158 192 193
f 158 193 159
f 159 193 163
f 159 163 162
f 161 163 194
f 161 194 195
f 161 195 196
f 161 196 164
f 163 193 197
f 163 197 194
f 164 196 198
f 164 198 165
f 165 168 167
f 165 167 166
f 165 198 199
f 165 199 200
f 165 200 201
f 165 201 168
f 168 201 202
f 168 202 203
f 168 203 174
f 168 174 173
f 170 204 171
f 170 176 204
f 171 204 205
f 171 205 206
f 171 206 207
f 171 207 177
f 174 203 208
f 174 208 175
f 175 208 209
f 175 209 210
f 175 210 176
f 176 211 205
f 176 205 204
f 176 210 211
f 177 179 178
f 177 207 179
f 179 207 212
f 179 212 213
f 179 213 214
f 179 214 180
f 180 214 215
f 180 215 181
f 181 215 182
f 182 215 216
f 182 216 217
f 182 217 183
f 183 217 218
f 183 218 219
f 183 219 184
f 186 220 187
f 187 220 221
f 187 221 222
f 188 223 189
f 189 223 190
f 190 224 191
f 190 223 225
f 190 225 224
f 191 224 226
f 191 226 192
f 192 226 227
f 192 227 193
f 193 227 228
f 193 228 229
f 193 229 230
f 193 230 231
f 193 231 197
f 194 197 232
f 194 232 233
f 194 233 195
f 195 233 196
f 196 234 199
f 196 199 198
f 196 233 235
f 196 235 236
f 196 236 237
f 196 237 238
f 196 238 234
f 197 231 232
f 199 234 239
f 199 239 200
f 200 202 240
f 200 240 201
f 200 239 241
f 200 241 242
f 200 242 243
f 200 243 244
f 200 244 202
f 201 240 202
f 202 244 245
f 202 245 246
f 202 246 203
f 203 246 208
f 205 211 210
f 205 210 247
f 205 247 206
f 206 248 207
f 206 247 249
f 206 249 250
f 206 250 248
f 207 248 212
f 208 246 251
f 208 251 252
f 208 252 253
f 208 253 254
f 208 254 255
f 208 255 210
f 208 210 209
f 210 255 256
f 210 256 257
f 210 257 247
f 212 248 258
f 212 258 213
f 213 258 259
f 213 259 215
f 213 215 214
f 215 259 216
f 216 260 218
f 216 218 217
f 216 259 261
f 216 261 260
f 218 260 262
f 218 262 219
f 219 262 263
f 221 264 265
f 221 265 222
f 224 225 266
f 224 266 267
f 224 267 226
f 225 268 266
f 226 228 227
f 226 267 269
f 226 269 270
f 226 270 271
f 226 271 228
f 228 271 229
f 229 271 230
f 230 271 272
f 230 272 231
f 231 272 273
f 231 273 274
f 231 274 275
f 231 275 276
f 231 276 277
f 231 277 236
f 231 236 233
f 231 233 278
f 231 278 232
f 232 278 233
f 233 236 235
f 234 238 239
f 236 277 279
f 236 279 237
f 237 279 238
f 238 279 280
f 238 280 281
f 238 281 282
f 238 282 243
f 238 243 242
f 238 242 239
f 239 242 241
f 243 282 281
f 243 281 283
f 243 283 284
f 243 284 246
f 243 246 245
f 243 245 244
f 246 284 251
f 247 257 285
f 247 285 286
f 247 286 249
f 248 287 258
f 248 250 287
f 249 286 250
f 250 286 285
f 250 285 288
f 250 288 289
f 250 289 290
f 250 290 291
f 250 291 258
f 250 258 287
f 251 284 252
f 252 284 292
f 252 292 293
f 252 293 253
f 253 294 254
f 253 293 294
f 254 294 255
f 255 257 256
f 255 294 295
f 255 295 296
f 255 296 297
f 255 297 257
f 257 297 298
f 257 298 285
f 258 299 300
f 258 300 259
f 258 291 299
f 259 300 261
f 260 261 301
f 260 301 302
f 260 302 303
f 260 303 304
f 260 304 262
f 261 291 305
f 261 305 301
f 261 300 291
f 262 304 306
f 262 306 307
f 262 307 263
f 264 308 265
f 265 308 309
f 266 268 310
f 266 310 267
f 267 310 311
f 267 311 269
f 268 312 313
f 268 313 314
f 268 314 315
f 268 315 316
f 268 316 310
f 269 311 317
f 269 317 318
f 269 318 319
f 269 319 270
f 270 319 320
f 270 320 271
f 271 320 321
f 271 321 272
f 272 321 274
f 272 274 273
f 274 321 275
f 275 322 276
f 275 321 323
f 275 323 324
f 275 324 325
f 275 325 322
f 276 326 277
f 276 322 326
f 277 322 327
f 277 327 328
f 277 328 280
f 277 280 279
f 277 326 322
f 280 328 329
f 280 329 330
f 280 330 331
f 280 331 332
f 280 332 281
f 281 332 331
f 281 331 283
f 283 331 333
f 283 333 284
f 284 333 334
f 284 334 292
f 285 298 335
f 285 335 336
f 285 336 288
f 288 336 289
f 289 337 291
f 289 291 290
f 289 336 338
f 289 338 339
f 289 339 337
f 291 337 339
f 291 339 340
f 291 340 305
f 291 300 299
f 292 334 293
f 293 334 341
f 293 341 342
f 293 342 343
f 293 343 295
f 293 295 344
f 293 344 294
f 294 344 295
f 295 343 296
f 296 343 345
f 296 345 346
f 296 346 297
f 297 346 347
f 297 347 348
f 297 348 298
f 298 348 349
f 298 349 350
f 298 350 351
f 298 351 335
f 301 305 340
f 301 340 352
f 301 352 353
f 301 353 354
f 301 354 355
f 301 355 302
f 302 355 356
f 302 356 357
f 302 357 358
f 302 358 359
f 302 359 360
f 302 360 361
f 302 361 303
f 308 362 309
f 309 362 363
f 309 363 364
f 310 316 365
f 310 365 311
f 311 365 366
f 311 366 317
f 312 367 368
f 312 368 369
f 312 369 370
f 312 370 371
f 312 371 372
f 312 372 313
f 313 372 314
f 314 372 365
f 314 365 315
f 315 365 316
f 317 366 373
f 317 373 374
f 317 374 318
f 318 374 375
f 318 375 319
f 319 375 376
f 319 376 320
f 320 376 377
f 320 377 378
f 320 378 321
f 321 378 324
f 321 324 323
f 322 325 327
f 324 378 379
f 324 379 380
f 324 380 381
f 324 381 382
f 324 382 383
f 324 383 384
f 324 384 385
f 324 385 325
f 325 385 327
f 327 384 383
f 327 383 328
f 327 385 384
f 328 383 386
f 328 386 330
f 328 330 329
f 330 386 387
f 330 387 388
f 330 388 389
f 330 389 390
f 330 390 331
f 331 390 389
f 331 389 391
f 331 391 392
f 331 392 334
f 331 334 333
f 334 392 341
f 335 351 350
f 335 350 393
f 335 393 394
f 335 394 336
f 336 394 395
f 336 395 338
f 338 395 396
f 338 396 339
f 339 396 397
f 339 397 398
f 339 398 399
f 339 399 400
f 339 400 401
f 339 401 402
f 339 402 340
f 340 402 352
f 341 392 342
f 342 392 403
f 342 403 404
f 342 404 345
f 342 345 343
f 345 404 405
f 345 405 406
f 345 406 407
f 345 407 347
f 345 347 346
f 347 407 408
f 347 408 409
f 347 409 349
f 347 349 348
f 349 409 350
f 350 409 410
f 350 410 453
f 350 453 393
f 352 402 401
f 352 401 353
f 353 401 411
f 353 411 354
f 354 411 355
f 355 411 356
f 356 411 357
f 357 412 413
f 357 413 414
f 357 414 415
f 357 415 358
f 357 411 416
f 357 416 417
f 357 417 412
f 358 415 418
f 358 418 419
f 358 419 420
f 358 420 359
f 363 421 422
f 363 422 364
f 365 372 423
f 365 423 366
f 366 423 424
f 366 424 425
f 366 425 373
f 367 426 368
f 368 426 427
f 368 427 369
f 369 427 370
f 370 427 428
f 370 428 371
f 371 428 429
f 371 429 372
f 372 429 423
f 373 430 374
f 373 425 491
f 373 491 431
f 373 431 497
f 373 497 430
f 374 430 432
f 374 432 375
f 375 432 433
f 375 433 434
f 375 434 376
f 376 434 435
f 376 435 377
f 377 435 379
f 377 379 378
f 379 435 436
f 379 436 437
f 379 437 438
f 379 438 439
f 379 439 380
f 380 439 440
f 380 440 441
f 380 441 442
f 380 442 381
f 381 443 382
f 381 442 443
f 382 443 383
f 383 443 444
f 383 444 387
f 383 387 386
f 387 444 445
f 387 445 446
f 387 446 388
f 388 446 447
f 388 447 389
f 389 447 448
f 389 448 449
f 389 449 450
f 389 450 392
f 389 392 391
f 392 450 451
f 392 451 452
f 392 452 403
f 393 453 454
f 393 454 394
f 394 454 455
f 394 455 456
f 394 456 395
f 395 456 457
f 395 457 396
f 396 457 458
f 396 458 398
f 396 398 397
f 398 458 459
f 398 459 460
f 398 460 461
f 398 461 462
f 398 462 463
f 398 463 464
f 398 464 465
f 398 465 399
f 399 465 400
f 400 465 463
f 400 463 411
f 400 411 401
f 403 452 466
f 403 466 467
f 403 467 468
f 403 468 406
f 403 406 404
f 404 406 405
f 406 468 469
f 406 469 470
f 406 470 471
f 406 471 407
f 407 471 470
f 407 470 472
f 407 472 408
f 408 473 474
f 408 474 409
f 408 472 475
f 408 475 476
f 408 476 473
f 409 474 410
f 410 474 473
f 410 473 476
f 410 476 477
f 410 477 478
f 410 478 453
f 411 463 416
f 412 479 480
f 412 480 413
f 412 417 481
f 412 481 479
f 413 480 414
f 414 418 415
f 414 480 482
f 414 482 483
f 414 483 418
f 416 463 417
f 417 463 462
f 417 462 481
f 418 420 419
f 418 483 484
f 418 484 485
f 418 485 420
f 421 486 422
f 422 487 488
f 422 486 487
f 423 429 489
f 423 489 424
f 424 489 490
f 424 490 425
f 425 490 566
f 425 566 491
f 426 492 493
f 426 493 427
f 427 493 568
f 427 568 494
f 427 494 496
f 427 496 428
f 428 495 429
f 428 496 572
f 428 572 495
f 429 495 489
f 430 497 501
f 430 501 432
f 431 491 498
f 431 498 499
f 431 499 500
f 431 500 497
f 432 501 502
f 432 502 433
f 433 502 434
f 434 503 435
f 434 502 504
f 434 504 505
f 434 505 503
f 435 503 506
f 435 506 507
f 435 507 436
f 436 507 508
f 436 508 437
f 437 508 509
f 437 509 438
f 438 509 510
f 438 510 439
f 439 510 440
f 440 510 511
f 440 511 512
f 440 512 513
f 440 513 441
f 441 513 514
f 441 514 442
f 442 514 515
f 442 515 516
f 442 516 517
f 442 517 443
f 443 517 518
f 443 518 445
f 443 445 444
f 445 518 446
f 446 518 519
f 446 519 520
f 446 520 521
f 446 521 447
f 447 521 448
f 448 521 449
f 449 452 522
f 449 522 450
f 449 521 520
f 449 520 523
f 449 523 524
f 449 524 525
f 449 525 526
f 449 526 452
f 450 522 452
f 450 452 451
f 452 526 466
f 453 478 527
f 453 527 454
f 454 527 455
f 455 527 528
f 455 528 456
f 456 528 529
f 456 529 457
f 457 529 459
f 457 459 458
f 459 529 530
f 459 530 531
f 459 531 532
f 459 532 533
f 459 533 460
f 460 533 481
f 460 481 534
f 460 534 462
f 460 462 461
f 462 534 481
f 463 465 464
f 466 526 535
f 466 535 536
f 466 536 467
f 467 536 537
f 467 537 538
f 467 538 539
f 467 539 540
f 467 540 469
f 467 469 468
f 469 540 470
f 470 540 541
f 470 541 542
f 470 542 472
f 472 542 543
f 472 543 475
f 475 543 544
f 475 544 545
f 475 545 476
f 476 545 477
f 477 545 546
f 477 546 547
f 477 547 548
f 477 548 478
f 478 548 549
f 478 549 528
f 478 528 527
f 479 481 550
f 479 550 551
f 479 551 480
f 480 551 552
f 480 552 482
f 481 533 550
f 482 552 553
f 482 553 554
f 482 554 483
f 483 554 555
f 483 555 556
f 483 556 557
f 483 557 484
f 486 558 559
f 486 559 560
f 486 560 487
f 487 560 488
f 488 560 559
f 488 559 561
f 488 561 562
f 488 562 563
f 488 563 564
f 489 495 572
f 489 572 565
f 489 565 566
f 489 566 490
f 491 566 498
f 492 567 568
f 492 568 493
f 494 568 569
f 494 569 570
f 494 570 571
f 494 571 496
f 496 571 573
f 496 573 574
f 496 574 572
f 497 500 501
f 498 575 576
f 498 576 577
f 498 577 499
f 498 566 575
f 499 577 578
f 499 578 579
f 499 579 500
f 500 579 580
f 500 580 501
f 501 580 502
f 502 580 504
f 503 505 583
f 503 583 506
f 504 580 581
f 504 581 582
f 504 582 505
f 505 582 583
f 506 583 584
f 506 584 507
f 507 584 585
f 507 585 508
f 508 585 587
f 508 587 509
f 509 586 510
f 509 587 667
f 509 667 586
f 510 586 511
f 511 586 667
f 511 667 588
f 511 588 590
f 511 590 512
f 512 589 513
f 512 590 671
f 512 671 589
f 513 589 591
f 513 591 514
f 514 591 592
f 514 592 515
f 515 593 516
f 515 592 594
f 515 594 595
f 515 595 593
f 516 596 518
f 516 518 517
f 516 593 597
f 516 597 598
f 516 598 599
f 516 599 596
f 518 520 519
f 518 596 600
f 518 600 601
f 518 601 602
f 518 602 520
f 520 602 523
f 523 602 603
f 523 603 524
f 524 603 604
f 524 604 525
f 525 604 536
f 525 536 535
f 525 535 526
f 528 549 605
f 528 605 529
f 529 605 606
f 529 606 531
f 529 531 530
f 531 606 607
f 531 607 608
f 531 608 609
f 531 609 532
f 532 609 533
f 533 609 551
f 533 551 550
f 536 604 603
f 536 603 610
f 536 610 611
f 536 611 612
f 536 612 613
f 536 613 614
f 536 614 537
f 537 614 613
f 537 613 615
f 537 615 616
f 537 616 617
f 537 617 538
f 538 541 540
f 538 540 539
f 538 617 618
f 538 618 541
f 541 618 619
f 541 619 620
f 541 620 621
f 541 621 542
f 542 621 543
f 543 621 622
f 543 622 544
f 544 546 545
f 544 622 623
f 544 623 624
f 544 624 546
f 546 625 547
f 546 624 626
f 546 626 625
f 547 625 548
f 548 625 627
f 548 627 549
f 549 606 605
f 549 627 628
f 549 628 629
f 549 629 606
f 551 609 630
f 551 630 608
f 551 608 631
f 551 631 632
f 551 632 552
f 552 632 553
f 553 633 634
f 553 634 635
f 553 635 554
f 553 632 633
f 554 635 636
f 554 636 555
f 555 636 637
f 555 637 638
f 555 638 556
f 556 638 639
f 556 639 557
f 558 640 641
f 558 641 642
f 558 642 643
f 558 643 562
f 558 562 561
f 558 561 559
f 562 643 563
f 563 643 642
f 563 642 564
f 564 644 645
f 564 645 646
f 564 642 647
f 564 647 644
f 565 574 575
f 565 575 566
f 565 572 574
f 567 648 569
f 567 569 568
f 569 648 649
f 569 649 570
f 570 649 571
f 571 649 650
f 571 650 573
f 573 650 651
f 573 651 574
f 574 651 575
f 575 651 576
f 576 651 652
f 576 652 653
f 576 653 654
f 576 654 655
f 576 655 656
f 576 656 577
f 577 656 657
f 577 657 578
f 578 658 660
f 578 660 579
f 578 657 659
f 578 659 658
f 579 660 580
f 580 660 581
f 581 661 582
f 581 660 662
f 581 662 661
f 582 661 663
f 582 663 664
f 582 664 665
f 582 665 583
f 583 665 584
f 584 665 585
f 585 665 664
f 585 664 666
f 585 666 587
f 587 666 668
f 587 668 669
f 587 669 667
f 588 667 669
f 588 669 670
f 588 670 590
f 589 671 672
f 589 672 591
f 590 670 671
f 591 672 673
f 591 673 592
f 592 673 748
f 592 748 674
f 592 674 594
f 593 595 675
f 593 675 597
f 594 674 595
f 595 676 675
f 595 674 748
f 595 748 677
f 595 677 750
f 595 750 676
f 596 599 600
f 597 675 678
f 597 678 598
f 598 678 679
f 598 679 681
f 598 681 599
f 599 680 600
f 599 681 682
f 599 682 680
f 600 680 601
f 601 680 603
f 601 603 602
f 603 683 610
f 603 680 684
f 603 684 683
f 606 629 685
f 606 685 607
f 607 685 608
f 608 685 632
f 608 632 631
f 608 630 609
f 610 686 682
f 610 682 687
f 610 687 613
f 610 613 612
f 610 612 611
f 610 683 686
f 613 687 688
f 613 688 689
f 613 689 690
f 613 690 616
f 613 616 615
f 616 690 689
f 616 689 688
f 616 688 691
f 616 691 692
f 616 692 693
f 616 693 694
f 616 694 617
f 617 694 695
f 617 695 696
f 617 696 697
f 617 697 698
f 617 698 618
f 618 698 699
f 618 699 619
f 619 699 620
f 620 699 621
f 621 699 700
f 621 700 701
f 621 701 622
f 622 701 700
f 622 700 623
f 623 700 702
f 623 702 703
f 623 703 704
f 623 704 624
f 624 704 626
f 625 626 705
f 625 705 706
f 625 706 707
f 625 707 627
f 626 704 708
f 626 708 709
f 626 709 710
f 626 710 711
f 626 711 706
f 626 706 705
f 627 707 628
f 628 707 712
f 628 712 629
f 629 712 713
f 629 713 685
f 632 685 714
f 632 714 633
f 633 714 715
f 633 715 634
f 634 715 716
f 634 716 717
f 634 717 718
f 634 718 635
f 635 718 719
f 635 719 636
f 636 719 720
f 636 720 637
f 637 720 804
f 637 804 721
f 637 721 638
f 640 722 647
f 640 647 641
f 640 723 722
f 641 647 642
f 644 724 645
f 644 647 724
f 645 724 809
f 645 809 725
f 645 725 646
f 646 725 726
f 646 726 727
f 647 728 729
f 647 729 730
f 647 730 731
f 647 731 724
f 647 722 728
f 650 652 651
f 650 732 652
f 652 732 653
f 653 732 654
f 654 732 733
f 654 733 655
f 655 733 656
f 656 733 657
f 657 733 734
f 657 734 735
f 657 735 659
f 658 736 662
f 658 662 660
f 658 659 736
f 659 735 737
f 659 737 738
f 659 738 739
f 659 739 740
f 659 740 736
f 661 741 663
f 661 662 741
f 662 736 742
f 662 742 741
f 663 743 744
f 663 744 668
f 663 668 666
f 663 666 664
f 663 741 745
f 663 745 743
f 668 744 669
f 669 744 670
f 670 746 671
f 670 744 743
f 670 743 746
f 671 746 747
f 671 747 672
f 672 747 673
f 673 747 748
f 675 749 678
f 675 676 749
f 676 750 837
f 676 837 749
f 677 748 751
f 677 751 752
f 677 752 753
f 677 753 750
f 678 749 754
f 678 754 679
f 679 754 755
f 679 755 681
f 680 682 684
f 681 755 756
f 681 756 757
f 681 757 758
f 681 758 682
f 682 686 683
f 682 683 684
f 682 758 759
f 682 759 760
f 682 760 761
f 682 761 687
f 685 713 714
f 687 761 688
f 688 761 762
f 688 762 763
f 688 763 764
f 688 764 765
f 688 765 691
f 691 765 766
f 691 766 767
f 691 767 692
f 692 767 768
f 692 768 769
f 692 769 693
f 693 769 770
f 693 770 694
f 694 696 695
f 694 770 771
f 694 771 772
f 694 772 773
f 694 773 696
f 696 698 697
f 696 773 774
f 696 774 775
f 696 775 776
f 696 776 777
f 696 777 698
f 698 778 699
f 698 777 778
f 699 778 777
f 699 777 779
f 699 779 700
f 700 779 702
f 702 779 780
f 702 780 781
f 702 781 703
f 703 781 782
f 703 782 783
f 703 783 708
f 703 708 704
f 706 711 710
f 706 710 784
f 706 784 707
f 707 784 785
f 707 785 712
f 708 783 709
f 709 783 786
f 709 786 787
f 709 787 710
f 710 787 788
f 710 788 789
f 710 789 790
f 710 790 791
f 710 791 784
f 712 785 792
f 712 792 793
f 712 793 713
f 713 793 714
f 714 793 794
f 714 794 795
f 714 795 715
f 715 795 796
f 715 796 797
f 715 797 798
f 715 798 716
f 716 798 717
f 717 798 799
f 717 799 800
f 717 800 801
f 717 801 802
f 717 802 718
f 718 802 719
f 719 802 803
f 719 803 720
f 720 803 805
f 720 805 893
f 720 893 804
f 722 723 806
f 722 806 807
f 722 807 728
f 723 808 806
f 724 731 730
f 724 730 810
f 724 810 898
f 724 898 809
f 725 809 726
f 726 809 811
f 726 811 812
f 726 812 813
f 726 813 727
f 728 814 729
f 728 807 814
f 729 814 815
f 729 815 816
f 729 816 730
f 730 817 810
f 730 816 911
f 730 911 817
f 733 818 734
f 734 818 735
f 735 818 819
f 735 819 820
f 735 820 737
f 736 821 742
f 736 740 822
f 736 822 823
f 736 823 821
f 737 820 824
f 737 824 738
f 738 824 825
f 738 825 826
f 738 826 739
f 739 826 740
f 740 826 822
f 741 742 745
f 742 821 827
f 742 827 828
f 742 828 829
f 742 829 745
f 743 745 830
f 743 830 836
f 743 836 746
f 745 831 832
f 745 832 830
f 745 829 828
f 745 828 833
f 745 833 834
f 745 834 835
f 745 835 831
f 746 836 747
f 747 836 751
f 747 751 748
f 749 837 842
f 749 842 754
f 750 753 838
f 750 838 837
f 751 836 752
f 752 839 753
f 752 836 840
f 752 840 839
f 753 839 841
f 753 841 838
f 754 842 755
f 755 842 843
f 755 843 844
f 755 844 756
f 756 844 937
f 756 937 845
f 756 845 757
f 757 846 847
f 757 847 758
f 757 845 846
f 758 847 759
f 759 847 848
f 759 848 760
f 760 848 849
f 760 849 761
f 761 849 762
f 762 849 850
f 762 850 851
f 762 851 763
f 763 851 852
f 763 852 764
f 764 852 853
f 764 853 854
f 764 854 765
f 765 854 766
f 766 854 855
f 766 855 856
f 766 856 767
f 767 856 857
f 767 857 768
f 768 857 769
f 769 857 770
f 770 858 771
f 770 857 859
f 770 859 858
f 771 858 772
f 772 858 773
f 773 858 774
f 774 858 860
f 774 860 776
f 774 776 775
f 776 861 862
f 776 862 777
f 776 860 863
f 776 863 864
f 776 864 861
f 777 862 865
f 777 865 779
f 779 865 862
f 779 862 866
f 779 866 780
f 780 866 862
f 780 862 867
f 780 867 868
f 780 868 869
f 780 869 781
f 781 869 870
f 781 870 871
f 781 871 782
f 782 872 873
f 782 873 783
f 782 871 874
f 782 874 875
f 782 875 876
f 782 876 877
f 782 877 872
f 783 873 786
f 784 791 792
f 784 792 785
f 786 873 872
f 786 872 877
f 786 877 878
f 786 878 879
f 786 879 788
f 786 788 787
f 788 879 880
f 788 880 789
f 789 881 796
f 789 796 882
f 789 882 790
f 789 880 881
f 790 882 791
f 791 882 792
f 792 794 793
f 792 882 796
f 792 796 794
f 794 796 795
f 796 881 880
f 796 880 883
f 796 883 884
f 796 884 885
f 796 885 798
f 796 798 797
f 798 885 884
f 798 884 886
f 798 886 887
f 798 887 799
f 799 887 800
f 800 887 888
f 800 888 889
f 800 889 890
f 800 890 801
f 801 891 802
f 801 890 891
f 802 891 803
f 803 891 892
f 803 892 805
f 805 892 995
f 805 995 893
f 806 894 807
f 806 808 895
f 806 895 894
f 807 894 896
f 807 896 815
f 807 815 814
f 808 897 895
f 809 898 811
f 810 817 899
f 810 899 900
f 810 900 898
f 811 898 900
f 811 900 901
f 811 901 902
f 811 902 812
f 812 903 813
f 812 902 904
f 812 904 905
f 812 905 906
f 812 906 1012
f 812 1012 903
f 815 907 816
f 815 896 1002
f 815 1002 908
f 815 908 1025
f 815 1025 907
f 816 907 1025
f 816 1025 909
f 816 909 1031
f 816 1031 910
f 816 910 911
f 817 911 899
f 818 912 819
f 819 912 820
f 820 912 913
f 820 913 917
f 820 917 824
f 821 823 914
f 821 914 915
f 821 915 827
f 822 826 823
f 823 826 914
f 824 916 825
f 824 917 918
f 824 918 916
f 825 916 918
f 825 918 919
f 825 919 920
f 825 920 826
f 826 920 921
f 826 921 922
f 826 922 914
f 827 915 914
f 827 914 828
f 828 914 923
f 828 923 924
f 828 924 833
f 830 925 926
f 830 926 927
f 830 927 836
f 830 832 925
f 831 928 929
f 831 929 930
f 831 930 925
f 831 925 832
f 831 835 931
f 831 931 932
f 831 932 928
f 833 924 931
f 833 931 834
f 834 931 835
f 836 927 840
f 837 838 842
f 838 841 842
f 839 933 841
f 839 840 933
f 840 927 926
f 840 926 934
f 840 934 935
f 840 935 933
f 841 936 842
f 841 933 936
f 842 936 843
f 843 936 844
f 844 936 1060
f 844 1060 937
f 845 937 939
f 845 939 846
f 846 938 847
f 846 939 1062
f 846 1062 938
f 847 938 848
f 848 938 940
f 848 940 849
f 849 940 941
f 849 941 850
f 850 942 851
f 850 941 943
f 850 943 942
f 851 944 852
f 851 942 944
f 852 944 945
f 852 945 853
f 853 945 946
f 853 946 854
f 854 946 947
f 854 947 855
f 855 947 948
f 855 948 949
f 855 949 1071
f 855 1071 950
f 855 950 953
f 855 953 856
f 856 951 952
f 856 952 857
f 856 953 951
f 857 952 954
f 857 954 859
f 858 859 955
f 858 955 956
f 858 956 957
f 858 957 958
f 858 958 860
f 859 954 959
f 859 959 956
f 859 956 955
f 860 958 960
f 860 960 961
f 860 961 962
f 860 962 863
f 861 864 963
f 861 963 862
f 862 963 964
f 862 964 965
f 862 965 867
f 863 962 966
f 863 966 963
f 863 963 864
f 867 965 868
f 868 965 967
f 868 967 968
f 868 968 969
f 868 969 970
f 868 970 971
f 868 971 870
f 868 870 869
f 870 971 871
f 871 971 874
f 874 971 972
f 874 972 875
f 875 972 973
f 875 973 974
f 875 974 975
f 875 975 976
f 875 976 876
f 876 976 977
f 876 977 877
f 877 977 978
f 877 978 878
f 878 978 880
f 878 880 879
f 880 884 883
f 880 978 977
f 880 977 979
f 880 979 980
f 880 980 981
f 880 981 982
f 880 982 884
f 884 982 981
f 884 981 983
f 884 983 984
f 884 984 985
f 884 985 887
f 884 887 886
f 887 985 986
f 887 986 888
f 888 986 987
f 888 987 988
f 888 988 889
f 889 988 989
f 889 989 990
f 889 990 991
f 889 991 890
f 890 991 891
f 891 991 892
f 892 991 992
f 892 992 993
f 892 993 994
f 892 994 995
f 894 895 996
f 894 996 1118
f 894 1118 997
f 894 997 1002
f 894 1002 896
f 895 897 998
f 895 998 999
f 895 999 1000
f 895 1000 1124
f 895 1124 1001
f 895 1001 1118
f 895 1118 996
f 899 911 1003
f 899 1003 900
f 900 1003 1004
f 900 1004 901
f 901 1004 902
f 902 1005 1006
f 902 1006 1007
f 902 1007 904
f 902 1004 1008
f 902 1008 1009
f 902 1009 1010
f 902 1010 1011
f 902 1011 1005
f 904 1007 905
f 905 1013 906
f 905 1007 1006
f 905 1006 1014
f 905 1014 1011
f 905 1011 1015
f 905 1015 1016
f 905 1016 1017
f 905 1017 1018
f 905 1018 1019
f 905 1019 1013
f 906 1013 1020
f 906 1020 1021
f 906 1021 1022
f 906 1022 1023
f 906 1023 1024
f 906 1024 1012
f 908 1002 1026
f 908 1026 1027
f 908 1027 1028
f 908 1028 1029
f 908 1029 1030
f 908 1030 1025
f 909 1025 1009
f 909 1009 1008
f 909 1008 1031
f 910 1031 1003
f 910 1003 911
f 912 1032 913
f 913 1032 917
f 914 1033 923
f 914 922 1034
f 914 1034 1035
f 914 1035 1036
f 914 1036 1037
f 914 1037 1033
f 917 1032 1038
f 917 1038 1039
f 917 1039 918
f 918 1039 1040
f 918 1040 919
f 919 1040 1041
f 919 1041 920
f 920 1042 921
f 920 1041 1043
f 920 1043 1042
f 921 1044 922
f 921 1042 1043
f 921 1043 1045
f 921 1045 1044
f 922 1044 1034
f 923 1033 1046
f 923 1046 924
f 924 1046 1033
f 924 1033 931
f 925 930 1047
f 925 1047 926
f 926 1047 1048
f 926 1048 1049
f 926 1049 1050
f 926 1050 1051
f 926 1051 1052
f 926 1052 1053
f 926 1053 934
f 928 1054 929
f 928 932 1054
f 929 1054 1055
f 929 1055 1048
f 929 1048 1047
f 929 1047 930
f 931 1033 932
f 932 1033 1056
f 932 1056 1057
f 932 1057 1054
f 933 935 936
f 934 1053 935
f 935 1058 1059
f 935 1059 936
f 935 1053 1058
f 936 1059 1060
f 937 1060 1061
f 937 1061 939
f 938 1062 1065
f 938 1065 940
f 939 1061 1063
f 939 1063 1064
f 939 1064 1062
f 940 1065 1068
f 940 1068 943
f 940 943 941
f 942 943 1068
f 942 1068 1066
f 942 1066 1067
f 942 1067 944
f 944 1067 945
f 945 948 946
f 945 1067 1069
f 945 1069 1070
f 945 1070 948
f 946 948 947
f 948 1070 1071
f 948 1071 949
f 950 1071 1072
f 950 1072 953
f 951 1073 952
f 951 953 1074
f 951 1074 1073
f 952 1073 1075
f 952 1075 954
f 953 1072 1076
f 953 1076 1077
f 953 1077 1078
f 953 1078 1079
f 953 1079 1074
f 954 1075 1080
f 954 1080 959
f 956 959 1081
f 956 1081 1082
f 956 1082 1083
f 956 1083 1084
f 956 1084 957
f 957 1084 960
f 957 960 958
f 959 1080 1085
f 959 1085 1081
f 960 1084 1086
f 960 1086 1087
f 960 1087 961
f 961 1087 962
f 962 1087 1088
f 962 1088 1089
f 962 1089 1090
f 962 1090 966
f 963 966 1091
f 963 1091 1092
f 963 1092 1093
f 963 1093 965
f 963 965 964
f 965 1093 1094
f 965 1094 968
f 965 968 967
f 966 1090 1095
f 966 1095 1094
f 966 1094 1091
f 968 970 969
f 968 1094 1096
f 968 1096 1097
f 968 1097 1098
f 968 1098 1099
f 968 1099 970
f 970 1100 971
f 970 1099 1101
f 970 1101 1102
f 970 1102 1100
f 971 1100 972
f 972 1100 973
f 973 1102 1103
f 973 1103 1104
f 973 1104 974
f 973 1100 1102
f 974 1104 1103
f 974 1103 1105
f 974 1105 981
f 974 981 980
f 974 980 979
f 974 979 975
f 975 979 977
f 975 977 976
f 981 1105 1106
f 981 1106 1107
f 981 1107 984
f 981 984 983
f 984 986 985
f 984 1107 1108
f 984 1108 1109
f 984 1109 986
f 986 1109 987
f 987 1109 1110
f 987 1110 1111
f 987 1111 988
f 988 1111 1112
f 988 1112 989
f 989 1113 990
f 989 1112 1114
f 989 1114 1113
f 990 1113 1115
f 990 1115 991
f 991 1115 992
f 992 1115 993
f 993 1115 1116
f 993 1116 1117
f 993 1117 994
f 997 1119 1002
f 997 1118 1120
f 997 1120 1027
f 997 1027 1119
f 998 1121 1122
f 998 1122 999
f 999 1122 1000
f 1000 1122 1123
f 1000 1123 1235
f 1000 1235 1124
f 1001 1124 1120
f 1001 1120 1118
f 1002 1119 1026
f 1003 1031 1004
f 1004 1031 1008
f 1005 1014 1006
f 1005 1011 1014
f 1009 1025 1010
f 1010 1025 1030
f 1010 1030 1015
f 1010 1015 1011
f 1013 1023 1020
f 1013 1019 1023
f 1015 1030 1029
f 1015 1029 1125
f 1015 1125 1126
f 1015 1126 1016
f 1016 1126 1127
f 1016 1127 1128
f 1016 1128 1017
f 1017 1128 1129
f 1017 1129 1130
f 1017 1130 1018
f 1018 1130 1023
f 1018 1023 1019
f 1020 1023 1021
f 1021 1023 1022
f 1023 1130 1024
f 1024 1130 1131
f 1024 1131 1132
f 1026 1119 1027
f 1027 1120 1133
f 1027 1133 1028
f 1028 1134 1135
f 1028 1135 1136
f 1028 1136 1029
f 1028 1133 1137
f 1028 1137 1138
f 1028 1138 1139
f 1028 1139 1134
f 1029 1136 1140
f 1029 1140 1125
f 1032 1141 1038
f 1033 1037 1142
f 1033 1142 1056
f 1034 1036 1035
f 1034 1044 1036
f 1036 1044 1143
f 1036 1143 1144
f 1036 1144 1145
f 1036 1145 1037
f 1037 1146 1142
f 1037 1145 1144
f 1037 1144 1146
f 1038 1141 1132
f 1038 1132 1039
f 1039 1132 1131
f 1039 1131 1130
f 1039 1130 1040
f 1040 1147 1041
f 1040 1130 1129
f 1040 1129 1128
f 1040 1128 1147
f 1041 1147 1148
f 1041 1148 1043
f 1043 1148 1149
f 1043 1149 1150
f 1043 1150 1045
f 1044 1045 1143
f 1045 1150 1151
f 1045 1151 1152
f 1045 1152 1153
f 1045 1153 1144
f 1045 1144 1143
f 1048 1154 1155
f 1048 1155 1156
f 1048 1156 1157
f 1048 1157 1050
f 1048 1050 1049
f 1048 1055 1158
f 1048 1158 1154
f 1050 1157 1051
f 1051 1159 1160
f 1051 1160 1052
f 1051 1157 1159
f 1052 1160 1053
f 1053 1160 1058
f 1054 1161 1162
f 1054 1162 1163
f 1054 1163 1055
f 1054 1057 1056
f 1054 1056 1161
f 1055 1163 1164
f 1055 1164 1158
f 1056 1142 1165
f 1056 1165 1166
f 1056 1166 1167
f 1056 1167 1161
f 1058 1160 1168
f 1058 1168 1059
f 1059 1168 1169
f 1059 1169 1170
f 1059 1170 1171
f 1059 1171 1172
f 1059 1172 1173
f 1059 1173 1174
f 1059 1174 1063
f 1059 1063 1061
f 1059 1061 1060
f 1062 1064 1065
f 1063 1174 1064
f 1064 1175 1065
f 1064 1174 1175
f 1065 1175 1176
f 1065 1176 1068
f 1066 1068 1177
f 1066 1177 1178
f 1066 1178 1179
f 1066 1179 1180
f 1066 1180 1067
f 1067 1180 1069
f 1068 1176 1177
f 1069 1180 1181
f 1069 1181 1182
f 1069 1182 1070
f 1070 1182 1071
f 1071 1182 1181
f 1071 1181 1183
f 1071 1183 1072
f 1072 1183 1184
f 1072 1184 1185
f 1072 1185 1186
f 1072 1186 1076
f 1073 1074 1079
f 1073 1079 1187
f 1073 1187 1075
f 1075 1187 1080
f 1076 1188 1077
f 1076 1186 1189
f 1076 1189 1188
f 1077 1190 1080
f 1077 1080 1079
f 1077 1079 1078
f 1077 1188 1191
f 1077 1191 1192
f 1077 1192 1190
f 1079 1080 1187
f 1080 1190 1193
f 1080 1193 1085
f 1081 1085 1082
f 1082 1194 1083
f 1082 1085 1193
f 1082 1193 1195
f 1082 1195 1284
f 1082 1284 1194
f 1083 1194 1196
f 1083 1196 1084
f 1084 1196 1086
f 1086 1196 1197
f 1086 1197 1285
f 1086 1285 1198
f 1086 1198 1199
f 1086 1199 1087
f 1087 1199 1292
f 1087 1292 1200
f 1087 1200 1088
f 1088 1200 1089
f 1089 1201 1090
f 1089 1200 1201
f 1090 1201 1202
f 1090 1202 1095
f 1091 1094 1092
f 1092 1094 1093
f 1094 1095 1203
f 1094 1203 1204
f 1094 1204 1205
f 1094 1205 1206
f 1094 1206 1096
f 1095 1202 1207
f 1095 1207 1208
f 1095 1208 1209
f 1095 1209 1203
f 1096 1206 1210
f 1096 1210 1211
f 1096 1211 1212
f 1096 1212 1213
f 1096 1213 1097
f 1097 1213 1214
f 1097 1214 1215
f 1097 1215 1098
f 1098 1215 1216
f 1098 1216 1099
f 1099 1216 1101
f 1101 1216 1217
f 1101 1217 1102
f 1102 1217 1103
f 1103 1106 1105
f 1103 1217 1218
f 1103 1218 1219
f 1103 1219 1220
f 1103 1220 1106
f 1106 1220 1221
f 1106 1221 1222
f 1106 1222 1108
f 1106 1108 1107
f 1108 1222 1223
f 1108 1223 1224
f 1108 1224 1109
f 1109 1224 1110
f 1110 1225 1111
f 1110 1224 1226
f 1110 1226 1225
f 1111 1225 1227
f 1111 1227 1112
f 1112 1227 1228
f 1112 1228 1114
f 1113 1229 1230
f 1113 1230 1115
f 1113 1114 1231
f 1113 1231 1322
f 1113 1322 1229
f 1114 1228 1231
f 1115 1230 1116
f 1120 1124 1232
f 1120 1232 1137
f 1120 1137 1133
f 1121 1233 1234
f 1121 1234 1122
f 1122 1234 1123
f 1123 1234 1326
f 1123 1326 1235
f 1124 1235 1236
f 1124 1236 1232
f 1125 1140 1237
f 1125 1237 1238
f 1125 1238 1239
f 1125 1239 1126
f 1126 1239 1240
f 1126 1240 1241
f 1126 1241 1242
f 1126 1242 1243
f 1126 1243 1127
f 1127 1243 1242
f 1127 1242 1128
f 1128 1242 1148
f 1128 1148 1147
f 1134 1140 1135
f 1134 1139 1140
f 1135 1140 1136
f 1137 1232 1244
f 1137 1244 1138
f 1138 1244 1245
f 1138 1245 1246
f 1138 1246 1247
f 1138 1247 1139
f 1139 1247 1248
f 1139 1248 1140
f 1140 1248 1249
f 1140 1249 1250
f 1140 1250 1251
f 1140 1251 1252
f 1140 1252 1237
f 1142 1146 1165
f 1144 1153 1253
f 1144 1253 1254
f 1144 1254 1255
f 1144 1255 1165
f 1144 1165 1146
f 1148 1242 1149
f 1149 1151 1150
f 1149 1242 1151
f 1151 1242 1152
f 1152 1256 1153
f 1152 1242 1241
f 1152 1241 1240
f 1152 1240 1256
f 1153 1256 1257
f 1153 1257 1253
f 1154 1158 1164
f 1154 1164 1155
f 1155 1157 1156
f 1155 1164 1157
f 1157 1164 1258
f 1157 1258 1259
f 1157 1259 1260
f 1157 1260 1261
f 1157 1261 1160
f 1157 1160 1159
f 1160 1262 1171
f 1160 1171 1169
f 1160 1169 1168
f 1160 1261 1263
f 1160 1263 1262
f 1161 1264 1265
f 1161 1265 1164
f 1161 1164 1163
f 1161 1163 1162
f 1161 1167 1166
f 1161 1166 1266
f 1161 1266 1264
f 1164 1265 1258
f 1165 1267 1268
f 1165 1268 1269
f 1165 1269 1166
f 1165 1255 1270
f 1165 1270 1267
f 1166 1269 1268
f 1166 1268 1266
f 1169 1171 1170
f 1171 1262 1271
f 1171 1271 1272
f 1171 1272 1273
f 1171 1273 1172
f 1172 1273 1274
f 1172 1274 1173
f 1173 1274 1178
f 1173 1178 1175
f 1173 1175 1174
f 1175 1178 1177
f 1175 1177 1176
f 1178 1274 1179
f 1179 1274 1275
f 1179 1275 1180
f 1180 1275 1181
f 1181 1275 1183
f 1183 1275 1184
f 1184 1275 1274
f 1184 1274 1185
f 1185 1274 1276
f 1185 1276 1186
f 1186 1276 1189
f 1188 1189 1191
f 1189 1276 1277
f 1189 1277 1191
f 1190 1192 1278
f 1190 1278 1279
f 1190 1279 1280
f 1190 1280 1193
f 1191 1277 1192
f 1192 1281 1278
f 1192 1277 1282
f 1192 1282 1281
f 1193 1280 1283
f 1193 1283 1195
f 1194 1284 1285
f 1194 1285 1197
f 1194 1197 1196
f 1195 1283 1284
f 1198 1285 1286
f 1198 1286 1287
f 1198 1287 1288
f 1198 1288 1199
f 1199 1288 1289
f 1199 1289 1290
f 1199 1290 1291
f 1199 1291 1292
f 1200 1292 1293
f 1200 1293 1201
f 1201 1293 1294
f 1201 1294 1202
f 1202 1294 1297
f 1202 1297 1207
f 1203 1209 1204
f 1204 1209 1295
f 1204 1295 1205
f 1205 1295 1296
f 1205 1296 1210
f 1205 1210 1206
f 1207 1297 1298
f 1207 1298 1208
f 1208 1298 1299
f 1208 1299 1209
f 1209 1299 1386
f 1209 1386 1295
f 1210 1296 1300
f 1210 1300 1301
f 1210 1301 1211
f 1211 1301 1302
f 1211 1302 1303
f 1211 1303 1304
f 1211 1304 1212
f 1212 1304 1305
f 1212 1305 1306
f 1212 1306 1213
f 1213 1306 1215
f 1213 1215 1214
f 1215 1306 1307
f 1215 1307 1216
f 1216 1307 1308
f 1216 1308 1309
f 1216 1309 1218
f 1216 1218 1217
f 1218 1309 1310
f 1218 1310 1219
f 1219 1310 1311
f 1219 1311 1312
f 1219 1312 1220
f 1220 1312 1221
f 1221 1312 1313
f 1221 1313 1314
f 1221 1314 1222
f 1222 1314 1223
f 1223 1314 1315
f 1223 1315 1316
f 1223 1316 1224
f 1224 1316 1226
f 1225 1226 1317
f 1225 1317 1318
f 1225 1318 1227
f 1226 1316 1319
f 1226 1319 1403
f 1226 1403 1317
f 1227 1318 1320
f 1227 1320 1228
f 1228 1321 1231
f 1228 1320 1407
f 1228 1407 1321
f 1231 1321 1323
f 1231 1323 1322
f 1232 1236 1244
f 1233 1324 1325
f 1233 1325 1234
f 1234 1325 1326
f 1235 1326 1327
f 1235 1327 1236
f 1236 1327 1328
f 1236 1328 1329
f 1236 1329 1244
f 1237 1252 1330
f 1237 1330 1331
f 1237 1331 1238
f 1238 1331 1330
f 1238 1330 1239
f 1239 1330 1332
f 1239 1332 1240
f 1240 1332 1333
f 1240 1333 1256
f 1244 1246 1245
f 1244 1329 1334
f 1244 1334 1335
f 1244 1335 1336
f 1244 1336 1246
f 1246 1336 1247
f 1247 1336 1337
f 1247 1337 1338
f 1247 1338 1339
f 1247 1339 1340
f 1247 1340 1249
f 1247 1249 1341
f 1247 1341 1248
f 1248 1341 1249
f 1249 1342 1343
f 1249 1343 1344
f 1249 1344 1250
f 1249 1340 1345
f 1249 1345 1346
f 1249 1346 1347
f 1249 1347 1342
f 1250 1344 1252
f 1250 1252 1251
f 1252 1344 1330
f 1253 1257 1254
f 1254 1348 1270
f 1254 1270 1255
f 1254 1257 1348
f 1256 1333 1349
f 1256 1349 1257
f 1257 1349 1350
f 1257 1350 1343
f 1257 1343 1351
f 1257 1351 1348
f 1258 1352 1353
f 1258 1353 1259
f 1258 1265 1352
f 1259 1354 1260
f 1259 1353 1354
f 1260 1263 1261
f 1260 1354 1262
f 1260 1262 1263
f 1262 1355 1356
f 1262 1356 1357
f 1262 1357 1273
f 1262 1273 1272
f 1262 1272 1271
f 1262 1354 1353
f 1262 1353 1355
f 1264 1358 1359
f 1264 1359 1265
f 1264 1266 1360
f 1264 1360 1361
f 1264 1361 1358
f 1265 1359 1362
f 1265 1362 1352
f 1266 1268 1360
f 1267 1270 1363
f 1267 1363 1348
f 1267 1348 1268
f 1268 1364 1360
f 1268 1348 1365
f 1268 1365 1366
f 1268 1366 1364
f 1270 1348 1363
f 1273 1367 1368
f 1273 1368 1274
f 1273 1357 1356
f 1273 1356 1369
f 1273 1369 1276
f 1273 1276 1367
f 1274 1368 1276
f 1276 1370 1282
f 1276 1282 1277
f 1276 1368 1367
f 1276 1369 1356
f 1276 1356 1370
f 1278 1371 1372
f 1278 1372 1373
f 1278 1373 1280
f 1278 1280 1279
f 1278 1281 1374
f 1278 1374 1375
f 1278 1375 1376
f 1278 1376 1371
f 1280 1287 1377
f 1280 1377 1283
f 1280 1373 1287
f 1281 1282 1374
f 1282 1370 1378
f 1282 1378 1379
f 1282 1379 1375
f 1282 1375 1374
f 1283 1377 1284
f 1284 1377 1286
f 1284 1286 1285
f 1286 1377 1287
f 1287 1373 1288
f 1288 1373 1372
f 1288 1372 1371
f 1288 1371 1289
f 1289 1371 1290
f 1290 1380 1381
f 1290 1381 1382
f 1290 1382 1291
f 1290 1371 1383
f 1290 1383 1380
f 1291 1382 1292
f 1292 1382 1293
f 1293 1382 1381
f 1293 1381 1294
f 1294 1381 1384
f 1294 1384 1297
f 1295 1385 1296
f 1295 1386 1453
f 1295 1453 1385
f 1296 1385 1387
f 1296 1387 1300
f 1297 1384 1298
f 1298 1384 1299
f 1299 1384 1388
f 1299 1388 1389
f 1299 1389 1386
f 1300 1387 1390
f 1300 1390 1456
f 1300 1456 1391
f 1300 1391 1393
f 1300 1393 1301
f 1301 1392 1303
f 1301 1303 1302
f 1301 1393 1459
f 1301 1459 1392
f 1303 1392 1458
f 1303 1458 1394
f 1303 1394 1395
f 1303 1395 1304
f 1304 1395 1396
f 1304 1396 1310
f 1304 1310 1308
f 1304 1308 1307
f 1304 1307 1306
f 1304 1306 1305
f 1308 1310 1309
f 1310 1396 1311
f 1311 1396 1397
f 1311 1397 1398
f 1311 1398 1312
f 1312 1398 1399
f 1312 1399 1313
f 1313 1399 1400
f 1313 1400 1314
f 1314 1400 1401
f 1314 1401 1315
f 1315 1401 1316
f 1316 1401 1402
f 1316 1402 1319
f 1317 1403 1404
f 1317 1404 1318
f 1318 1404 1406
f 1318 1406 1320
f 1319 1402 1470
f 1319 1470 1405
f 1319 1405 1471
f 1319 1471 1403
f 1320 1406 1475
f 1320 1475 1407
f 1321 1408 1323
f 1321 1407 1477
f 1321 1477 1408
f 1324 1409 1325
f 1324 1410 1409
f 1325 1411 1328
f 1325 1328 1327
f 1325 1327 1326
f 1325 1409 1412
f 1325 1412 1413
f 1325 1413 1411
f 1328 1334 1329
f 1328 1411 1414
f 1328 1414 1415
f 1328 1415 1334
f 1330 1344 1343
f 1330 1343 1350
f 1330 1350 1333
f 1330 1333 1332
f 1333 1350 1349
f 1334 1415 1416
f 1334 1416 1335
f 1335 1416 1417
f 1335 1417 1336
f 1336 1417 1337
f 1337 1417 1418
f 1337 1418 1419
f 1337 1419 1420
f 1337 1420 1338
f 1338 1421 1345
f 1338 1345 1339
f 1338 1420 1422
f 1338 1422 1421
f 1339 1345 1340
f 1342 1347 1343
f 1343 1347 1423
f 1343 1423 1424
f 1343 1424 1351
f 1345 1421 1422
f 1345 1422 1346
f 1346 1422 1425
f 1346 1425 1426
f 1346 1426 1347
f 1347 1426 1423
f 1348 1351 1427
f 1348 1427 1424
f 1348 1424 1365
f 1351 1424 1427
f 1352 1428 1429
f 1352 1429 1355
f 1352 1355 1353
f 1352 1362 1430
f 1352 1430 1428
f 1355 1431 1432
f 1355 1432 1433
f 1355 1433 1434
f 1355 1434 1356
f 1355 1429 1431
f 1356 1434 1370
f 1358 1435 1436
f 1358 1436 1437
f 1358 1437 1362
f 1358 1362 1359
f 1358 1361 1438
f 1358 1438 1439
f 1358 1439 1435
f 1360 1364 1440
f 1360 1440 1441
f 1360 1441 1361
f 1361 1441 1438
f 1362 1437 1442
f 1362 1442 1430
f 1364 1426 1440
f 1364 1366 1424
f 1364 1424 1423
f 1364 1423 1426
f 1365 1424 1366
f 1370 1443 1444
f 1370 1444 1445
f 1370 1445 1379
f 1370 1379 1378
f 1370 1434 1443
f 1371 1376 1446
f 1371 1446 1383
f 1375 1379 1376
f 1376 1447 1446
f 1376 1379 1447
f 1379 1445 1444
f 1379 1444 1448
f 1379 1448 1446
f 1379 1446 1447
f 1380 1449 1450
f 1380 1450 1384
f 1380 1384 1381
f 1380 1383 1451
f 1380 1451 1449
f 1383 1452 1451
f 1383 1446 1452
f 1384 1450 1388
f 1385 1390 1387
f 1385 1453 1456
f 1385 1456 1390
f 1386 1389 1454
f 1386 1454 1455
f 1386 1455 1453
f 1388 1450 1389
f 1389 1450 1454
f 1391 1456 1457
f 1391 1457 1393
f 1392 1459 1517
f 1392 1517 1458
f 1393 1457 1460
f 1393 1460 1461
f 1393 1461 1459
f 1394 1458 1517
f 1394 1517 1462
f 1394 1462 1463
f 1394 1463 1395
f 1395 1463 1464
f 1395 1464 1396
f 1396 1464 1465
f 1396 1465 1397
f 1397 1465 1466
f 1397 1466 1398
f 1398 1466 1467
f 1398 1467 1399
f 1399 1467 1468
f 1399 1468 1400
f 1400 1468 1469
f 1400 1469 1401
f 1401 1469 1470
f 1401 1470 1402
f 1403 1471 1472
f 1403 1472 1404
f 1404 1472 1476
f 1404 1476 1406
f 1405 1470 1473
f 1405 1473 1474
f 1405 1474 1528
f 1405 1528 1471
f 1406 1476 1535
f 1406 1535 1475
f 1407 1475 1534
f 1407 1534 1477
f 1409 1410 1412
f 1411 1413 1412
f 1411 1412 1414
f 1412 1478 1479
f 1412 1479 1414
f 1414 1479 1480
f 1414 1480 1481
f 1414 1481 1482
f 1414 1482 1415
f 1415 1482 1483
f 1415 1483 1416
f 1416 1484 1417
f 1416 1483 1482
f 1416 1482 1418
f 1416 1418 1484
f 1417 1484 1418
f 1418 1482 1485
f 1418 1485 1486
f 1418 1486 1487
f 1418 1487 1488
f 1418 1488 1489
f 1418 1489 1419
f 1419 1489 1420
f 1420 1489 1488
f 1420 1488 1490
f 1420 1490 1422
f 1422 1490 1491
f 1422 1491 1492
f 1422 1492 1426
f 1422 1426 1425
f 1426 1492 1493
f 1426 1493 1438
f 1426 1438 1441
f 1426 1441 1440
f 1428 1430 1494
f 1428 1494 1442
f 1428 1442 1495
f 1428 1495 1496
f 1428 1496 1497
f 1428 1497 1431
f 1428 1431 1429
f 1430 1442 1494
f 1431 1497 1432
f 1432 1497 1498
f 1432 1498 1434
f 1432 1434 1433
f 1434 1498 1443
f 1435 1439 1436
f 1436 1499 1437
f 1436 1439 1492
f 1436 1492 1499
f 1437 1499 1442
f 1438 1493 1492
f 1438 1492 1439
f 1442 1500 1495
f 1442 1499 1501
f 1442 1501 1500
f 1443 1502 1444
f 1443 1498 1503
f 1443 1503 1502
f 1444 1502 1504
f 1444 1504 1448
f 1446 1448 1505
f 1446 1505 1506
f 1446 1506 1452
f 1448 1507 1505
f 1448 1504 1502
f 1448 1502 1508
f 1448 1508 1507
f 1449 1509 1450
f 1449 1451 1509
f 1450 1509 1510
f 1450 1510 1511
f 1450 1511 1512
f 1450 1512 1513
f 1450 1513 1514
f 1450 1514 1454
f 1451 1511 1510
f 1451 1510 1509
f 1451 1452 1506
f 1451 1506 1505
f 1451 1505 1515
f 1451 1515 1511
f 1453 1455 1456
f 1454 1457 1455
f 1454 1514 1457
f 1455 1457 1456
f 1457 1514 1513
f 1457 1513 1516
f 1457 1516 1460
f 1459 1461 1462
f 1459 1462 1517
f 1460 1516 1518
f 1460 1518 1461
f 1461 1518 1519
f 1461 1519 1520
f 1461 1520 1521
f 1461 1521 1463
f 1461 1463 1462
f 1463 1521 1464
f 1464 1521 1522
f 1464 1522 1523
f 1464 1523 1465
f 1465 1523 1524
f 1465 1524 1466
f 1466 1524 1525
f 1466 1525 1467
f 1467 1525 1468
f 1468 1525 1526
f 1468 1526 1527
f 1468 1527 1469
f 1469 1527 1473
f 1469 1473 1470
f 1471 1528 1472
f 1472 1528 1529
f 1472 1529 1536
f 1472 1536 1476
f 1473 1527 1530
f 1473 1530 1531
f 1473 1531 1474
f 1474 1531 1532
f 1474 1532 1533
f 1474 1533 1528
f 1475 1535 1589
f 1475 1589 1534
f 1476 1536 1590
f 1476 1590 1535
f 1478 1537 1479
f 1479 1537 1480
f 1480 1538 1539
f 1480 1539 1540
f 1480 1540 1541
f 1480 1541 1542
f 1480 1542 1481
f 1480 1537 1543
f 1480 1543 1544
f 1480 1544 1538
f 1481 1542 1482
f 1482 1542 1541
f 1482 1541 1545
f 1482 1545 1546
f 1482 1546 1486
f 1482 1486 1485
f 1486 1546 1545
f 1486 1545 1547
f 1486 1547 1548
f 1486 1548 1487
f 1487 1548 1488
f 1488 1548 1549
f 1488 1549 1550
f 1488 1550 1490
f 1490 1492 1491
f 1490 1550 1551
f 1490 1551 1492
f 1492 1551 1499
f 1495 1500 1552
f 1495 1552 1553
f 1495 1553 1554
f 1495 1554 1497
f 1495 1497 1496
f 1497 1554 1555
f 1497 1555 1498
f 1498 1555 1556
f 1498 1556 1557
f 1498 1557 1503
f 1499 1551 1501
f 1500 1558 1552
f 1500 1501 1551
f 1500 1551 1559
f 1500 1559 1560
f 1500 1560 1558
f 1502 1503 1557
f 1502 1557 1556
f 1502 1556 1561
f 1502 1561 1508
f 1505 1562 1563
f 1505 1563 1511
f 1505 1511 1515
f 1505 1507 1508
f 1505 1508 1564
f 1505 1564 1562
f 1508 1561 1565
f 1508 1565 1562
f 1508 1562 1564
f 1511 1563 1566
f 1511 1566 1567
f 1511 1567 1512
f 1512 1568 1569
f 1512 1569 1570
f 1512 1570 1571
f 1512 1571 1513
f 1512 1567 1566
f 1512 1566 1572
f 1512 1572 1568
f 1513 1571 1573
f 1513 1573 1574
f 1513 1574 1575
f 1513 1575 1516
f 1516 1575 1518
f 1518 1575 1519
f 1519 1575 1520
f 1520 1575 1574
f 1520 1574 1576
f 1520 1576 1521
f 1521 1576 1577
f 1521 1577 1522
f 1522 1577 1578
f 1522 1578 1579
f 1522 1579 1580
f 1522 1580 1523
f 1523 1580 1524
f 1524 1580 1581
f 1524 1581 1582
f 1524 1582 1525
f 1525 1582 1526
f 1526 1582 1583
f 1526 1583 1530
f 1526 1530 1527
f 1528 1533 1529
f 1529 1533 1584
f 1529 1584 1536
f 1530 1583 1585
f 1530 1585 1531
f 1531 1585 1586
f 1531 1586 1532
f 1532 1586 1587
f 1532 1587 1588
f 1532 1588 1533
f 1533 1588 1584
f 1535 1590 1642
f 1535 1642 1589
f 1536 1584 1591
f 1536 1591 1643
f 1536 1643 1590
f 1537 1592 1543
f 1538 1593 1594
f 1538 1594 1539
f 1538 1544 1595
f 1538 1595 1596
f 1538 1596 1597
f 1538 1597 1593
f 1539 1594 1540
f 1540 1594 1598
f 1540 1598 1541
f 1541 1598 1545
f 1543 1599 1600
f 1543 1600 1653
f 1543 1653 1601
f 1543 1601 1602
f 1543 1602 1603
f 1543 1603 1595
f 1543 1595 1544
f 1543 1592 1599
f 1545 1598 1594
f 1545 1594 1593
f 1545 1593 1604
f 1545 1604 1605
f 1545 1605 1606
f 1545 1606 1607
f 1545 1607 1547
f 1547 1607 1608
f 1547 1608 1548
f 1548 1608 1609
f 1548 1609 1549
f 1549 1609 1610
f 1549 1610 1550
f 1550 1610 1611
f 1550 1611 1560
f 1550 1560 1559
f 1550 1559 1551
f 1552 1558 1612
f 1552 1612 1613
f 1552 1613 1614
f 1552 1614 1615
f 1552 1615 1554
f 1552 1554 1553
f 1554 1615 1616
f 1554 1616 1555
f 1555 1616 1556
f 1556 1616 1617
f 1556 1617 1618
f 1556 1618 1561
f 1558 1560 1611
f 1558 1611 1619
f 1558 1619 1612
f 1561 1618 1617
f 1561 1617 1620
f 1561 1620 1565
f 1562 1565 1621
f 1562 1621 1622
f 1562 1622 1566
f 1562 1566 1563
f 1565 1620 1623
f 1565 1623 1621
f 1566 1624 1625
f 1566 1625 1568
f 1566 1568 1572
f 1566 1622 1626
f 1566 1626 1624
f 1568 1625 1627
f 1568 1627 1628
f 1568 1628 1629
f 1568 1629 1569
f 1569 1629 1630
f 1569 1630 1570
f 1570 1630 1631
f 1570 1631 1571
f 1571 1631 1573
f 1573 1631 1576
f 1573 1576 1574
f 1576 1631 1632
f 1576 1632 1630
f 1576 1630 1577
f 1577 1630 1578
f 1578 1630 1633
f 1578 1633 1579
f 1579 1633 1634
f 1579 1634 1580
f 1580 1634 1581
f 1581 1634 1635
f 1581 1635 1582
f 1582 1635 1583
f 1583 1635 1585
f 1584 1588 1636
f 1584 1636 1591
f 1585 1635 1637
f 1585 1637 1638
f 1585 1638 1586
f 1586 1638 1639
f 1586 1639 1587
f 1587 1639 1640
f 1587 1640 1641
f 1587 1641 1588
f 1588 1641 1636
f 1590 1643 1644
f 1590 1644 1642
f 1591 1636 1645
f 1591 1645 1646
f 1591 1646 1643
f 1593 1597 1647
f 1593 1647 1648
f 1593 1648 1604
f 1595 1603 1596
f 1596 1603 1602
f 1596 1602 1649
f 1596 1649 1650
f 1596 1650 1651
f 1596 1651 1652
f 1596 1652 1597
f 1597 1652 1647
f 1601 1653 1654
f 1601 1654 1655
f 1601 1655 1657
f 1601 1657 1602
f 1602 1656 1649
f 1602 1657 1656
f 1604 1648 1605
f 1605 1658 1607
f 1605 1607 1606
f 1605 1648 1659
f 1605 1659 1647
f 1605 1647 1660
f 1605 1660 1661
f 1605 1661 1662
f 1605 1662 1663
f 1605 1663 1658
f 1607 1658 1664
f 1607 1664 1608
f 1608 1664 1665
f 1608 1665 1609
f 1609 1665 1666
f 1609 1666 1667
f 1609 1667 1610
f 1610 1667 1668
f 1610 1668 1619
f 1610 1619 1611
f 1612 1619 1613
f 1613 1619 1614
f 1614 1669 1670
f 1614 1670 1615
f 1614 1619 1669
f 1615 1670 1671
f 1615 1671 1616
f 1616 1671 1617
f 1617 1671 1620
f 1619 1668 1672
f 1619 1672 1669
f 1620 1673 1623
f 1620 1671 1673
f 1621 1626 1622
f 1621 1623 1674
f 1621 1674 1675
f 1621 1675 1626
f 1623 1676 1674
f 1623 1673 1677
f 1623 1677 1676
f 1624 1626 1675
f 1624 1675 1678
f 1624 1678 1679
f 1624 1679 1625
f 1625 1679 1680
f 1625 1680 1627
f 1627 1680 1634
f 1627 1634 1633
f 1627 1633 1628
f 1628 1633 1629
f 1629 1633 1630
f 1630 1632 1631
f 1634 1680 1681
f 1634 1681 1682
f 1634 1682 1683
f 1634 1683 1635
f 1635 1683 1684
f 1635 1684 1637
f 1636 1641 1685
f 1636 1685 1645
f 1637 1684 1638
f 1638 1684 1686
f 1638 1686 1687
f 1638 1687 1688
f 1638 1688 1639
f 1639 1688 1689
f 1639 1689 1640
f 1640 1689 1690
f 1640 1690 1691
f 1640 1691 1641
f 1641 1691 1685
f 1643 1692 1644
f 1643 1646 1694
f 1643 1694 1692
f 1645 1685 1693
f 1645 1693 1646
f 1646 1693 1741
f 1646 1741 1694
f 1647 1652 1651
f 1647 1651 1660
f 1647 1659 1648
f 1649 1656 1650
f 1650 1656 1695
f 1650 1695 1696
f 1650 1696 1651
f 1651 1696 1660
f 1654 1697 1655
f 1655 1697 1744
f 1655 1744 1698
f 1655 1698 1699
f 1655 1699 1700
f 1655 1700 1657
f 1656 1657 1701
f 1656 1701 1702
f 1656 1702 1695
f 1657 1700 1703
f 1657 1703 1701
f 1658 1663 1664
f 1660 1696 1704
f 1660 1704 1662
f 1660 1662 1661
f 1662 1704 1696
f 1662 1696 1705
f 1662 1705 1663
f 1663 1705 1706
f 1663 1706 1707
f 1663 1707 1708
f 1663 1708 1709
f 1663 1709 1710
f 1663 1710 1664
f 1664 1710 1665
f 1665 1710 1711
f 1665 1711 1666
f 1666 1711 1712
f 1666 1712 1667
f 1667 1712 1668
f 1668 1712 1672
f 1669 1672 1713
f 1669 1713 1714
f 1669 1714 1715
f 1669 1715 1670
f 1670 1715 1671
f 1671 1715 1673
f 1672 1711 1716
f 1672 1716 1713
f 1672 1712 1711
f 1673 1717 1718
f 1673 1718 1677
f 1673 1715 1717
f 1674 1676 1719
f 1674 1719 1720
f 1674 1720 1721
f 1674 1721 1722
f 1674 1722 1678
f 1674 1678 1675
f 1676 1723 1719
f 1676 1677 1718
f 1676 1718 1723
f 1678 1722 1679
f 1679 1722 1682
f 1679 1682 1680
f 1680 1682 1681
f 1682 1722 1724
f 1682 1724 1725
f 1682 1725 1726
f 1682 1726 1684
f 1682 1684 1683
f 1684 1726 1727
f 1684 1727 1728
f 1684 1728 1687
f 1684 1687 1686
f 1685 1691 1729
f 1685 1729 1693
f 1687 1727 1730
f 1687 1730 1731
f 1687 1731 1732
f 1687 1732 1733
f 1687 1733 1734
f 1687 1734 1689
f 1687 1689 1688
f 1687 1728 1727
f 1689 1734 1733
f 1689 1733 1735
f 1689 1735 1690
f 1690 1736 1691
f 1690 1735 1737
f 1690 1737 1738
f 1690 1738 1736
f 1691 1736 1739
f 1691 1739 1729
f 1693 1740 1741
f 1693 1729 1742
f 1693 1742 1740
f 1695 1743 1696
f 1695 1702 1743
f 1696 1743 1705
f 1698 1744 1745
f 1698 1745 1746
f 1698 1746 1699
f 1699 1746 1747
f 1699 1747 1700
f 1700 1747 1748
f 1700 1748 1703
f 1701 1749 1702
f 1701 1703 1749
f 1702 1749 1750
f 1702 1750 1751
f 1702 1751 1752
f 1702 1752 1753
f 1702 1753 1705
f 1702 1705 1743
f 1703 1748 1754
f 1703 1754 1755
f 1703 1755 1749
f 1705 1753 1706
f 1706 1753 1707
f 1707 1756 1710
f 1707 1710 1709
f 1707 1709 1708
f 1707 1753 1751
f 1707 1751 1756
f 1710 1756 1757
f 1710 1757 1711
f 1711 1757 1716
f 1713 1716 1758
f 1713 1758 1759
f 1713 1759 1714
f 1714 1759 1715
f 1715 1759 1717
f 1716 1757 1756
f 1716 1756 1760
f 1716 1760 1761
f 1716 1761 1758
f 1717 1762 1763
f 1717 1763 1764
f 1717 1764 1765
f 1717 1765 1718
f 1717 1759 1762
f 1718 1765 1766
f 1718 1766 1723
f 1719 1723 1720
f 1720 1723 1767
f 1720 1767 1721
f 1721 1767 1768
f 1721 1768 1769
f 1721 1769 1724
f 1721 1724 1722
f 1723 1766 1770
f 1723 1770 1771
f 1723 1771 1772
f 1723 1772 1767
f 1724 1769 1768
f 1724 1768 1725
f 1725 1768 1727
f 1725 1727 1726
f 1727 1768 1773
f 1727 1773 1772
f 1727 1772 1771
f 1727 1771 1770
f 1727 1770 1774
f 1727 1774 1775
f 1727 1775 1731
f 1727 1731 1730
f 1729 1739 1742
f 1731 1776 1733
f 1731 1733 1732
f 1731 1775 1774
f 1731 1774 1777
f 1731 1777 1778
f 1731 1778 1779
f 1731 1779 1780
f 1731 1780 1781
f 1731 1781 1776
f 1733 1776 1781
f 1733 1781 1782
f 1733 1782 1737
f 1733 1737 1735
f 1736 1738 1783
f 1736 1783 1739
f 1737 1784 1738
f 1737 1782 1754
f 1737 1754 1785
f 1737 1785 1784
f 1738 1784 1783
f 1739 1786 1742
f 1739 1783 1787
f 1739 1787 1786
f 1740 1742 1788
f 1742 1786 1789
f 1742 1789 1790
f 1742 1790 1788
f 1745 1791 1746
f 1746 1791 1792
f 1746 1792 1793
f 1746 1793 1747
f 1747 1793 1794
f 1747 1794 1748
f 1748 1794 1785
f 1748 1785 1754
f 1749 1751 1750
f 1749 1755 1795
f 1749 1795 1796
f 1749 1796 1751
f 1751 1753 1752
f 1751 1796 1797
f 1751 1797 1756
f 1754 1782 1781
f 1754 1781 1755
f 1755 1781 1795
f 1756 1797 1796
f 1756 1796 1760
f 1758 1761 1798
f 1758 1798 1759
f 1759 1798 1763
f 1759 1763 1762
f 1760 1796 1799
f 1760 1799 1761
f 1761 1799 1800
f 1761 1800 1801
f 1761 1801 1798
f 1763 1798 1802
f 1763 1802 1765
f 1763 1765 1764
f 1765 1803 1804
f 1765 1804 1774
f 1765 1774 1770
f 1765 1770 1766
f 1765 1802 1803
f 1767 1772 1773
f 1767 1773 1768
f 1774 1804 1777
f 1777 1804 1803
f 1777 1803 1778
f 1778 1803 1802
f 1778 1802 1801
f 1778 1801 1800
f 1778 1800 1805
f 1778 1805 1779
f 1779 1805 1795
f 1779 1795 1780
f 1780 1795 1781
f 1783 1784 1806
f 1783 1806 1787
f 1784 1785 1794
f 1784 1794 1806
f 1786 1787 1789
f 1787 1807 1810
f 1787 1810 1789
f 1787 1806 1808
f 1787 1808 1809
f 1787 1809 1807
f 1789 1810 1790
f 1792 1811 1793
f 1793 1811 1812
f 1793 1812 1808
f 1793 1808 1806
f 1793 1806 1794
f 1795 1805 1799
f 1795 1799 1796
f 1798 1801 1802
f 1799 1805 1800
f 1808 1812 1809
