# https://github.com/mikedh/trimesh
v 0.05747575 -0.03938219 -0.00014532
v 0.05747575 -0.03937448 -0.00064845
v 0.05774389 -0.03933593 -0.00064845
v 0.05799946 -0.03929738 -0.00064845
v 0.05799527 -0.03929738 0.01951278
v 0.05774389 -0.03933593 0.01951278
v 0.05747575 -0.03937448 0.02011456
v 0.05747575 -0.03935135 -0.00091152
v 0.05771456 -0.03932822 -0.00094440
v 0.05891281 -0.03914318 -0.00115486
v 0.05941556 -0.03905837 -0.00115486
v 0.05941556 -0.03905837 0.00035781
v 0.05891281 -0.03914318 0.01951278
v 0.05841004 -0.03922799 0.01951278
v 0.05773970 -0.03933593 0.02001920
v 0.05747575 -0.03935906 0.02058481
v 0.05747575 -0.03934364 -0.00097729
v 0.05992251 -0.03896585 -0.00165799
v 0.06042527 -0.03880394 -0.00233211
v 0.06042527 -0.03885020 -0.00207890
v 0.06071436 -0.03882707 -0.00165799
v 0.06071436 -0.03882707 0.00993365
v 0.05992251 -0.03896585 0.01951278
v 0.05891281 -0.03913547 0.02001920
v 0.05770618 -0.03932822 0.02040394
v 0.05763915 -0.03932051 0.02074265
v 0.05747575 -0.03932822 0.02086761
v 0.05747575 -0.03924341 -0.00122392
v 0.05941556 -0.03891188 -0.00206575
v 0.06089451 -0.03878081 -0.00215783
v 0.06143498 -0.03868829 -0.00216111
v 0.06244050 -0.03834134 -0.00346661
v 0.06294744 -0.03833364 -0.00346990
v 0.06323653 -0.03831821 -0.00344359
v 0.06193774 -0.03859577 0.01094319
v 0.06096574 -0.03878081 0.01396853
v 0.06096574 -0.03878081 0.01900966
v 0.06042527 -0.03887333 0.01951278
v 0.06068084 -0.03881936 0.01976928
v 0.05891281 -0.03908921 0.02052233
v 0.05747575 -0.03930509 0.02102545
v 0.05747575 -0.03898898 -0.00155934
v 0.05891281 -0.03889646 -0.00200985
v 0.05992251 -0.03878081 -0.00236171
v 0.06193774 -0.03858035 -0.00266753
v 0.06244050 -0.03849554 0.00791786
v 0.06326167 -0.03832592 -0.00317066
v 0.06326586 -0.03832592 -0.00266753
v 0.06352143 -0.03827966 0.00187047
v 0.06294744 -0.03839531 0.00691160
v 0.06211789 -0.03832592 -0.00344031
v 0.06445991 -0.03786333 -0.00450575
v 0.06496267 -0.03787103 -0.00454192
v 0.06546543 -0.03784020 -0.00450904
v 0.06573775 -0.03780936 -0.00445314
v 0.06445991 -0.03808691 -0.00367378
v 0.06193774 -0.03859577 0.01850653
v 0.06353819 -0.03827966 0.01800012
v 0.06094898 -0.03877310 0.01951278
v 0.06143498 -0.03868829 0.01900966
v 0.06058029 -0.03879623 0.02010470
v 0.06024512 -0.03883478 0.02034475
v 0.06294744 -0.03838760 0.01900966
v 0.06319883 -0.03831050 0.01926287
v 0.05941556 -0.03898127 0.02052233
v 0.05841004 -0.03910463 0.02102545
v 0.05747575 -0.03929738 0.02106491
v 0.05747575 -0.03856493 -0.00172376
v 0.05815448 -0.03881936 -0.00191120
v 0.05841004 -0.03885020 -0.00194408
v 0.06496267 -0.03798668 -0.00367378
v 0.06395296 -0.03819485 0.00943052
v 0.06410798 -0.03784020 -0.00445971
v 0.06647514 -0.03736989 -0.00551200
v 0.07202224 -0.03628278 -0.00793556
v 0.06748484 -0.03736218 -0.00558435
v 0.07202224 -0.03635988 -0.00768564
v 0.06784935 -0.03733134 -0.00553502
v 0.06575032 -0.03781706 -0.00417691
v 0.07202224 -0.03643698 -0.00720224
v 0.06353400 -0.03827966 0.01850653
v 0.06395296 -0.03819485 0.01800012
v 0.06143498 -0.03861119 0.02001920
v 0.06193774 -0.03848783 0.02001920
v 0.06009010 -0.03879623 0.02068017
v 0.06445991 -0.03807921 0.01850653
v 0.06349210 -0.03826424 0.01900966
v 0.06395296 -0.03815630 0.01900966
v 0.06445991 -0.03803295 0.01900966
v 0.06339993 -0.03822569 0.01946346
v 0.06275053 -0.03832592 0.01982190
v 0.05747575 -0.03918944 0.02149569
v 0.05747575 -0.03927425 0.02116685
v 0.05975074 -0.03883478 0.02084130
v 0.05939462 -0.03887333 0.02101559
v 0.05747575 -0.03806379 -0.00175335
v 0.07151529 -0.03554262 -0.00813944
v 0.07121783 -0.03584331 -0.00798160
v 0.07023745 -0.03630591 -0.00746203
v 0.06818870 -0.03682248 -0.00646564
v 0.06613997 -0.03733134 -0.00546596
v 0.06496267 -0.03798668 0.01699386
v 0.06546543 -0.03787874 -0.00367378
v 0.06849036 -0.03686103 -0.00651168
v 0.07101253 -0.03639843 -0.00758041
v 0.07050978 -0.03635217 -0.00750807
v 0.07151529 -0.03619797 -0.00789281
v 0.07264650 -0.03583560 -0.00850117
v 0.07302776 -0.03587415 -0.00854063
v 0.07353471 -0.03588186 -0.00857351
v 0.07403747 -0.03586644 -0.00857680
v 0.07353471 -0.03604377 -0.00821179
v 0.07000282 -0.03677622 -0.00684710
v 0.07255014 -0.03628278 -0.00775470
v 0.07151529 -0.03652179 -0.00720224
v 0.06600171 -0.03776310 -0.00417691
v 0.07302776 -0.03620568 -0.00770866
v 0.07353471 -0.03610545 -0.00770866
v 0.07031286 -0.03681477 -0.00619599
v 0.06575032 -0.03781706 0.01749699
v 0.06600171 -0.03776310 0.01749699
v 0.06143498 -0.03848783 0.02052233
v 0.06242793 -0.03836447 0.02000276
v 0.05992251 -0.03873455 0.02101559
v 0.06496267 -0.03796355 0.01850653
v 0.06571681 -0.03780936 0.01822044
v 0.06541096 -0.03785561 0.01850653
v 0.06395296 -0.03807149 0.01951278
v 0.06566235 -0.03779393 0.01850653
v 0.06531041 -0.03783248 0.01888799
v 0.06518891 -0.03780165 0.01922341
v 0.06293069 -0.03822569 0.02000276
v 0.06258713 -0.03827966 0.02015731
v 0.05921027 -0.03882707 0.02130826
v 0.05790310 -0.03907379 0.02153187
v 0.05747575 -0.03896585 0.02207774
v 0.05954963 -0.03878081 0.02117672
v 0.07151529 -0.03503376 -0.00814602
v 0.05747575 0.00820379 -0.00175993
v 0.07199711 -0.03503376 -0.00836305
v 0.07224848 -0.03503376 -0.00847486
v 0.07225686 -0.03535758 -0.00847157
v 0.07206414 -0.03552720 -0.00837292
v 0.07231133 -0.03568911 -0.00845184
v 0.06546543 -0.03787874 0.01548120
v 0.07302776 -0.03554262 -0.00868861
v 0.07378609 -0.03525735 -0.00896812
v 0.07412545 -0.03534987 -0.00900100
v 0.07454023 -0.03538842 -0.00903060
v 0.07504717 -0.03538842 -0.00904375
v 0.07454023 -0.03582789 -0.00853076
v 0.07554994 -0.03536529 -0.00903718
v 0.07605270 -0.03532674 -0.00900758
v 0.07637110 -0.03530361 -0.00898127
v 0.07483769 -0.03579705 -0.00848472
v 0.06849036 -0.03721569 -0.00518645
v 0.07454023 -0.03587415 -0.00821179
v 0.07486702 -0.03580476 -0.00821179
v 0.07554994 -0.03565827 -0.00821179
v 0.07605270 -0.03555033 -0.00821179
v 0.07756516 -0.03521880 -0.00821179
v 0.08639695 -0.03327589 -0.00821179
v 0.07031286 -0.03681477 0.01548120
v 0.06849036 -0.03721569 0.01648745
v 0.07030867 -0.03681477 0.01598432
v 0.06815519 -0.03728508 0.01699386
v 0.06786610 -0.03733905 0.01749699
v 0.06225196 -0.03832592 0.02031844
v 0.06190003 -0.03836447 0.02049931
v 0.06170731 -0.03831821 0.02078869
v 0.06697790 -0.03751637 0.01800012
v 0.06485374 -0.03784791 0.01940098
v 0.06779907 -0.03732363 0.01785872
v 0.06647514 -0.03757806 0.01850653
v 0.06770690 -0.03729279 0.01819742
v 0.06697790 -0.03743928 0.01850653
v 0.06733821 -0.03733905 0.01850653
v 0.06468615 -0.03780165 0.01973640
v 0.06723765 -0.03730820 0.01876303
v 0.05891281 -0.03876539 0.02165683
v 0.05891281 -0.03886562 0.02140691
v 0.06112913 -0.03829508 0.02124249
v 0.05843518 -0.03892730 0.02156475
v 0.05790310 -0.03890417 0.02195936
v 0.05747575 -0.03884249 0.02232766
v 0.07151529 0.03503451 -0.00814602
v 0.05747575 0.01274497 -0.00175993
v 0.07199711 -0.00478752 -0.00836305
v 0.07252500 -0.03503376 -0.00857680
v 0.07224848 -0.00881984 -0.00847486
v 0.07252500 -0.02041565 -0.00858009
v 0.07249567 -0.03552720 -0.00853076
v 0.07302776 -0.03503376 -0.00875766
v 0.07358079 -0.03506460 -0.00891879
v 0.07377771 -0.03453261 -0.00897141
v 0.07403747 -0.03453261 -0.00903060
v 0.07398719 -0.03506460 -0.00901416
v 0.07454023 -0.03503376 -0.00910952
v 0.07504717 -0.03503376 -0.00915885
v 0.07554994 -0.03503376 -0.00917529
v 0.07605270 -0.03503376 -0.00915556
v 0.07654707 -0.03507232 -0.00909308
v 0.07706240 -0.03496437 -0.00909966
v 0.07756516 -0.03491040 -0.00907335
v 0.07654707 -0.03535758 -0.00873135
v 0.07807211 -0.03485643 -0.00904046
v 0.09470505 -0.03133297 -0.00906348
v 0.09520781 -0.03128672 -0.00900758
v 0.09299567 -0.03177244 -0.00898456
v 0.09547175 -0.03125587 -0.00897141
v 0.09549689 -0.03126358 -0.00871491
v 0.09067041 -0.03233527 -0.00821179
v 0.08639695 -0.03327589 0.00791786
v 0.07101253 -0.03666057 0.01548120
v 0.07202224 -0.03642927 0.01548120
v 0.06849036 -0.03720798 0.01699386
v 0.09067041 -0.03233527 0.00590535
v 0.08915794 -0.03266680 0.00691160
v 0.09308365 -0.03179557 0.00540222
v 0.07028773 -0.03680706 0.01636578
v 0.07024583 -0.03679935 0.01670120
v 0.06242793 -0.03821027 0.02049931
v 0.06414150 -0.03778622 0.02021321
v 0.06380213 -0.03784020 0.02033817
v 0.06341669 -0.03788645 0.02051246
v 0.06294744 -0.03787103 0.02088076
v 0.06899731 -0.03703836 0.01749699
v 0.06797504 -0.03724653 0.01801656
v 0.06982686 -0.03682248 0.01735230
v 0.06970955 -0.03678393 0.01768772
v 0.06673071 -0.03730820 0.01926615
v 0.06922774 -0.03679164 0.01823030
v 0.06889257 -0.03685332 0.01839473
v 0.05861953 -0.03880394 0.02175219
v 0.06079396 -0.03834905 0.02134443
v 0.06016970 -0.03831050 0.02178179
v 0.06094898 -0.03819485 0.02152200
v 0.06228548 -0.03784020 0.02133127
v 0.05828436 -0.03885020 0.02185084
v 0.05747575 -0.03870371 0.02253812
v 0.05765172 -0.03881165 0.02228491
v 0.05917675 -0.03831821 0.02229149
v 0.05747575 0.03050105 -0.00175664
v 0.05747575 0.03805682 -0.00175335
v 0.07151529 0.03553566 -0.00813944
v 0.07200549 0.03503451 -0.00836305
v 0.07200129 0.01890524 -0.00836305
v 0.07252500 -0.00982985 -0.00858009
v 0.07225686 0.03503451 -0.00847157
v 0.07252500 0.03503451 -0.00857680
v 0.07352633 -0.03453261 -0.00890564
v 0.07302776 0.03503451 -0.00875766
v 0.07350957 0.02393986 -0.00890235
v 0.07376095 0.02494986 -0.00897470
v 0.07454023 -0.03453261 -0.00912925
v 0.07403747 0.03453336 -0.00903060
v 0.07504717 -0.03453261 -0.00919831
v 0.07554994 -0.03453261 -0.00924435
v 0.07605270 -0.03453261 -0.00926408
v 0.07655964 -0.03453261 -0.00926737
v 0.07706240 -0.03453261 -0.00925092
v 0.07756516 -0.03453261 -0.00922791
v 0.07807211 -0.03453261 -0.00919173
v 0.09470505 -0.03100144 -0.00921475
v 0.09419810 -0.03138695 -0.00909637
v 0.09621751 -0.03091663 -0.00911610
v 0.09672027 -0.03084725 -0.00907992
v 0.09705964 -0.03079328 -0.00902402
v 0.09672027 -0.03095519 -0.00871491
v 0.09621751 -0.03109396 -0.00871491
v 0.09576922 -0.03120961 -0.00821179
v 0.09336016 -0.03174160 -0.00821179
v 0.09549689 -0.03126358 0.00428088
v 0.09545499 -0.03125587 0.00461958
v 0.09336016 -0.03174160 0.00489581
v 0.09576503 -0.03120961 0.00388956
v 0.07017879 -0.03677622 0.01699386
v 0.09514915 -0.03130984 0.00489581
v 0.09295377 -0.03176473 0.00618158
v 0.06322815 -0.03781706 0.02079198
v 0.06618605 -0.03729279 0.01973311
v 0.06528109 -0.03733134 0.02030858
v 0.06294744 -0.03771684 0.02113397
v 0.06262065 -0.03777852 0.02123262
v 0.06467777 -0.03729279 0.02075251
v 0.07225686 -0.03629049 0.01619807
v 0.07216050 -0.03625965 0.01648745
v 0.07050978 -0.03656034 0.01749699
v 0.06952520 -0.03674538 0.01803629
v 0.07180438 -0.03630591 0.01678341
v 0.07150692 -0.03635988 0.01696756
v 0.06871660 -0.03679164 0.01873014
v 0.06784515 -0.03684561 0.01934507
v 0.07133095 -0.03632133 0.01731284
v 0.07083657 -0.03632904 0.01781926
v 0.06130510 -0.03785561 0.02184098
v 0.06345020 -0.03736218 0.02134772
v 0.06164027 -0.03778622 0.02175548
v 0.05747575 -0.03841845 0.02291957
v 0.05780255 -0.03836447 0.02285381
v 0.06061800 -0.03778622 0.02225861
v 0.05992251 -0.03792500 0.02241645
v 0.05813772 -0.03830279 0.02278146
v 0.05747575 0.03845774 -0.00173362
v 0.07206414 0.03551253 -0.00837292
v 0.07226525 0.03532749 -0.00846828
v 0.07121783 0.03584406 -0.00798160
v 0.07249986 0.03551253 -0.00853076
v 0.07377771 0.03529665 -0.00897141
v 0.07351376 0.03503451 -0.00890235
v 0.07350957 0.02949104 -0.00890235
v 0.07376095 0.02898218 -0.00897470
v 0.07454023 0.02444871 -0.00912925
v 0.07376514 0.03453336 -0.00897470
v 0.07454023 0.03453336 -0.00912596
v 0.07504717 0.03453336 -0.00919831
v 0.07605270 -0.03402376 -0.00926737
v 0.07554994 0.03453336 -0.00924435
v 0.07605270 0.00579057 -0.00927065
v 0.07655964 -0.03402376 -0.00927394
v 0.07857487 -0.03402376 -0.00927394
v 0.09621751 -0.03050030 -0.00927065
v 0.09419810 -0.03100144 -0.00925092
v 0.09672027 -0.03050030 -0.00923448
v 0.09722722 -0.03052343 -0.00912267
v 0.09772998 -0.03036152 -0.00907006
v 0.09801488 -0.03026900 -0.00900429
v 0.09735710 -0.03068534 -0.00871491
v 0.09710153 -0.03080869 -0.00871491
v 0.09621751 -0.03110168 -0.00821179
v 0.09672027 -0.03095519 0.00338314
v 0.09576922 -0.03120961 0.00338314
v 0.09621751 -0.03110168 0.00388956
v 0.09568124 -0.03120961 0.00442557
v 0.09621751 -0.03107083 0.00439268
v 0.09419810 -0.03155657 0.00439268
v 0.09571057 -0.03114793 0.00489581
v 0.09621751 -0.03099373 0.00489581
v 0.09285322 -0.03173389 0.00651700
v 0.06746390 -0.03690729 0.01951278
v 0.06728374 -0.03682248 0.01980216
v 0.06669300 -0.03678393 0.02024610
v 0.06370577 -0.03730820 0.02128195
v 0.06546543 -0.03686103 0.02084459
v 0.06448924 -0.03716172 0.02102216
v 0.09494805 -0.03124816 0.00563899
v 0.09459612 -0.03130214 0.00590535
v 0.09484749 -0.03121733 0.00590535
v 0.07166612 -0.03625965 0.01712211
v 0.09657782 -0.03078557 0.00527727
v 0.06852807 -0.03672225 0.01902939
v 0.06818452 -0.03677622 0.01921025
v 0.07049721 -0.03639072 0.01799354
v 0.07032543 -0.03632133 0.01830923
v 0.06997350 -0.03638301 0.01849009
v 0.06762310 -0.03674538 0.01968049
v 0.07275124 -0.03578163 0.01722076
v 0.07066061 -0.03625194 0.01815467
v 0.09643538 -0.03073930 0.00561597
v 0.09593681 -0.03073930 0.00612567
v 0.06270863 -0.03730820 0.02178836
v 0.05747575 -0.03838760 0.02295575
v 0.05747575 -0.03818714 0.02317278
v 0.05956639 -0.03776310 0.02274529
v 0.06166541 -0.03729279 0.02227833
v 0.05923122 -0.03783248 0.02281763
v 0.05891281 -0.03790187 0.02288011
v 0.05747575 0.03856568 -0.00172376
v 0.07231552 0.03566673 -0.00845184
v 0.07023745 0.03630666 -0.00746203
v 0.07403747 0.03533521 -0.00899443
v 0.07454023 0.03503451 -0.00910952
v 0.07265069 0.03583635 -0.00850117
v 0.07302776 0.03587490 -0.00854392
v 0.07504717 0.03503451 -0.00915885
v 0.07605270 0.03453336 -0.00926737
v 0.07605270 0.03402451 -0.00927065
v 0.07655964 0.03402451 -0.00927394
v 0.09571057 -0.03050030 -0.00927394
v 0.09722303 -0.02999144 -0.00927394
v 0.09772998 -0.02999144 -0.00922462
v 0.09820341 -0.02998373 -0.00908979
v 0.09803583 -0.03028442 -0.00871491
v 0.09772998 -0.03047717 -0.00871491
v 0.09855115 -0.02980640 -0.00903389
v 0.09858467 -0.02983724 -0.00871491
v 0.09828720 -0.03008396 -0.00871491
v 0.09735291 -0.03069305 -0.00821179
v 0.09710153 -0.03080869 0.00338314
v 0.09735710 -0.03069305 0.00338314
v 0.09709734 -0.03080869 0.00388956
v 0.09672027 -0.03094747 0.00388956
v 0.09672027 -0.03090892 0.00439268
v 0.09700517 -0.03076244 0.00471495
v 0.09673284 -0.03082411 0.00488923
v 0.06889257 -0.03636759 0.01936481
v 0.06831440 -0.03632904 0.01981203
v 0.06572100 -0.03679935 0.02077553
v 0.06736753 -0.03636759 0.02034475
v 0.06474062 -0.03681477 0.02129181
v 0.06445991 -0.03688416 0.02136087
v 0.06304381 -0.03723111 0.02170286
v 0.09571057 -0.03104771 0.00540222
v 0.09691299 -0.03072388 0.00505036
v 0.06978497 -0.03631362 0.01878276
v 0.06800436 -0.03667599 0.01951278
v 0.07222754 -0.03576621 0.01770416
v 0.09542986 -0.03073159 0.00662880
v 0.09698841 -0.03025358 0.00616842
v 0.07135190 -0.03583560 0.01832238
v 0.09673284 -0.03067763 0.00542853
v 0.09722303 -0.03046945 0.00540222
v 0.09672027 -0.03049259 0.00590535
v 0.06345020 -0.03687645 0.02184755
v 0.05747575 -0.03814088 0.02321882
v 0.05813353 -0.03779393 0.02328459
v 0.06025768 -0.03734675 0.02282421
v 0.06266255 -0.03677622 0.02227176
v 0.06232319 -0.03686874 0.02234082
v 0.06059286 -0.03726194 0.02275516
v 0.05779417 -0.03787103 0.02334707
v 0.05747575 0.03891263 -0.00159551
v 0.05815448 0.03882011 -0.00191120
v 0.06818870 0.03682323 -0.00646564
v 0.07050978 0.03635292 -0.00750807
v 0.07454023 0.03538917 -0.00903060
v 0.07151529 0.03619872 -0.00789281
v 0.07202224 0.03628353 -0.00793556
v 0.07353471 0.03588261 -0.00857351
v 0.07554994 0.03503451 -0.00917529
v 0.07655964 0.03453336 -0.00926737
v 0.07857487 0.03402451 -0.00927394
v 0.09772998 -0.02949029 -0.00927394
v 0.09823274 -0.02949029 -0.00924764
v 0.09872711 -0.02947487 -0.00910623
v 0.09803583 -0.03028442 0.00338314
v 0.09828720 -0.03009167 0.00338314
v 0.09772998 -0.03047717 0.00338314
v 0.09904134 -0.02929754 -0.00902731
v 0.09883605 -0.02957510 -0.00871491
v 0.09883605 -0.02958281 -0.00821179
v 0.09858467 -0.02983724 0.00338314
v 0.09772998 -0.03046945 0.00388956
v 0.09734872 -0.03068534 0.00388956
v 0.09730683 -0.03066992 0.00439268
v 0.09705544 -0.03078557 0.00439268
v 0.09719370 -0.03063137 0.00488923
v 0.06922774 -0.03628278 0.01924642
v 0.06864957 -0.03624423 0.01970022
v 0.06798761 -0.03619797 0.02016389
v 0.06770270 -0.03627507 0.02024939
v 0.06672651 -0.03629820 0.02077224
v 0.06405351 -0.03671454 0.02170944
v 0.06371415 -0.03680706 0.02178836
v 0.06572100 -0.03629820 0.02127866
v 0.07098321 -0.03590499 0.01849667
v 0.07079467 -0.03581247 0.01877947
v 0.07377352 -0.03528048 0.01723392
v 0.09718113 -0.03029983 0.00585603
v 0.09747860 -0.03024587 0.00565543
v 0.09732358 -0.03016106 0.00599414
v 0.09760010 -0.02982953 0.00629009
v 0.09743251 -0.02971388 0.00662551
v 0.09672027 -0.03016877 0.00653344
v 0.09645632 -0.03023816 0.00664853
v 0.07168707 -0.03575079 0.01818427
v 0.07288950 -0.03534987 0.01783241
v 0.07112984 -0.03571995 0.01865780
v 0.09767970 -0.03036923 0.00489581
v 0.09755401 -0.03029213 0.00540222
v 0.05747575 -0.03794042 0.02340297
v 0.05794081 -0.03760118 0.02348847
v 0.05914742 -0.03729279 0.02328788
v 0.06123387 -0.03683019 0.02281106
v 0.06468196 -0.03627507 0.02176863
v 0.06327005 -0.03633675 0.02231451
v 0.05747575 -0.03755493 0.02367591
v 0.05747575 0.03898202 -0.00155934
v 0.05841004 0.03885095 -0.00194408
v 0.06210952 0.03832667 -0.00344359
v 0.06411217 0.03783324 -0.00445971
v 0.06613997 0.03733208 -0.00546596
v 0.07101253 0.03639918 -0.00758041
v 0.06849036 0.03686178 -0.00651168
v 0.07504717 0.03538917 -0.00904375
v 0.07202224 0.03636063 -0.00768235
v 0.07353471 0.03604452 -0.00821179
v 0.07403747 0.03586719 -0.00857680
v 0.06647514 0.03737064 -0.00551200
v 0.06445991 0.03786407 -0.00449917
v 0.06697790 0.03738606 -0.00556462
v 0.06496267 0.03786407 -0.00453863
v 0.06748484 0.03736293 -0.00558435
v 0.07000282 0.03677697 -0.00684710
v 0.07554994 0.03536604 -0.00903718
v 0.07605270 0.03503451 -0.00915885
v 0.07706240 0.03453336 -0.00925092
v 0.09621751 0.03050105 -0.00927065
v 0.09571057 0.03050105 -0.00927394
v 0.09873550 -0.02848028 -0.00927394
v 0.09873550 -0.02898143 -0.00924435
v 0.09924245 -0.02848028 -0.00919173
v 0.09922150 -0.02893517 -0.00906677
v 0.09803163 -0.03028442 0.00388956
v 0.09858467 -0.02982953 0.00388956
v 0.09828301 -0.03008396 0.00388956
v 0.09906229 -0.02932838 -0.00871491
v 0.09949382 -0.02873471 -0.00896812
v 0.09883605 -0.02958281 0.00288002
v 0.09906648 -0.02932838 -0.00821179
v 0.09884024 -0.02957510 0.00338314
v 0.09883605 -0.02957510 0.00388956
v 0.09801068 -0.03026900 0.00430390
v 0.09778025 -0.03039236 0.00443872
v 0.09798136 -0.03024587 0.00463931
v 0.06903502 -0.03617484 0.01952594
v 0.06988133 -0.03586644 0.01934836
v 0.06929059 -0.03581247 0.01978901
v 0.06899731 -0.03589728 0.01987780
v 0.06833115 -0.03584331 0.02031844
v 0.06734239 -0.03585873 0.02082815
v 0.06631593 -0.03585102 0.02131812
v 0.07175829 -0.03528048 0.01874987
v 0.07322468 -0.03525735 0.01770416
v 0.09557231 -0.03030755 0.00725031
v 0.09780540 -0.03013022 0.00540222
v 0.09805258 -0.02979869 0.00576066
v 0.09770903 -0.02998373 0.00587576
v 0.09793527 -0.02970617 0.00609608
v 0.09775093 -0.02960594 0.00643807
v 0.09798974 -0.02924357 0.00666826
v 0.09772998 -0.02935151 0.00678664
v 0.09746184 -0.02922815 0.00715495
v 0.09728169 -0.02952884 0.00695435
v 0.09687529 -0.02967533 0.00708918
v 0.09654012 -0.02978327 0.00721414
v 0.09709734 -0.02981411 0.00675376
v 0.09590748 -0.03021503 0.00711877
v 0.07233228 -0.03531903 0.01829607
v 0.09793108 -0.03021503 0.00489581
v 0.05841004 -0.03747782 0.02341284
v 0.05747575 -0.03750096 0.02371208
v 0.05941556 -0.03721569 0.02323855
v 0.05976330 -0.03685332 0.02332734
v 0.05763496 -0.03729279 0.02379429
v 0.06156905 -0.03672225 0.02274529
v 0.06215560 -0.03626736 0.02277817
v 0.06141403 -0.03655263 0.02289656
v 0.06009848 -0.03674538 0.02326814
v 0.06526013 -0.03582018 0.02180152
v 0.06496267 -0.03592812 0.02186071
v 0.06360522 -0.03622110 0.02224545
v 0.06344183 -0.03605148 0.02239672
v 0.05747575 0.03920561 -0.00130284
v 0.05891281 0.03889721 -0.00200985
v 0.06244050 0.03834210 -0.00346990
v 0.07255014 0.03628353 -0.00775470
v 0.07483769 0.03579780 -0.00848472
v 0.07454023 0.03582864 -0.00853076
v 0.07605270 0.03532749 -0.00901087
v 0.06294744 0.03833438 -0.00347319
v 0.06784935 0.03733208 -0.00553502
v 0.06324072 0.03831896 -0.00344688
v 0.06546543 0.03783324 -0.00450575
v 0.07706240 0.03496512 -0.00909966
v 0.09470505 0.03100219 -0.00921475
v 0.07807211 0.03453336 -0.00919173
v 0.07756516 0.03453336 -0.00922791
v 0.09419810 0.03100219 -0.00925092
v 0.09672027 0.03050105 -0.00923448
v 0.09722303 0.02999219 -0.00927394
v 0.09924245 -0.02797913 -0.00926737
v 0.09924245 -0.02747028 -0.00927394
v 0.09967398 -0.02797913 -0.00911281
v 0.09956086 -0.02848028 -0.00903718
v 0.09855953 -0.02980640 0.00439268
v 0.09931786 -0.02898914 -0.00871491
v 0.10003848 -0.02735463 -0.00902731
v 0.09985832 -0.02797913 -0.00871491
v 0.09962789 -0.02848028 -0.00871491
v 0.09963208 -0.02848028 -0.00165799
v 0.09949382 -0.02873471 0.00367252
v 0.09906648 -0.02932838 0.00338314
v 0.09906229 -0.02932067 0.00388956
v 0.09904134 -0.02929754 0.00439268
v 0.09881091 -0.02955197 0.00439268
v 0.09819922 -0.03009938 0.00443872
v 0.09852182 -0.02977556 0.00476098
v 0.09827463 -0.02993747 0.00491554
v 0.06962576 -0.03571224 0.01968378
v 0.07142312 -0.03538071 0.01886168
v 0.06988552 -0.03537300 0.01984163
v 0.06947493 -0.03554262 0.01992712
v 0.06866632 -0.03573537 0.02022308
v 0.06924869 -0.03528819 0.02026912
v 0.06767756 -0.03575079 0.02074265
v 0.06665111 -0.03573537 0.02124249
v 0.07327495 -0.03477933 0.01824675
v 0.07234485 -0.03483330 0.01880249
v 0.07116336 -0.03521880 0.01919710
v 0.07474971 -0.03475620 0.01720761
v 0.09814895 -0.02987579 0.00540222
v 0.09840032 -0.02965991 0.00540222
v 0.09855953 -0.02931296 0.00578368
v 0.09825788 -0.02951342 0.00593824
v 0.09845898 -0.02921273 0.00611910
v 0.09809448 -0.02934380 0.00640848
v 0.09837100 -0.02901998 0.00645780
v 0.09847993 -0.02872700 0.00665511
v 0.09808610 -0.02893517 0.00686885
v 0.09798555 -0.02873471 0.00716810
v 0.09772998 -0.02910479 0.00703656
v 0.09505279 -0.02980640 0.00823354
v 0.09772998 -0.02885036 0.00726675
v 0.09742413 -0.02868074 0.00763177
v 0.09727749 -0.02902769 0.00745090
v 0.09654012 -0.02928983 0.00771398
v 0.07477066 -0.03426277 0.01773047
v 0.07384893 -0.03481789 0.01779295
v 0.09846736 -0.02972930 0.00509640
v 0.05747575 -0.03733134 0.02381731
v 0.05992670 -0.03656805 0.02340297
v 0.05822989 -0.03684561 0.02382060
v 0.05790310 -0.03695355 0.02386992
v 0.05747575 -0.03708462 0.02393569
v 0.06416664 -0.03575079 0.02227176
v 0.06270026 -0.03579705 0.02279133
v 0.06066408 -0.03628278 0.02329117
v 0.06046717 -0.03656805 0.02322540
v 0.06559531 -0.03568911 0.02172917
v 0.06580060 -0.03534987 0.02181467
v 0.06544448 -0.03552720 0.02187057
v 0.06398229 -0.03605148 0.02218626
v 0.06721251 -0.03527277 0.02126879
v 0.05747575 0.03924416 -0.00122392
v 0.05941556 0.03891263 -0.00206575
v 0.06042527 0.03880469 -0.00233211
v 0.07302776 0.03620643 -0.00770866
v 0.07151529 0.03652254 -0.00720224
v 0.07654707 0.03535833 -0.00873135
v 0.07637110 0.03529665 -0.00898127
v 0.07454023 0.03587490 -0.00821179
v 0.07486702 0.03580551 -0.00821179
v 0.07554994 0.03565902 -0.00821179
v 0.07605270 0.03555108 -0.00821179
v 0.09547175 0.03125662 -0.00897141
v 0.07756516 0.03491116 -0.00907335
v 0.09470505 0.03133372 -0.00906348
v 0.07029191 0.03680781 -0.00651497
v 0.06593048 0.03774843 -0.00464386
v 0.06573775 0.03781011 -0.00444985
v 0.05771456 0.03932897 -0.00094440
v 0.05941556 0.03902828 -0.00165799
v 0.06089451 0.03878156 -0.00215783
v 0.06193774 0.03858110 -0.00266753
v 0.06244050 0.03849629 -0.00266753
v 0.06326586 0.03832667 -0.00317066
v 0.09419810 0.03138769 -0.00909637
v 0.09621751 0.03091738 -0.00911610
v 0.09672027 0.03084800 -0.00907992
v 0.09722722 0.03052418 -0.00912267
v 0.09772998 0.02999219 -0.00922462
v 0.09823274 0.02949104 -0.00924764
v 0.09772998 0.02949104 -0.00927394
v 0.09974521 -0.02646798 -0.00926079
v 0.09974521 -0.02696913 -0.00923119
v 0.09974521 -0.02545797 -0.00927065
v 0.09974521 -0.02595912 -0.00926737
v 0.09924245 0.02747103 -0.00927394
v 0.10008457 -0.02696913 -0.00907664
v 0.09931786 -0.02898914 0.00338314
v 0.10016836 -0.02696913 -0.00871491
v 0.10005943 -0.02742402 -0.00871491
v 0.09997983 -0.02767073 -0.00871491
v 0.09986252 -0.02797913 -0.00821179
v 0.09986670 -0.02797913 -0.00468332
v 0.09963208 -0.02848028 0.00338314
v 0.09987089 -0.02797913 0.00338314
v 0.09959856 -0.02852654 0.00385996
v 0.09948964 -0.02872700 0.00400794
v 0.09934719 -0.02893517 0.00385996
v 0.09901202 -0.02926670 0.00473139
v 0.09927177 -0.02898143 0.00439268
v 0.09874388 -0.02949800 0.00491225
v 0.07022069 -0.03525735 0.01974297
v 0.06904759 -0.03555804 0.02015731
v 0.07077792 -0.03479475 0.01977586
v 0.06978916 -0.03481789 0.02028885
v 0.06824736 -0.03529590 0.02077882
v 0.06701979 -0.03555804 0.02118330
v 0.07384475 -0.03431673 0.01828950
v 0.07268421 -0.03470994 0.01869397
v 0.07173735 -0.03475620 0.01924314
v 0.09865171 -0.02941319 0.00540222
v 0.09890308 -0.02912792 0.00540222
v 0.09902458 -0.02878097 0.00572449
v 0.09874807 -0.02899685 0.00592179
v 0.09893660 -0.02864990 0.00605991
v 0.09860143 -0.02887349 0.00631969
v 0.09876902 -0.02851883 0.00644794
v 0.09859724 -0.02839547 0.00679322
v 0.09836262 -0.02852654 0.00694120
v 0.09845060 -0.02817188 0.00712864
v 0.09808191 -0.02848028 0.00725689
v 0.09791852 -0.02814104 0.00761861
v 0.09774255 -0.02850341 0.00751996
v 0.09647727 -0.02874242 0.00817435
v 0.09501508 -0.02928212 0.00871036
v 0.09708896 -0.02882723 0.00773699
v 0.09758335 -0.02834150 0.00773699
v 0.09720208 -0.02845715 0.00790470
v 0.09594519 -0.02922044 0.00815791
v 0.07625798 -0.03373849 0.01721090
v 0.09896593 -0.02921273 0.00506681
v 0.05856507 -0.03672225 0.02376798
v 0.05877455 -0.03638301 0.02383046
v 0.05840167 -0.03655263 0.02387650
v 0.05790310 -0.03654492 0.02402119
v 0.05747575 -0.03705378 0.02394885
v 0.06468615 -0.03525735 0.02227833
v 0.06435098 -0.03541926 0.02233753
v 0.06118360 -0.03578934 0.02329445
v 0.06306894 -0.03554262 0.02274529
v 0.06281757 -0.03554262 0.02283079
v 0.06092803 -0.03591270 0.02333391
v 0.05910972 -0.03623652 0.02378443
v 0.05892956 -0.03655263 0.02372195
v 0.06613577 -0.03519567 0.02174561
v 0.06877526 -0.03481017 0.02078869
v 0.06772784 -0.03477162 0.02127537
v 0.05747575 0.03933668 -0.00101017
v 0.05747575 0.03934439 -0.00097729
v 0.07353471 0.03610620 -0.00770866
v 0.07670628 0.03525810 -0.00890564
v 0.09299985 0.03177319 -0.00898456
v 0.09520781 0.03128747 -0.00900758
v 0.07756516 0.03521955 -0.00821179
v 0.09549689 0.03126433 -0.00871491
v 0.09621751 0.03109471 -0.00871491
v 0.09672027 0.03095593 -0.00871491
v 0.09705964 0.03078631 -0.00902402
v 0.06445991 0.03807995 -0.00367378
v 0.06496267 0.03797973 -0.00367378
v 0.06697790 0.03754797 -0.00468332
v 0.07031286 0.03681552 -0.00619599
v 0.05747575 0.03937523 -0.00072079
v 0.05891281 0.03914393 -0.00115486
v 0.06070598 0.03882011 -0.00199012
v 0.06143498 0.03868904 -0.00216111
v 0.06193774 0.03859653 -0.00216111
v 0.06294744 0.03839606 -0.00266753
v 0.09772998 0.03036227 -0.00907006
v 0.09820341 0.02997677 -0.00908979
v 0.09872711 0.02947562 -0.00910623
v 0.09873550 0.02898218 -0.00924435
v 0.09873550 0.02848103 -0.00927394
v 0.10013065 -0.02595912 -0.00911281
v 0.10011809 -0.02646798 -0.00910623
v 0.10013484 -0.02545797 -0.00911610
v 0.09974521 0.02545872 -0.00927065
v 0.09924245 0.02797988 -0.00926737
v 0.09974521 0.02595987 -0.00926737
v 0.10023958 -0.02646798 -0.00871491
v 0.10017255 -0.02696913 -0.00720224
v 0.10005943 -0.02743172 0.00187047
v 0.09998401 -0.02768615 0.00338314
v 0.09998401 -0.02767844 -0.00165799
v 0.09986252 -0.02797913 0.00388956
v 0.09998401 -0.02767844 0.00388956
v 0.09960695 -0.02844173 0.00439268
v 0.09947287 -0.02869616 0.00439268
v 0.09914608 -0.02901998 0.00489910
v 0.07290207 -0.03437842 0.01882879
v 0.07227781 -0.03427819 0.01926287
v 0.07130162 -0.03431673 0.01978572
v 0.07029610 -0.03431673 0.02028885
v 0.07417992 -0.03418567 0.01818098
v 0.07323724 -0.03423963 0.01873014
v 0.09909162 -0.02887349 0.00540222
v 0.09935138 -0.02845715 0.00539565
v 0.09946030 -0.02815646 0.00556336
v 0.09912513 -0.02848028 0.00589877
v 0.09904134 -0.02831837 0.00624077
v 0.09893242 -0.02811791 0.00657948
v 0.09873968 -0.02797913 0.00691489
v 0.09824111 -0.02798685 0.00742460
v 0.09854697 -0.02784035 0.00723058
v 0.09803163 -0.02780952 0.00770740
v 0.09774255 -0.02797913 0.00782578
v 0.09681244 -0.02857280 0.00807241
v 0.09698003 -0.02823356 0.00817435
v 0.09552622 -0.02879639 0.00871365
v 0.09345233 -0.02924357 0.00968702
v 0.07730959 -0.03275932 0.01724049
v 0.07679845 -0.03326047 0.01723721
v 0.09733615 -0.02797913 0.00808557
v 0.07532369 -0.03379245 0.01776335
v 0.09942260 -0.02861135 0.00489581
v 0.05747575 -0.03654492 0.02413629
v 0.06629498 -0.03485643 0.02180809
v 0.06481604 -0.03491811 0.02232437
v 0.06319045 -0.03527277 0.02278804
v 0.05926055 -0.03589728 0.02382389
v 0.05942394 -0.03605919 0.02373839
v 0.06152715 -0.03554262 0.02324513
v 0.06127577 -0.03554262 0.02332076
v 0.05892956 -0.03605919 0.02387650
v 0.05747575 -0.03646782 0.02415602
v 0.06926545 -0.03429361 0.02078211
v 0.06819709 -0.03420109 0.02126222
v 0.06786191 -0.03443239 0.02132799
v 0.06663015 -0.03464055 0.02174561
v 0.07756516 0.03521955 0.01195273
v 0.09168012 0.03211243 -0.00821179
v 0.09336016 0.03174235 -0.00821179
v 0.09576922 0.03121036 -0.00821179
v 0.09621751 0.03110243 -0.00821179
v 0.09672027 0.03095593 0.00338314
v 0.09710572 0.03080945 -0.00871491
v 0.09735710 0.03068609 -0.00871491
v 0.09801488 0.03026975 -0.00900429
v 0.06353400 0.03828041 0.00590535
v 0.06445991 0.03808767 0.00338314
v 0.06575032 0.03781782 -0.00064845
v 0.06574614 0.03781782 -0.00216111
v 0.07031286 0.03681552 0.01548120
v 0.05747575 0.03938294 -0.00025713
v 0.05774808 0.03933668 -0.00064845
v 0.05992251 0.03896660 -0.00115486
v 0.06042527 0.03887408 -0.00165799
v 0.05799946 0.03929813 -0.00064845
v 0.05891281 0.03914393 0.01951278
v 0.06143498 0.03868904 0.01900966
v 0.06193774 0.03859653 0.01850653
v 0.06353819 0.03828041 0.01749699
v 0.09855115 0.02979944 -0.00903389
v 0.09904134 0.02929829 -0.00902731
v 0.09922150 0.02893592 -0.00906677
v 0.09924245 0.02848103 -0.00919173
v 0.10026891 -0.02595912 -0.00871491
v 0.10027729 -0.02545797 -0.00871491
v 0.10013484 0.02545872 -0.00911610
v 0.09967398 0.02797988 -0.00911281
v 0.09974521 0.02696988 -0.00923119
v 0.09974521 0.02646102 -0.00926079
v 0.10013065 0.02595987 -0.00911281
v 0.10024378 -0.02646798 -0.00619599
v 0.10017255 -0.02696913 -0.00014532
v 0.10005943 -0.02743172 0.00338314
v 0.09982900 -0.02797913 0.00439268
v 0.10005524 -0.02742402 0.00388956
v 0.10004267 -0.02737005 0.00439268
v 0.09996726 -0.02761677 0.00439268
v 0.09956505 -0.02835692 0.00489581
v 0.07261299 -0.03412399 0.01916750
v 0.07149015 -0.03399292 0.01984163
v 0.07278895 -0.03378475 0.01926615
v 0.07179181 -0.03380017 0.01977915
v 0.07063127 -0.03412399 0.02020664
v 0.07438521 -0.03385414 0.01830923
v 0.07376095 -0.03374620 0.01874330
v 0.09951896 -0.02827982 0.00522794
v 0.09959438 -0.02798685 0.00539565
v 0.09953572 -0.02782493 0.00574422
v 0.09938490 -0.02798685 0.00590864
v 0.09911676 -0.02796371 0.00640848
v 0.09902039 -0.02778638 0.00670115
v 0.09888214 -0.02747028 0.00703327
v 0.09863076 -0.02747028 0.00731279
v 0.09836680 -0.02747028 0.00756271
v 0.09811542 -0.02747028 0.00777317
v 0.09772160 -0.02750112 0.00804610
v 0.09745346 -0.02768615 0.00815462
v 0.09042322 -0.02974472 0.01119640
v 0.09249710 -0.02929754 0.01022303
v 0.09297053 -0.02877326 0.01020330
v 0.07779559 -0.03222733 0.01723063
v 0.07875921 -0.03218107 0.01670120
v 0.07842404 -0.03236611 0.01679985
v 0.07634597 -0.03280558 0.01777322
v 0.07523152 -0.03319108 0.01821386
v 0.07584740 -0.03331444 0.01777651
v 0.07472038 -0.03369994 0.01820729
v 0.06646676 -0.03449406 0.02184098
v 0.06515539 -0.03466368 0.02226518
v 0.06345858 -0.03508002 0.02273871
v 0.06329100 -0.03493353 0.02282092
v 0.06299353 -0.03508002 0.02288669
v 0.06042527 -0.03554262 0.02356410
v 0.05959572 -0.03564285 0.02377785
v 0.05790310 -0.03604377 0.02414615
v 0.05841004 -0.03604377 0.02401461
v 0.06244050 -0.03503376 0.02306427
v 0.06164027 -0.03517254 0.02328130
v 0.05747575 -0.03608232 0.02424809
v 0.07048044 -0.03398520 0.02033160
v 0.07076953 -0.03378475 0.02027241
v 0.06961319 -0.03402376 0.02071305
v 0.06936181 -0.03402376 0.02082157
v 0.06971793 -0.03369994 0.02075909
v 0.06847360 -0.03403147 0.02118987
v 0.06801274 -0.03403147 0.02136745
v 0.06674328 -0.03430131 0.02178836
v 0.09168012 0.03211243 0.00540222
v 0.09336016 0.03174235 0.00489581
v 0.09576922 0.03121036 0.00338314
v 0.09621751 0.03110243 0.00388956
v 0.09672027 0.03094823 0.00388956
v 0.09710572 0.03080945 0.00338314
v 0.09735710 0.03069380 -0.00821179
v 0.09772998 0.03047792 -0.00871491
v 0.09803583 0.03028517 -0.00871491
v 0.09828720 0.03008471 -0.00871491
v 0.09858467 0.02983028 -0.00871491
v 0.06395296 0.03819560 0.01295899
v 0.06496267 0.03798744 0.01699386
v 0.06575032 0.03781782 0.01749699
v 0.06697790 0.03754797 0.01699386
v 0.06815519 0.03728583 0.01699386
v 0.07202224 0.03643773 0.01497478
v 0.08260532 0.03410932 0.00993365
v 0.05747575 0.03937523 0.02001920
v 0.05774389 0.03933668 0.01951278
v 0.05799946 0.03929813 0.00136735
v 0.05992251 0.03896660 0.01951278
v 0.05891281 0.03913622 0.02001920
v 0.05841004 0.03922874 0.01951278
v 0.05773970 0.03933668 0.02001920
v 0.06042527 0.03887408 0.01951278
v 0.06094898 0.03877385 0.01951278
v 0.06294744 0.03838835 0.01900966
v 0.06353400 0.03828041 0.01850653
v 0.06353819 0.03828041 0.01800012
v 0.09883605 0.02957585 -0.00871491
v 0.09906229 0.02932913 -0.00871491
v 0.09949382 0.02873546 -0.00896812
v 0.09956086 0.02848103 -0.00903718
v 0.10026891 -0.02595912 0.00338314
v 0.10027729 -0.02545797 0.00338314
v 0.10027729 0.02545872 -0.00871491
v 0.10003848 0.02735537 -0.00902731
v 0.10008457 0.02696988 -0.00907664
v 0.10011809 0.02646102 -0.00910623
v 0.10026891 0.02595987 -0.00871491
v 0.10024378 -0.02646798 0.00187047
v 0.10016836 -0.02696913 0.00338314
v 0.10016417 -0.02696913 0.00388956
v 0.09974101 -0.02797913 0.00489581
v 0.10001753 -0.02728524 0.00473468
v 0.10013065 -0.02696913 0.00439268
v 0.09992955 -0.02746257 0.00489910
v 0.07425533 -0.03322192 0.01873672
v 0.07315345 -0.03352261 0.01919052
v 0.07326657 -0.03324505 0.01925300
v 0.07225268 -0.03322963 0.01975613
v 0.07189655 -0.03352261 0.01982518
v 0.07489216 -0.03336841 0.01830923
v 0.09978291 -0.02747028 0.00540222
v 0.09959018 -0.02746257 0.00590864
v 0.09945612 -0.02762447 0.00608293
v 0.09934300 -0.02746257 0.00638217
v 0.09907905 -0.02747028 0.00678336
v 0.09895336 -0.02706936 0.00711877
v 0.09844641 -0.02709249 0.00763177
v 0.09788081 -0.02696913 0.00810201
v 0.09754563 -0.02734691 0.00821381
v 0.09439920 -0.02814104 0.00965414
v 0.09100977 -0.02886578 0.01124244
v 0.08992046 -0.02924357 0.01170282
v 0.08129814 -0.03118649 0.01570810
v 0.08337203 -0.03076244 0.01472815
v 0.09726074 -0.02750112 0.00832233
v 0.07681940 -0.03227359 0.01775349
v 0.07537397 -0.03285184 0.01829607
v 0.06523918 -0.03432444 0.02229478
v 0.06497524 -0.03450948 0.02235068
v 0.06445991 -0.03453261 0.02251510
v 0.06363036 -0.03453261 0.02276831
v 0.06337898 -0.03453261 0.02284394
v 0.05967951 -0.03530361 0.02380087
v 0.05942394 -0.03549636 0.02384362
v 0.06190003 -0.03501834 0.02322540
v 0.06294744 -0.03453261 0.02297219
v 0.06170731 -0.03483330 0.02330103
v 0.06145593 -0.03501834 0.02335036
v 0.05747575 -0.03601293 0.02425796
v 0.05891281 -0.03554262 0.02396529
v 0.07110471 -0.03352261 0.02019677
v 0.07085333 -0.03352261 0.02030858
v 0.07050978 -0.03352261 0.02045985
v 0.07120945 -0.03314482 0.02024610
v 0.06998188 -0.03353032 0.02068346
v 0.06979753 -0.03336841 0.02079198
v 0.06952940 -0.03353032 0.02086761
v 0.06828926 -0.03386185 0.02129510
v 0.06748484 -0.03402376 0.02156475
v 0.06705331 -0.03402376 0.02171930
v 0.06680193 -0.03402376 0.02180809
v 0.09549689 0.03126433 0.00428088
v 0.09576503 0.03121036 0.00388956
v 0.09419810 0.03155731 0.00439268
v 0.07151529 0.03654567 0.01548120
v 0.09568124 0.03121036 0.00442557
v 0.09621751 0.03107158 0.00439268
v 0.09672027 0.03090967 0.00439268
v 0.09705544 0.03078631 0.00439268
v 0.09709734 0.03080173 0.00388956
v 0.09735710 0.03069380 0.00338314
v 0.09772998 0.03047792 0.00338314
v 0.09803583 0.03028517 0.00338314
v 0.09858467 0.02983799 -0.00266753
v 0.09828720 0.03008471 0.00338314
v 0.09884024 0.02958356 -0.00165799
v 0.06395296 0.03819560 0.01800012
v 0.06496267 0.03798744 0.01749699
v 0.06571681 0.03781011 0.01823030
v 0.06647514 0.03765590 0.01749699
v 0.06445991 0.03807995 0.01850653
v 0.06849036 0.03720873 0.01699386
v 0.05747575 0.03935981 0.02058481
v 0.06068084 0.03882011 0.01976928
v 0.05771038 0.03932897 0.02040394
v 0.05763915 0.03932126 0.02074265
v 0.06319883 0.03831125 0.01926287
v 0.06349210 0.03826499 0.01900966
v 0.09906648 0.02932913 -0.00821179
v 0.09931786 0.02898989 -0.00871491
v 0.09949382 0.02873546 0.00367252
v 0.09963208 0.02848103 -0.00468332
v 0.09962789 0.02848103 -0.00871491
v 0.09985832 0.02797988 -0.00871491
v 0.10026472 -0.02595912 0.00388956
v 0.10023958 -0.02646798 0.00338314
v 0.10026891 -0.02545797 0.00388956
v 0.10027729 0.02545872 0.00338314
v 0.09997983 0.02767148 -0.00871491
v 0.10005943 0.02741706 -0.00871491
v 0.10016836 0.02696988 -0.00871491
v 0.10023958 0.02646102 -0.00871491
v 0.10026891 0.02595987 0.00338314
v 0.10024378 0.02646102 -0.00619599
v 0.10023540 -0.02646798 0.00388956
v 0.10020606 -0.02646798 0.00439268
v 0.10005105 -0.02696913 0.00489910
v 0.09997983 -0.02713875 0.00507010
v 0.07406680 -0.03304459 0.01891101
v 0.07438521 -0.03289039 0.01880578
v 0.07472038 -0.03264367 0.01872028
v 0.07337969 -0.03291352 0.01930890
v 0.07234485 -0.03289810 0.01979888
v 0.09992117 -0.02696913 0.00538249
v 0.09951477 -0.02728524 0.00619473
v 0.09972007 -0.02696913 0.00590535
v 0.09940584 -0.02696913 0.00651371
v 0.09912094 -0.02693058 0.00693462
v 0.09899526 -0.02673783 0.00717139
v 0.09872293 -0.02691516 0.00740158
v 0.09849668 -0.02675325 0.00767780
v 0.09825788 -0.02693829 0.00781920
v 0.09762524 -0.02696913 0.00825985
v 0.09794365 -0.02646798 0.00814476
v 0.09654430 -0.02747028 0.00871365
v 0.09722303 -0.02696913 0.00848346
v 0.09548432 -0.02776325 0.00919376
v 0.07933739 -0.03126358 0.01674394
v 0.07922845 -0.03160282 0.01668475
v 0.07583065 -0.03230443 0.01826648
v 0.07570914 -0.03263596 0.01820400
v 0.07825226 -0.03162596 0.01720432
v 0.07690319 -0.03201145 0.01779624
v 0.06597238 -0.03402376 0.02208432
v 0.06552827 -0.03402376 0.02222572
v 0.06496267 -0.03402376 0.02240329
v 0.06445991 -0.03402376 0.02255456
v 0.05790310 -0.03554262 0.02420863
v 0.05841004 -0.03554262 0.02408696
v 0.06092803 -0.03503376 0.02349176
v 0.06042527 -0.03503376 0.02362330
v 0.05995184 -0.03503376 0.02374496
v 0.05970046 -0.03503376 0.02380745
v 0.05941556 -0.03503376 0.02387650
v 0.06395296 -0.03402376 0.02270254
v 0.06342088 -0.03402376 0.02285381
v 0.06244050 -0.03453261 0.02311359
v 0.06172825 -0.03453261 0.02330761
v 0.06092803 -0.03453261 0.02351478
v 0.05747575 -0.03565827 0.02429742
v 0.07268002 -0.03251260 0.01972324
v 0.07128067 -0.03280558 0.02027570
v 0.07102929 -0.03299062 0.02034804
v 0.06984781 -0.03302146 0.02081170
v 0.06899731 -0.03352261 0.02107807
v 0.06860349 -0.03352261 0.02122605
v 0.06835210 -0.03352261 0.02131812
v 0.06798761 -0.03352261 0.02144637
v 0.06748484 -0.03352261 0.02162065
v 0.06711616 -0.03352261 0.02174561
v 0.07028773 0.03680781 0.01636578
v 0.07024583 0.03680010 0.01670120
v 0.09295377 0.03176548 0.00618158
v 0.09571057 0.03114868 0.00489581
v 0.09621751 0.03099448 0.00489581
v 0.09673703 0.03082486 0.00488923
v 0.09700517 0.03076319 0.00471495
v 0.09730683 0.03067067 0.00439268
v 0.09734872 0.03068609 0.00388956
v 0.09772998 0.03047021 0.00388956
v 0.09803163 0.03027746 0.00388956
v 0.09828301 0.03008471 0.00388956
v 0.09858467 0.02983799 0.00338314
v 0.09884024 0.02958356 -0.00014532
v 0.06496267 0.03796430 0.01850653
v 0.06541096 0.03785636 0.01850653
v 0.06566235 0.03779468 0.01850653
v 0.06697790 0.03751713 0.01800012
v 0.06647514 0.03764049 0.01800012
v 0.06748484 0.03742461 0.01749699
v 0.05747575 0.03930584 0.02102545
v 0.05891281 0.03908996 0.02052233
v 0.06024512 0.03883553 0.02034475
v 0.06058029 0.03879698 0.02010470
v 0.06275053 0.03832667 0.01982190
v 0.06339993 0.03822644 0.01946346
v 0.06445991 0.03803369 0.01900966
v 0.06395296 0.03815706 0.01900966
v 0.06143498 0.03861194 0.02001920
v 0.09906648 0.02932913 0.00338314
v 0.09931786 0.02898989 0.00338314
v 0.09934719 0.02893592 0.00385996
v 0.09948964 0.02872775 0.00400794
v 0.09959856 0.02852729 0.00385996
v 0.09963208 0.02848103 0.00338314
v 0.09987089 0.02797988 -0.00014532
v 0.09986670 0.02797988 -0.00669912
v 0.09986252 0.02797988 -0.00821179
v 0.10023121 -0.02595912 0.00439268
v 0.10026891 0.02545872 0.00388956
v 0.10026472 0.02595987 0.00388956
v 0.09998401 0.02767148 -0.00770866
v 0.10005943 0.02742477 -0.00821179
v 0.10017255 0.02696988 -0.00720224
v 0.10024378 0.02646102 0.00187047
v 0.10023958 0.02646102 0.00338314
v 0.10012227 -0.02646798 0.00489581
v 0.10015160 -0.02595912 0.00489581
v 0.10001335 -0.02679951 0.00520163
v 0.07482512 -0.03231214 0.01877289
v 0.07371486 -0.03262054 0.01922669
v 0.07354309 -0.03248176 0.01934179
v 0.07379866 -0.03228901 0.01926615
v 0.09995469 -0.02646798 0.00551732
v 0.09955248 -0.02696913 0.00626050
v 0.09979967 -0.02646798 0.00590535
v 0.09944774 -0.02646798 0.00658276
v 0.09921731 -0.02646798 0.00691160
v 0.09901202 -0.02646798 0.00718783
v 0.09876902 -0.02646798 0.00744104
v 0.09851763 -0.02646798 0.00769753
v 0.09823274 -0.02646798 0.00792443
v 0.09769227 -0.02646798 0.00829931
v 0.09796879 -0.02595912 0.00816120
v 0.09449975 -0.02780180 0.00970675
v 0.09696746 -0.02666844 0.00867090
v 0.09691299 -0.02696913 0.00864459
v 0.08588163 -0.02974472 0.01371532
v 0.07834443 -0.03128672 0.01725694
v 0.07726350 -0.03164138 0.01772060
v 0.07591025 -0.03201145 0.01830594
v 0.06686477 -0.03352261 0.02182782
v 0.06597238 -0.03352261 0.02210734
v 0.06555341 -0.03352261 0.02223559
v 0.06530203 -0.03352261 0.02231122
v 0.06496267 -0.03352261 0.02241316
v 0.06445991 -0.03352261 0.02256114
v 0.05891281 -0.03503376 0.02399488
v 0.05841004 -0.03503376 0.02410998
v 0.05757212 -0.03554262 0.02428426
v 0.06042527 -0.03453261 0.02363974
v 0.05996860 -0.03453261 0.02375154
v 0.05941556 -0.03453261 0.02388308
v 0.06368063 -0.03352261 0.02278475
v 0.06294744 -0.03402376 0.02298534
v 0.06244050 -0.03402376 0.02312346
v 0.06199220 -0.03402376 0.02324184
v 0.06174082 -0.03402376 0.02330761
v 0.06143498 -0.03402376 0.02338653
v 0.06092803 0.03453336 0.02351478
v 0.05747575 -0.03554262 0.02430400
v 0.07384055 -0.03201145 0.01928588
v 0.07242864 -0.03251260 0.01983176
v 0.07202224 -0.03251260 0.01999947
v 0.07156138 -0.03251260 0.02018691
v 0.07131000 -0.03251260 0.02028885
v 0.07101253 -0.03251260 0.02040394
v 0.06950007 -0.03302146 0.02093995
v 0.07050978 -0.03251260 0.02059138
v 0.06899731 -0.03302146 0.02112082
v 0.06864538 -0.03302146 0.02124578
v 0.06839400 -0.03302146 0.02133127
v 0.06748484 -0.03302146 0.02163381
v 0.06786610 0.03733208 0.01749699
v 0.06811748 0.03727041 0.01749699
v 0.06779907 0.03732438 0.01785872
v 0.06899731 0.03703911 0.01749699
v 0.07017879 0.03677697 0.01699386
v 0.09494805 0.03124891 0.00563899
v 0.09504860 0.03127975 0.00530357
v 0.07225686 0.03629124 0.01619807
v 0.09657782 0.03078631 0.00527727
v 0.09691299 0.03072464 0.00505036
v 0.09719370 0.03063212 0.00488923
v 0.09767970 0.03036998 0.00489581
v 0.09798136 0.03024662 0.00463931
v 0.09778025 0.03039311 0.00443872
v 0.09801068 0.03026975 0.00430390
v 0.09855953 0.02980715 0.00439268
v 0.09858467 0.02983028 0.00388956
v 0.09883605 0.02957585 0.00388956
v 0.09884024 0.02957585 0.00338314
v 0.06531041 0.03783324 0.01888799
v 0.05747575 0.03922103 0.02138718
v 0.05790310 0.03921332 0.02102545
v 0.05941556 0.03898202 0.02052233
v 0.06009010 0.03879698 0.02068017
v 0.06193774 0.03848858 0.02001920
v 0.06242793 0.03836522 0.02000276
v 0.06258713 0.03828041 0.02015731
v 0.06293069 0.03822644 0.02000276
v 0.06449343 0.03791033 0.01954896
v 0.06395296 0.03807225 0.01951278
v 0.06518891 0.03780240 0.01922341
v 0.09906229 0.02932142 0.00388956
v 0.09947287 0.02869691 0.00439268
v 0.09960695 0.02844248 0.00439268
v 0.09904134 0.02929829 0.00439268
v 0.09927177 0.02898218 0.00439268
v 0.09986252 0.02797988 0.00388956
v 0.09987089 0.02797988 0.00338314
v 0.09998401 0.02768691 0.00086422
v 0.09998401 0.02767920 -0.00619599
v 0.10023121 0.02595987 0.00439268
v 0.10023540 0.02646102 0.00388956
v 0.10020606 0.02646102 0.00439268
v 0.10005943 0.02743248 -0.00165799
v 0.10017255 0.02696988 -0.00014532
v 0.10016836 0.02696988 0.00338314
v 0.10003429 -0.02646798 0.00526740
v 0.10005105 -0.02545797 0.00531673
v 0.10004686 -0.02595912 0.00531015
v 0.10015160 0.02595987 0.00489581
v 0.07708335 -0.03148717 0.01784885
v 0.07625798 -0.03161824 0.01822702
v 0.07514354 -0.03201145 0.01868411
v 0.07489216 -0.03201145 0.01880249
v 0.07454023 -0.03201145 0.01896691
v 0.07409193 -0.03201145 0.01917408
v 0.09996726 -0.02595912 0.00556336
v 0.09959018 -0.02646798 0.00633284
v 0.09982900 -0.02595912 0.00590535
v 0.09960695 -0.02595912 0.00635915
v 0.09946450 -0.02595912 0.00661236
v 0.09925082 -0.02595912 0.00691160
v 0.09902877 -0.02595912 0.00720756
v 0.09878996 -0.02595912 0.00746077
v 0.09853859 -0.02595912 0.00771398
v 0.09823274 -0.02595912 0.00795732
v 0.09771740 -0.02595912 0.00831575
v 0.09726074 -0.02595912 0.00856896
v 0.09718533 -0.02649111 0.00857554
v 0.09823274 -0.02545797 0.00796389
v 0.09797298 -0.02545797 0.00816449
v 0.09243006 -0.02821043 0.01068670
v 0.09666162 -0.02696913 0.00877284
v 0.09699260 -0.02633691 0.00868406
v 0.09676636 -0.02649111 0.00878271
v 0.09594937 -0.02659134 0.00917074
v 0.08941351 -0.02824127 0.01220594
v 0.09042322 -0.02824127 0.01170282
v 0.09142873 -0.02822585 0.01119640
v 0.07865447 -0.03100144 0.01715828
v 0.07733892 -0.03130984 0.01776335
v 0.06712453 -0.03302146 0.02174890
v 0.06647514 -0.03302146 0.02195607
v 0.06597238 -0.03302146 0.02211063
v 0.06555341 -0.03302146 0.02223887
v 0.06530203 -0.02242795 0.02231451
v 0.06445991 0.03352336 0.02256114
v 0.05759306 -0.03503376 0.02429084
v 0.05891281 -0.03453261 0.02399817
v 0.05841004 0.00629943 0.02411327
v 0.05747575 -0.03524964 0.02431057
v 0.06042527 0.03453336 0.02363974
v 0.05996860 -0.03100144 0.02375154
v 0.05941556 0.03453336 0.02388308
v 0.06368063 0.03352336 0.02278475
v 0.06342926 0.00528942 0.02285381
v 0.06294744 0.03402451 0.02298534
v 0.06244050 0.03402451 0.02312346
v 0.06199220 0.03402451 0.02324184
v 0.06174082 -0.03352261 0.02330761
v 0.06143498 0.03402451 0.02338653
v 0.06143498 0.03453336 0.02338324
v 0.06170312 0.03482635 0.02330103
v 0.06042527 0.03503451 0.02362330
v 0.05995184 0.03503451 0.02374496
v 0.07353471 -0.03201145 0.01941742
v 0.07497595 -0.03150259 0.01883866
v 0.07454023 -0.03150259 0.01902939
v 0.07302776 -0.03201145 0.01963117
v 0.07274286 -0.03201145 0.01974955
v 0.07248729 -0.03201145 0.01985149
v 0.07202224 -0.03201145 0.02003564
v 0.07133514 -0.03201145 0.02029542
v 0.07101253 -0.03201145 0.02041710
v 0.06988133 -0.03251260 0.02082157
v 0.06950007 -0.03251260 0.02095640
v 0.06899731 -0.03251260 0.02113068
v 0.06798761 -0.03251260 0.02146939
v 0.06687316 -0.00780983 0.02183111
v 0.06748484 0.03302221 0.02163381
v 0.06687734 0.03302221 0.02183111
v 0.06770690 0.03729354 0.01819742
v 0.06797504 0.03724727 0.01801656
v 0.06647514 0.03757881 0.01850653
v 0.06982686 0.03682323 0.01735230
v 0.09459612 0.03130288 0.00590535
v 0.09484749 0.03121807 0.00590535
v 0.07180438 0.03630666 0.01678341
v 0.09643538 0.03074005 0.00561597
v 0.07150692 0.03636063 0.01696756
v 0.07166612 0.03626040 0.01712211
v 0.09673703 0.03067838 0.00542853
v 0.09722303 0.03047021 0.00540222
v 0.09755401 0.03029288 0.00540222
v 0.09793108 0.03020807 0.00489581
v 0.09827463 0.02993822 0.00491554
v 0.09852182 0.02977631 0.00476098
v 0.09819922 0.03010013 0.00443872
v 0.09881091 0.02955272 0.00439268
v 0.06697790 0.03744002 0.01850653
v 0.05841004 0.03909767 0.02102545
v 0.05747575 0.03919019 0.02149569
v 0.05939462 0.03887408 0.02101559
v 0.05975074 0.03883553 0.02084130
v 0.05992251 0.03873530 0.02101559
v 0.06190003 0.03836522 0.02049931
v 0.06225196 0.03832667 0.02031844
v 0.06092803 0.03861965 0.02052233
v 0.06468615 0.03780240 0.01973640
v 0.06485374 0.03784866 0.01940098
v 0.06499619 0.03776385 0.01954896
v 0.06723765 0.03730896 0.01876303
v 0.09942260 0.02861210 0.00489581
v 0.09956505 0.02835767 0.00489581
v 0.09901202 0.02925974 0.00473139
v 0.09914608 0.02902073 0.00489910
v 0.09982900 0.02797988 0.00439268
v 0.09998401 0.02767148 0.00388956
v 0.09998401 0.02768691 0.00338314
v 0.10016417 0.02696988 0.00388956
v 0.10012227 0.02646102 0.00489581
v 0.10013065 0.02696988 0.00439268
v 0.10005105 0.02696988 0.00489910
v 0.10005943 0.02743248 0.00338314
v 0.09997144 -0.02545797 0.00556664
v 0.10005105 0.02545872 0.00531673
v 0.10003429 0.02646102 0.00526740
v 0.10004686 0.02595987 0.00531015
v 0.07607364 -0.03147176 0.01834211
v 0.07554994 -0.03150259 0.01857888
v 0.07522733 -0.03150259 0.01872686
v 0.09983319 -0.02545797 0.00590535
v 0.09960695 -0.02545797 0.00636244
v 0.09946450 -0.02545797 0.00661565
v 0.09925501 -0.02545797 0.00691160
v 0.09902877 -0.02545797 0.00721085
v 0.09879415 -0.02545797 0.00746406
v 0.09853859 -0.02545797 0.00771726
v 0.09772160 -0.02545797 0.00831904
v 0.09726912 -0.02545797 0.00857225
v 0.09700936 -0.02595912 0.00869063
v 0.09823274 0.02545872 0.00796389
v 0.09797298 0.02545872 0.00816449
v 0.09597033 -0.02625210 0.00918061
v 0.09616724 -0.02643714 0.00907538
v 0.09361574 -0.02696913 0.01026907
v 0.09152509 -0.02747028 0.01124244
v 0.08499761 -0.02898143 0.01428093
v 0.08081634 -0.02999144 0.01622438
v 0.07872570 -0.03050030 0.01719446
v 0.08287346 -0.02979098 0.01523785
v 0.08388316 -0.02978327 0.01473473
v 0.07948402 -0.03050030 0.01681958
v 0.07840309 -0.03100144 0.01728324
v 0.07807211 -0.03100144 0.01744766
v 0.07764057 -0.03100144 0.01766141
v 0.07738920 -0.03100144 0.01778308
v 0.07631664 -0.03127901 0.01825661
v 0.06555760 -0.00881984 0.02223887
v 0.06647514 0.03302221 0.02195607
v 0.06530203 0.03352336 0.02231451
v 0.06445991 0.03402451 0.02255456
v 0.06395296 0.03402451 0.02270254
v 0.05747575 -0.03503376 0.02431386
v 0.05759306 0.03503451 0.02429084
v 0.05841004 0.03453336 0.02411327
v 0.05970046 0.03503451 0.02380745
v 0.05941556 0.03503451 0.02387650
v 0.05971722 0.03453336 0.02381073
v 0.05891281 0.03503451 0.02399488
v 0.06342506 0.03402451 0.02285381
v 0.06342926 0.03352336 0.02285381
v 0.06244050 0.03453336 0.02311359
v 0.06197963 0.03453336 0.02323855
v 0.06190003 0.03501138 0.02322540
v 0.06145593 0.03501138 0.02335036
v 0.06092803 0.03503451 0.02349176
v 0.06294744 0.03453336 0.02297219
v 0.05967951 0.03530436 0.02380087
v 0.07414221 -0.03150259 0.01920039
v 0.07634178 -0.03100144 0.01826977
v 0.07554994 -0.03100144 0.01862163
v 0.07353471 -0.03150259 0.01944702
v 0.07275962 -0.03150259 0.01975942
v 0.07202224 -0.03150259 0.02004222
v 0.07013690 -0.03201145 0.02073278
v 0.07159071 -0.03150259 0.02020335
v 0.07133933 0.02999219 0.02029871
v 0.07101253 0.03201220 0.02041710
v 0.06988552 -0.03201145 0.02082157
v 0.06950007 0.03251335 0.02095640
v 0.06899731 0.03251335 0.02113068
v 0.06798761 0.03251335 0.02146939
v 0.06839400 0.03302221 0.02133127
v 0.06711616 0.03352336 0.02174561
v 0.06647514 0.03352336 0.02194950
v 0.06597238 0.03352336 0.02210734
v 0.06970955 0.03678468 0.01768772
v 0.09593681 0.03074005 0.00612567
v 0.09672027 0.03049334 0.00590535
v 0.07083657 0.03632979 0.01781926
v 0.06952520 0.03674613 0.01803629
v 0.07133095 0.03632208 0.01731284
v 0.09747860 0.03024662 0.00565543
v 0.09780540 0.03013097 0.00540222
v 0.09814895 0.02987654 0.00540222
v 0.09846736 0.02972234 0.00509640
v 0.09896593 0.02920577 0.00506681
v 0.05747575 0.03897431 0.02204815
v 0.05790310 0.03907454 0.02153187
v 0.05921027 0.03882782 0.02130826
v 0.05954963 0.03878156 0.02117672
v 0.06170731 0.03831896 0.02078869
v 0.06396553 0.03791033 0.02003564
v 0.06414150 0.03778698 0.02021321
v 0.06673071 0.03730896 0.01926615
v 0.06889257 0.03685407 0.01839473
v 0.06922774 0.03679239 0.01823030
v 0.09909162 0.02887424 0.00540222
v 0.09951896 0.02828057 0.00522794
v 0.09974101 0.02797988 0.00489581
v 0.09996726 0.02761751 0.00439268
v 0.10004267 0.02737080 0.00439268
v 0.10005524 0.02742477 0.00388956
v 0.10001335 0.02680026 0.00520163
v 0.10001753 0.02728599 0.00473468
v 0.09997983 0.02713179 0.00507010
v 0.09997144 0.02545872 0.00556664
v 0.09996726 0.02595987 0.00556336
v 0.09995469 0.02646102 0.00551732
v 0.09983319 0.02545872 0.00590535
v 0.09960695 0.02545872 0.00636244
v 0.09946450 0.02545872 0.00661565
v 0.09925501 0.02545872 0.00691160
v 0.09902877 0.02545872 0.00721085
v 0.09879415 0.02545872 0.00746406
v 0.09853859 0.02545872 0.00771726
v 0.09772160 0.02545872 0.00831904
v 0.09701355 -0.02545797 0.00869392
v 0.09672027 -0.02595912 0.00882875
v 0.09726912 0.02545872 0.00857225
v 0.09853859 0.02595987 0.00771398
v 0.09823274 0.02595987 0.00795732
v 0.09796879 0.02595987 0.00816120
v 0.09672027 -0.02545797 0.00883203
v 0.09520781 -0.02595912 0.00953904
v 0.09388387 -0.02646798 0.01015726
v 0.08083728 -0.02963678 0.01623753
v 0.07807211 -0.03050030 0.01750685
v 0.07768666 -0.03050030 0.01768772
v 0.07659316 -0.03100144 0.01815467
v 0.06555760 -0.00024634 0.02223887
v 0.06597238 0.03302221 0.02211063
v 0.06496267 0.03402451 0.02240329
v 0.06337898 0.03453336 0.02284394
v 0.05747575 0.03503451 0.02431386
v 0.05841004 0.03503451 0.02410998
v 0.05757212 0.03553566 0.02428426
v 0.05747575 0.03553566 0.02430400
v 0.05790310 0.03553566 0.02420863
v 0.06244050 0.03503451 0.02306427
v 0.06164027 0.03516559 0.02328130
v 0.05942394 0.03549711 0.02384362
v 0.05891281 0.03553566 0.02396529
v 0.05841004 0.03553566 0.02408696
v 0.05959572 0.03564360 0.02377785
v 0.07501366 -0.03100144 0.01885181
v 0.07415478 -0.03100144 0.01920696
v 0.07743528 -0.03050030 0.01780281
v 0.07706240 -0.03050030 0.01797052
v 0.07636692 -0.03050030 0.01827963
v 0.07389921 -0.03100144 0.01930890
v 0.07353471 -0.03100144 0.01945359
v 0.07302776 -0.03100144 0.01965418
v 0.07275962 0.03150334 0.01975942
v 0.07202224 0.03150334 0.02004222
v 0.07013690 0.03201220 0.02073278
v 0.07133933 0.03150334 0.02029871
v 0.07133514 0.03201220 0.02029871
v 0.07050978 0.03251335 0.02059138
v 0.06988133 0.03251335 0.02082157
v 0.06988552 0.03201220 0.02082157
v 0.06864538 0.03302221 0.02124578
v 0.06748484 0.03352336 0.02162065
v 0.06680193 0.03402451 0.02180480
v 0.06597238 0.03402451 0.02208103
v 0.06552827 0.03402451 0.02222572
v 0.09542986 0.03073234 0.00662880
v 0.09698841 0.03025433 0.00616842
v 0.07275124 0.03578238 0.01722076
v 0.09718113 0.03030059 0.00585603
v 0.06871660 0.03679239 0.01873014
v 0.07049721 0.03639147 0.01799354
v 0.07032543 0.03632208 0.01830923
v 0.07066061 0.03625269 0.01815467
v 0.09732358 0.03016181 0.00599414
v 0.09760010 0.02982257 0.00629009
v 0.09770903 0.02997677 0.00587576
v 0.09805258 0.02979944 0.00576066
v 0.09840032 0.02966066 0.00540222
v 0.09865171 0.02941394 0.00540222
v 0.09890308 0.02912867 0.00540222
v 0.05747575 0.03894347 0.02211392
v 0.05790310 0.03890492 0.02195936
v 0.05843518 0.03892805 0.02156475
v 0.05891281 0.03886637 0.02140691
v 0.05861953 0.03880469 0.02175219
v 0.06079396 0.03834980 0.02134443
v 0.06112913 0.03829583 0.02124249
v 0.06341669 0.03788720 0.02051246
v 0.06380213 0.03784094 0.02033817
v 0.06322815 0.03781782 0.02079198
v 0.06545705 0.03740919 0.02002249
v 0.06585088 0.03734751 0.01985807
v 0.06618605 0.03728583 0.01973311
v 0.06784515 0.03684636 0.01934507
v 0.09902458 0.02878172 0.00572449
v 0.09935138 0.02845790 0.00539565
v 0.09946030 0.02815721 0.00556336
v 0.09959438 0.02798759 0.00539565
v 0.09978291 0.02747103 0.00540222
v 0.09992955 0.02746332 0.00489910
v 0.09992117 0.02696988 0.00538249
v 0.09982900 0.02595987 0.00590535
v 0.09979967 0.02646102 0.00590535
v 0.09972007 0.02696988 0.00590535
v 0.09960695 0.02595987 0.00635915
v 0.09946450 0.02595987 0.00661236
v 0.09925082 0.02595987 0.00691160
v 0.09902877 0.02595987 0.00720756
v 0.09878996 0.02595987 0.00746077
v 0.09771740 0.02595987 0.00831575
v 0.09701355 0.02545872 0.00869392
v 0.09726074 0.02595987 0.00856896
v 0.09700936 0.02595987 0.00869063
v 0.09672027 0.02595987 0.00882875
v 0.09851763 0.02646102 0.00769753
v 0.09823274 0.02646102 0.00792443
v 0.09794365 0.02646102 0.00814476
v 0.09622171 -0.02545797 0.00906551
v 0.09672027 0.02545872 0.00883203
v 0.09520781 0.02595987 0.00953904
v 0.08527413 -0.02797913 0.01417241
v 0.08260532 -0.02898143 0.01541543
v 0.09388387 0.02646102 0.01015726
v 0.07979824 -0.02949029 0.01672421
v 0.07849945 -0.02999144 0.01732599
v 0.07875083 -0.02999144 0.01720761
v 0.07807211 -0.02999144 0.01752330
v 0.06523918 0.03432519 0.02229478
v 0.06363036 0.03453336 0.02276831
v 0.06329100 0.03493428 0.02282092
v 0.05747575 0.03585177 0.02427440
v 0.05747575 0.03608307 0.02424809
v 0.06299353 0.03508078 0.02288669
v 0.06152715 0.03553566 0.02324513
v 0.06127577 0.03553566 0.02332076
v 0.06042527 0.03553566 0.02356410
v 0.05790310 0.03604452 0.02414615
v 0.05926055 0.03589803 0.02382389
v 0.07605270 -0.03050030 0.01841446
v 0.07527342 -0.03050030 0.01874658
v 0.07502203 -0.03050030 0.01885181
v 0.07415478 0.03100219 0.01920696
v 0.07390340 0.01738637 0.01930890
v 0.07769504 -0.02999144 0.01769429
v 0.07706240 -0.02999144 0.01797710
v 0.07662249 -0.02999144 0.01817111
v 0.07302776 -0.01436331 0.01965418
v 0.07390340 0.03100219 0.01930890
v 0.07389083 0.03150334 0.01930561
v 0.07249149 0.03201220 0.01985149
v 0.07202224 0.03201220 0.02003564
v 0.07101253 0.03251335 0.02040394
v 0.06984781 0.03302221 0.02081170
v 0.06950007 0.03302221 0.02093995
v 0.06899731 0.03302221 0.02112082
v 0.06835210 0.03352336 0.02131812
v 0.06798761 0.03352336 0.02144637
v 0.06705331 0.03402451 0.02171930
v 0.06674328 0.03430207 0.02178836
v 0.09645632 0.03023891 0.00664853
v 0.09672027 0.03016952 0.00653344
v 0.09743251 0.02971463 0.00662551
v 0.07222754 0.03576696 0.01770416
v 0.07377352 0.03528123 0.01723392
v 0.06818452 0.03677697 0.01921025
v 0.06852807 0.03672300 0.01902939
v 0.06997350 0.03638376 0.01849009
v 0.06978497 0.03631437 0.01878276
v 0.07135190 0.03583635 0.01832238
v 0.09793527 0.02970692 0.00609608
v 0.09825788 0.02951417 0.00593824
v 0.09855953 0.02931371 0.00578368
v 0.05747575 0.03872759 0.02250195
v 0.05765172 0.03881240 0.02228491
v 0.05828436 0.03885095 0.02185084
v 0.06016970 0.03831125 0.02178179
v 0.06094898 0.03819560 0.02152200
v 0.06228548 0.03784094 0.02133127
v 0.06262065 0.03777926 0.02123262
v 0.06294744 0.03771759 0.02113397
v 0.06448924 0.03747858 0.02055850
v 0.06496267 0.03738606 0.02041052
v 0.06561626 0.03726270 0.02019349
v 0.06746390 0.03690804 0.01951278
v 0.06728374 0.03682323 0.01980216
v 0.06762310 0.03674613 0.01968049
v 0.09893660 0.02865065 0.00605991
v 0.09912513 0.02848103 0.00589877
v 0.09874807 0.02899760 0.00592179
v 0.09938490 0.02798759 0.00590864
v 0.09953572 0.02781797 0.00574422
v 0.09959018 0.02746332 0.00590864
v 0.09959018 0.02646102 0.00633284
v 0.09955248 0.02696988 0.00626050
v 0.09951477 0.02728599 0.00619473
v 0.09944774 0.02646102 0.00658276
v 0.09921731 0.02646102 0.00691160
v 0.09901202 0.02646102 0.00718783
v 0.09876902 0.02646102 0.00744104
v 0.09769227 0.02646102 0.00829931
v 0.09597033 0.02625285 0.00918061
v 0.09718533 0.02648415 0.00857554
v 0.09699260 0.02633766 0.00868406
v 0.09849668 0.02675400 0.00767780
v 0.09788081 0.02696988 0.00810201
v 0.09762524 0.02696988 0.00825985
v 0.09622171 0.02545872 0.00906551
v 0.08293211 -0.02848028 0.01526416
v 0.08527413 0.02797988 0.01417241
v 0.07850364 0.00175825 0.01732928
v 0.07979824 0.02949104 0.01672421
v 0.07875502 -0.02949029 0.01721090
v 0.07850364 -0.02949029 0.01732599
v 0.06515539 0.03466443 0.02226518
v 0.06497524 0.03451023 0.02235068
v 0.06445991 0.03453336 0.02251510
v 0.06345858 0.03508078 0.02273871
v 0.06319045 0.03527352 0.02278804
v 0.05892956 0.03605994 0.02387650
v 0.05747575 0.03615246 0.02423165
v 0.06118360 0.03579009 0.02329445
v 0.05841004 0.03604452 0.02401461
v 0.05942394 0.03605994 0.02373839
v 0.05910972 0.03623727 0.02378443
v 0.07605270 0.03050105 0.01841446
v 0.07527342 0.03050105 0.01874658
v 0.07502203 -0.00427866 0.01885181
v 0.07454023 0.03050105 0.01904912
v 0.07501366 0.03100219 0.01884853
v 0.07769504 0.02999219 0.01769429
v 0.07706240 0.02999219 0.01797710
v 0.07662249 0.02999219 0.01817111
v 0.07414221 0.03150334 0.01920039
v 0.07302776 0.03201220 0.01963117
v 0.07274286 0.03201220 0.01974955
v 0.07156557 0.03251335 0.02018691
v 0.07131000 0.03251335 0.02028885
v 0.07128067 0.03280633 0.02027570
v 0.06979753 0.03336916 0.02079198
v 0.06899731 0.03352336 0.02107807
v 0.06860349 0.03352336 0.02122605
v 0.06828926 0.03386260 0.02129510
v 0.06748484 0.03402451 0.02156475
v 0.06662596 0.03463360 0.02174561
v 0.06481604 0.03491886 0.02232437
v 0.06801274 0.03403222 0.02136745
v 0.06819709 0.03420184 0.02126222
v 0.09557231 0.03030830 0.00725031
v 0.09590748 0.03021578 0.00711877
v 0.09709734 0.02981486 0.00675376
v 0.09654012 0.02978402 0.00721414
v 0.09687529 0.02967608 0.00708918
v 0.09728169 0.02952959 0.00695435
v 0.09746184 0.02922890 0.00715495
v 0.09772998 0.02935226 0.00678664
v 0.09798974 0.02924432 0.00666826
v 0.09775093 0.02960669 0.00643807
v 0.07168707 0.03575154 0.01818427
v 0.07288950 0.03535062 0.01783241
v 0.07322468 0.03525810 0.01770416
v 0.06800436 0.03667674 0.01951278
v 0.06889257 0.03636834 0.01936481
v 0.06922774 0.03628353 0.01924642
v 0.07079467 0.03581322 0.01878276
v 0.07113404 0.03572070 0.01865780
v 0.09809448 0.02934455 0.00640848
v 0.09845898 0.02921348 0.00611910
v 0.05747575 0.03841919 0.02291957
v 0.05780255 0.03836522 0.02285381
v 0.05917675 0.03831896 0.02229149
v 0.06130510 0.03785636 0.02184098
v 0.06164027 0.03778698 0.02175548
v 0.06345020 0.03736293 0.02134772
v 0.06370577 0.03730896 0.02128195
v 0.06390688 0.03740919 0.02102216
v 0.06434260 0.03735521 0.02084788
v 0.06467777 0.03728583 0.02075251
v 0.06669300 0.03678468 0.02024610
v 0.06831440 0.03632979 0.01981203
v 0.09860143 0.02887424 0.00631969
v 0.09876902 0.02851958 0.00644794
v 0.09904134 0.02831912 0.00624077
v 0.09911676 0.02796446 0.00640848
v 0.09945612 0.02761751 0.00608293
v 0.09940584 0.02696988 0.00651371
v 0.09934300 0.02746332 0.00638217
v 0.09899526 0.02673087 0.00717139
v 0.09722303 0.02696988 0.00848346
v 0.09696327 0.02666919 0.00867090
v 0.09616724 0.02643789 0.00907538
v 0.09361574 0.02696988 0.01026907
v 0.09152509 0.02747103 0.01124244
v 0.08008314 0.02999219 0.01657624
v 0.08083309 0.02959127 0.01623424
v 0.08104257 0.02945249 0.01613888
v 0.09676636 0.02648415 0.00878271
v 0.09594937 0.02658438 0.00917074
v 0.09872293 0.02691591 0.00740158
v 0.09844641 0.02709324 0.00763177
v 0.09825788 0.02693904 0.00781920
v 0.09811542 0.02747103 0.00777317
v 0.09772160 0.02750187 0.00804610
v 0.09754563 0.02734767 0.00821381
v 0.08293211 0.02848103 0.01526416
v 0.07850364 0.02393986 0.01732928
v 0.07874665 0.02999219 0.01720761
v 0.07849526 0.02999219 0.01732599
v 0.07875502 0.02949104 0.01721090
v 0.06468615 0.03525810 0.02227833
v 0.06270026 0.03579780 0.02279133
v 0.05747575 0.03654567 0.02413629
v 0.06066408 0.03628353 0.02329117
v 0.06092803 0.03591345 0.02333391
v 0.05892956 0.03655338 0.02372195
v 0.05877455 0.03638376 0.02383046
v 0.05790310 0.03654567 0.02402119
v 0.07636692 0.03050105 0.01827963
v 0.07554994 0.03100219 0.01862163
v 0.07526504 0.03100219 0.01874330
v 0.07807211 0.02999219 0.01752330
v 0.07743528 0.03050105 0.01780281
v 0.07706240 0.03050105 0.01797052
v 0.07454023 0.03150334 0.01902939
v 0.07384055 0.03201220 0.01928588
v 0.07242864 0.03251335 0.01983176
v 0.07202224 0.03251335 0.01999947
v 0.07102929 0.03299137 0.02034804
v 0.07268002 0.03251335 0.01972324
v 0.07121364 0.03313786 0.02024610
v 0.06998188 0.03353107 0.02068346
v 0.06971793 0.03370069 0.02075909
v 0.06952940 0.03353107 0.02086761
v 0.06847360 0.03403222 0.02118987
v 0.06786191 0.03443313 0.02132799
v 0.06629079 0.03485718 0.02180809
v 0.06936181 0.03402451 0.02082157
v 0.06926545 0.03429436 0.02078211
v 0.06772784 0.03477237 0.02127537
v 0.07474971 0.03475695 0.01720761
v 0.09712667 0.02934455 0.00727004
v 0.07384893 0.03481863 0.01779295
v 0.07327495 0.03478008 0.01824675
v 0.09654012 0.02929058 0.00771398
v 0.09727749 0.02902844 0.00745090
v 0.09742413 0.02868149 0.00763177
v 0.09772998 0.02885111 0.00726675
v 0.09798555 0.02873546 0.00716810
v 0.09772998 0.02910554 0.00703656
v 0.07477066 0.03426351 0.01773376
v 0.09808610 0.02893592 0.00686885
v 0.09847993 0.02872775 0.00665511
v 0.09837100 0.02902073 0.00645780
v 0.07233228 0.03531978 0.01829607
v 0.06864957 0.03624498 0.01970022
v 0.06903502 0.03617559 0.01952594
v 0.06988133 0.03585948 0.01934836
v 0.07021650 0.03576696 0.01923327
v 0.07050978 0.03568215 0.01913462
v 0.07175829 0.03528123 0.01874987
v 0.05747575 0.03823415 0.02312346
v 0.05747575 0.03818789 0.02317278
v 0.05813772 0.03830354 0.02278146
v 0.05992251 0.03792575 0.02241645
v 0.06061800 0.03777926 0.02225861
v 0.06092803 0.03771759 0.02218297
v 0.06270863 0.03730896 0.02178836
v 0.06474062 0.03681552 0.02129181
v 0.06546543 0.03686178 0.02084459
v 0.06572100 0.03680010 0.02077553
v 0.06654217 0.03658422 0.02055850
v 0.06697790 0.03646086 0.02045327
v 0.06736753 0.03636063 0.02034475
v 0.06770270 0.03627582 0.02024939
v 0.06798761 0.03619872 0.02016389
v 0.09893242 0.02811866 0.00657948
v 0.09902039 0.02778713 0.00670115
v 0.09907905 0.02747103 0.00678336
v 0.09912094 0.02693133 0.00693462
v 0.09895336 0.02707011 0.00711877
v 0.09691299 0.02696988 0.00864459
v 0.09654430 0.02747103 0.00871365
v 0.09449975 0.02780255 0.00970675
v 0.09666162 0.02696988 0.00877284
v 0.09042322 0.02824202 0.01170282
v 0.08941351 0.02824202 0.01220594
v 0.08499761 0.02898218 0.01428093
v 0.08056077 0.02999219 0.01634605
v 0.07847013 0.03050105 0.01731613
v 0.07807211 0.03050105 0.01750685
v 0.09863076 0.02747103 0.00731279
v 0.09836680 0.02747103 0.00756271
v 0.09803163 0.02781026 0.00770740
v 0.09745346 0.02768691 0.00815462
v 0.09726074 0.02750187 0.00832233
v 0.07768666 0.03050105 0.01768772
v 0.06613577 0.03518871 0.02174561
v 0.06580060 0.03535062 0.02181467
v 0.06416664 0.03575154 0.02227176
v 0.06435098 0.03542002 0.02233753
v 0.06215560 0.03626811 0.02277817
v 0.05790310 0.03695430 0.02386992
v 0.05747575 0.03708537 0.02393569
v 0.06009848 0.03674613 0.02326814
v 0.05856507 0.03672300 0.02376798
v 0.05822989 0.03684636 0.02382060
v 0.05840167 0.03655338 0.02387650
v 0.07634178 0.03100219 0.01826977
v 0.07497595 0.03150334 0.01883866
v 0.07409193 0.03201220 0.01917408
v 0.07379866 0.03228976 0.01926615
v 0.07234485 0.03289885 0.01979888
v 0.07225268 0.03323038 0.01975613
v 0.07110471 0.03352336 0.02019677
v 0.07085333 0.03352336 0.02030858
v 0.07050978 0.03352336 0.02045985
v 0.07076953 0.03378550 0.02027241
v 0.06961319 0.03402451 0.02071305
v 0.07048044 0.03398595 0.02033160
v 0.07063127 0.03412474 0.02020664
v 0.07029610 0.03431749 0.02028885
v 0.06877526 0.03481093 0.02078869
v 0.06721251 0.03526581 0.02126879
v 0.07234485 0.03483405 0.01880249
v 0.07268421 0.03471069 0.01869397
v 0.07384475 0.03431749 0.01828950
v 0.09594519 0.02922119 0.00815791
v 0.07592281 0.03386260 0.01732270
v 0.09708896 0.02882798 0.00773699
v 0.09647727 0.02873546 0.00817435
v 0.09681244 0.02857355 0.00807241
v 0.09720208 0.02845790 0.00790470
v 0.09758335 0.02834225 0.00773699
v 0.09774255 0.02850416 0.00751996
v 0.09501508 0.02928287 0.00871036
v 0.07679845 0.03326122 0.01723721
v 0.09791852 0.02814179 0.00761861
v 0.09808191 0.02848103 0.00725689
v 0.09845060 0.02817263 0.00712864
v 0.09836262 0.02852729 0.00694120
v 0.09859724 0.02838851 0.00679322
v 0.06899731 0.03589803 0.01987780
v 0.06929059 0.03581322 0.01978901
v 0.06947493 0.03594429 0.01951607
v 0.06962576 0.03571299 0.01968378
v 0.07142312 0.03538146 0.01886168
v 0.07116336 0.03521955 0.01919710
v 0.05747575 0.03797201 0.02337009
v 0.05779417 0.03787179 0.02334707
v 0.05891281 0.03790263 0.02288011
v 0.05923122 0.03783324 0.02281763
v 0.05956639 0.03776385 0.02274529
v 0.06166541 0.03729354 0.02227833
v 0.06345020 0.03687720 0.02184755
v 0.06371415 0.03680781 0.02178836
v 0.06572100 0.03629895 0.02127866
v 0.06639134 0.03638376 0.02085774
v 0.06672651 0.03629124 0.02077224
v 0.06697790 0.03622185 0.02070319
v 0.06833115 0.03584406 0.02031844
v 0.09873968 0.02797988 0.00691489
v 0.09854697 0.02784110 0.00723058
v 0.09888214 0.02747103 0.00703327
v 0.09243006 0.02821118 0.01068670
v 0.08795132 0.02932913 0.01273537
v 0.09249291 0.02787965 0.01071958
v 0.08287764 0.02979944 0.01523785
v 0.08281480 0.03013097 0.01520826
v 0.07840309 0.03100219 0.01728324
v 0.07872150 0.03050105 0.01719446
v 0.08185537 0.02977631 0.01573769
v 0.07738920 0.03100219 0.01778308
v 0.09824111 0.02798759 0.00742460
v 0.09774255 0.02797217 0.00782578
v 0.09733615 0.02797988 0.00808557
v 0.09698003 0.02823431 0.00817435
v 0.09297053 0.02877401 0.01020330
v 0.08337203 0.03076319 0.01473144
v 0.08130233 0.03118724 0.01570810
v 0.08785076 0.02966066 0.01268276
v 0.09439920 0.02814179 0.00965414
v 0.07933319 0.03126433 0.01674394
v 0.07659316 0.03100219 0.01815467
v 0.06544448 0.03552795 0.02187057
v 0.06559531 0.03568986 0.02172917
v 0.06526013 0.03582093 0.02180152
v 0.06398229 0.03605223 0.02218626
v 0.06360522 0.03622185 0.02224545
v 0.06344183 0.03605223 0.02239672
v 0.06327005 0.03633750 0.02231451
v 0.06156905 0.03672300 0.02274529
v 0.06123387 0.03683094 0.02281106
v 0.06141403 0.03655338 0.02289656
v 0.05763496 0.03729354 0.02379429
v 0.05747575 0.03713163 0.02391267
v 0.05976330 0.03685407 0.02332734
v 0.07631664 0.03127975 0.01825661
v 0.07522733 0.03150334 0.01872686
v 0.07454023 0.03201220 0.01896691
v 0.07554994 0.03150334 0.01857888
v 0.07607364 0.03147250 0.01834211
v 0.07482512 0.03231289 0.01877289
v 0.07354309 0.03248251 0.01934179
v 0.07489216 0.03201220 0.01880249
v 0.07514354 0.03201220 0.01868411
v 0.07252081 0.03304534 0.01968049
v 0.07326657 0.03324580 0.01925300
v 0.07214794 0.03352336 0.01970351
v 0.07179181 0.03380091 0.01977915
v 0.07189655 0.03352336 0.01982518
v 0.07337969 0.03291427 0.01930890
v 0.07149015 0.03399367 0.01984163
v 0.07130162 0.03430977 0.01978572
v 0.06978916 0.03481093 0.02028885
v 0.06824736 0.03528894 0.02077882
v 0.06687734 0.03539688 0.02134114
v 0.06701979 0.03555879 0.02118330
v 0.07173735 0.03475695 0.01924314
v 0.07323724 0.03424038 0.01873014
v 0.07417992 0.03418642 0.01818098
v 0.07532369 0.03379321 0.01776664
v 0.09552622 0.02879714 0.00871365
v 0.07438521 0.03385489 0.01830923
v 0.07472038 0.03370069 0.01820729
v 0.07584740 0.03331519 0.01777651
v 0.07730959 0.03276007 0.01724049
v 0.08386640 0.03125662 0.01422174
v 0.06866632 0.03573612 0.02022308
v 0.06947493 0.03554337 0.01992712
v 0.06988552 0.03537375 0.01984163
v 0.07022069 0.03525810 0.01974297
v 0.05747575 0.03793347 0.02340297
v 0.05747575 0.03755568 0.02367591
v 0.05794081 0.03760194 0.02348847
v 0.05813353 0.03779468 0.02328459
v 0.06025768 0.03734751 0.02282421
v 0.06092803 0.03717018 0.02268610
v 0.06232319 0.03686949 0.02234082
v 0.06266255 0.03677697 0.02227176
v 0.06468196 0.03627582 0.02176863
v 0.06631593 0.03585177 0.02131812
v 0.06734239 0.03585948 0.02082815
v 0.06767756 0.03575154 0.02074265
v 0.06890932 0.03540459 0.02035462
v 0.07834443 0.03128747 0.01725694
v 0.07807211 0.03100219 0.01744766
v 0.07764057 0.03100219 0.01766141
v 0.07733892 0.03131060 0.01776335
v 0.07875921 0.03218182 0.01670120
v 0.07779559 0.03222808 0.01723063
v 0.07889328 0.03184258 0.01678012
v 0.07825226 0.03162671 0.01720432
v 0.08345582 0.03050105 0.01477419
v 0.07681940 0.03227434 0.01775349
v 0.07853716 0.03148022 0.01709909
v 0.06665111 0.03573612 0.02124249
v 0.06496267 0.03592887 0.02186071
v 0.05914742 0.03729354 0.02328788
v 0.05747575 0.03750170 0.02371208
v 0.07625798 0.03161899 0.01822702
v 0.07583065 0.03229747 0.01826648
v 0.07472038 0.03264442 0.01872028
v 0.07371486 0.03262129 0.01922669
v 0.07554994 0.03201220 0.01848680
v 0.07591025 0.03201220 0.01830594
v 0.07406680 0.03304534 0.01891101
v 0.07425533 0.03322267 0.01873672
v 0.07315345 0.03352336 0.01919052
v 0.07290207 0.03352336 0.01932206
v 0.07438521 0.03289114 0.01880578
v 0.07278895 0.03378550 0.01926615
v 0.07164098 0.03414015 0.01969365
v 0.07247891 0.03398595 0.01932206
v 0.07227781 0.03427894 0.01926287
v 0.07111309 0.03464901 0.01968049
v 0.07077792 0.03479550 0.01977586
v 0.07097483 0.03450252 0.01984491
v 0.06950007 0.03518100 0.02020006
v 0.06950007 0.03493428 0.02036119
v 0.06924450 0.03528123 0.02026912
v 0.06798761 0.03538917 0.02083801
v 0.07376095 0.03374695 0.01874330
v 0.07489216 0.03336916 0.01830923
v 0.07523152 0.03319183 0.01821386
v 0.07634597 0.03280633 0.01777322
v 0.07842404 0.03236686 0.01679985
v 0.05841004 0.03747858 0.02341284
v 0.06749741 0.03556650 0.02095311
v 0.07726350 0.03164212 0.01772060
v 0.07708335 0.03148792 0.01784885
v 0.07537397 0.03285259 0.01829607
v 0.07690319 0.03201220 0.01779624
v 0.07571333 0.03263671 0.01820400
v 0.07554574 0.03249022 0.01834540
v 0.07505555 0.03302221 0.01839144
f 1 2 3
f 1 3 4
f 1 4 5
f 1 5 6
f 1 6 7
f 1 7 16
f 1 16 27
f 1 27 41
f 1 41 67
f 1 67 93
f 1 93 92
f 1 92 136
f 1 136 185
f 1 185 240
f 1 240 299
f 1 299 362
f 1 362 363
f 1 363 415
f 1 415 471
f 1 471 477
f 1 477 542
f 1 542 621
f 1 621 625
f 1 625 719
f 1 719 799
f 1 799 808
f 1 808 895
f 1 895 986
f 1 986 1087
f 1 1087 1188
f 1 1188 1291
f 1 1291 1404
f 1 1404 1496
f 1 1496 1499
f 1 1499 1593
f 1 1593 1594
f 1 1594 1682
f 1 1682 1773
f 1 1773 1864
f 1 1864 1956
f 1 1956 2020
f 1 2020 1994
f 1 1994 1993
f 1 1993 1909
f 1 1909 1823
f 1 1823 1822
f 1 1822 1730
f 1 1730 1635
f 1 1635 1543
f 1 1543 1449
f 1 1449 1342
f 1 1342 1221
f 1 1221 1118
f 1 1118 1020
f 1 1020 922
f 1 922 827
f 1 827 746
f 1 746 732
f 1 732 731
f 1 731 635
f 1 635 554
f 1 554 478
f 1 478 422
f 1 422 368
f 1 368 304
f 1 304 244
f 1 244 243
f 1 243 187
f 1 187 139
f 1 139 96
f 1 96 68
f 1 68 42
f 1 42 28
f 1 28 17
f 1 17 8
f 1 8 2
f 2 8 9
f 2 9 3
f 3 9 10
f 3 10 4
f 4 10 11
f 4 11 12
f 4 12 13
f 4 13 14
f 4 14 5
f 5 15 6
f 5 14 15
f 6 15 7
f 7 15 16
f 8 17 9
f 9 18 10
f 9 17 19
f 9 19 20
f 9 20 18
f 10 18 11
f 11 18 21
f 11 21 22
f 11 22 12
f 12 22 23
f 12 23 13
f 13 24 15
f 13 15 14
f 13 23 24
f 15 25 16
f 15 24 25
f 16 25 24
f 16 24 26
f 16 26 27
f 17 28 29
f 17 29 19
f 18 20 30
f 18 30 31
f 18 31 21
f 19 29 32
f 19 32 33
f 19 33 34
f 19 34 20
f 20 34 30
f 21 31 35
f 21 35 36
f 21 36 37
f 21 37 22
f 22 37 23
f 23 37 38
f 23 38 39
f 23 39 24
f 24 39 26
f 26 40 41
f 26 41 27
f 26 39 40
f 28 42 43
f 28 43 44
f 28 44 29
f 29 44 32
f 30 34 45
f 30 45 31
f 31 46 35
f 31 45 47
f 31 47 48
f 31 48 49
f 31 49 50
f 31 50 46
f 32 51 52
f 32 52 53
f 32 53 33
f 32 44 51
f 33 53 34
f 34 53 54
f 34 54 55
f 34 55 56
f 34 56 47
f 34 47 45
f 35 57 37
f 35 37 36
f 35 46 50
f 35 50 58
f 35 58 57
f 37 59 39
f 37 39 38
f 37 57 60
f 37 60 59
f 39 61 62
f 39 62 40
f 39 59 63
f 39 63 64
f 39 64 61
f 40 65 66
f 40 66 41
f 40 62 65
f 41 66 67
f 42 68 69
f 42 69 70
f 42 70 51
f 42 51 43
f 43 51 44
f 47 56 48
f 48 56 49
f 49 58 50
f 49 56 71
f 49 71 72
f 49 72 58
f 51 73 52
f 51 70 73
f 52 73 74
f 52 74 75
f 52 75 53
f 53 75 76
f 53 76 54
f 54 76 77
f 54 77 78
f 54 78 55
f 55 79 56
f 55 78 80
f 55 80 79
f 56 79 71
f 57 58 81
f 57 81 60
f 58 72 82
f 58 82 81
f 59 60 63
f 60 81 63
f 61 64 83
f 61 83 62
f 62 83 84
f 62 84 85
f 62 85 66
f 62 66 65
f 63 81 86
f 63 86 87
f 63 87 64
f 64 87 88
f 64 88 89
f 64 89 90
f 64 90 91
f 64 91 83
f 66 92 93
f 66 93 67
f 66 85 94
f 66 94 95
f 66 95 92
f 68 96 97
f 68 97 98
f 68 98 99
f 68 99 69
f 69 73 70
f 69 99 100
f 69 100 101
f 69 101 73
f 71 102 82
f 71 82 72
f 71 79 116
f 71 116 103
f 71 103 145
f 71 145 102
f 73 101 74
f 74 101 104
f 74 104 75
f 75 104 105
f 75 105 106
f 75 106 107
f 75 107 108
f 75 108 109
f 75 109 110
f 75 110 111
f 75 111 112
f 75 112 77
f 75 77 113
f 75 113 76
f 76 113 77
f 77 112 114
f 77 114 78
f 78 114 115
f 78 115 80
f 79 80 116
f 80 115 114
f 80 114 117
f 80 117 118
f 80 118 119
f 80 119 116
f 81 82 120
f 81 120 121
f 81 121 86
f 82 102 120
f 83 91 84
f 84 122 85
f 84 91 123
f 84 123 122
f 85 122 124
f 85 124 94
f 86 125 87
f 86 121 126
f 86 126 125
f 87 125 88
f 88 125 127
f 88 127 89
f 89 128 90
f 89 127 129
f 89 129 130
f 89 130 131
f 89 131 128
f 90 128 91
f 91 128 132
f 91 132 133
f 91 133 123
f 92 95 134
f 92 134 135
f 92 135 136
f 94 124 95
f 95 124 137
f 95 137 134
f 96 138 97
f 96 139 138
f 97 138 140
f 97 140 141
f 97 141 142
f 97 142 143
f 97 143 98
f 98 144 99
f 98 143 144
f 99 144 108
f 99 108 106
f 99 106 100
f 100 106 101
f 101 106 104
f 102 145 121
f 102 121 120
f 103 116 121
f 103 121 145
f 104 106 105
f 106 108 107
f 108 144 146
f 108 146 147
f 108 147 148
f 108 148 109
f 109 148 149
f 109 149 110
f 110 149 150
f 110 150 111
f 111 151 112
f 111 150 152
f 111 152 153
f 111 153 154
f 111 154 151
f 112 151 155
f 112 155 114
f 114 155 117
f 116 119 156
f 116 156 164
f 116 164 121
f 117 155 157
f 117 157 118
f 118 157 158
f 118 158 159
f 118 159 160
f 118 160 161
f 118 161 119
f 119 161 162
f 119 162 213
f 119 213 163
f 119 163 164
f 119 164 156
f 121 164 165
f 121 165 166
f 121 166 167
f 121 167 126
f 122 123 168
f 122 168 169
f 122 169 170
f 122 170 124
f 123 133 168
f 124 170 137
f 125 126 127
f 126 171 129
f 126 129 127
f 126 167 171
f 128 131 172
f 128 172 132
f 129 171 173
f 129 173 130
f 130 173 174
f 130 174 175
f 130 175 176
f 130 176 177
f 130 177 131
f 131 178 172
f 131 177 179
f 131 179 178
f 132 172 178
f 132 178 133
f 133 178 168
f 134 180 181
f 134 181 135
f 134 137 170
f 134 170 182
f 134 182 180
f 135 181 183
f 135 183 136
f 136 183 184
f 136 184 185
f 138 139 187
f 138 187 186
f 138 186 188
f 138 188 140
f 140 188 190
f 140 190 141
f 141 189 142
f 141 190 248
f 141 248 191
f 141 191 189
f 142 192 144
f 142 144 143
f 142 189 193
f 142 193 192
f 144 192 147
f 144 147 146
f 147 192 193
f 147 193 194
f 147 194 195
f 147 195 196
f 147 196 197
f 147 197 198
f 147 198 148
f 148 198 199
f 148 199 149
f 149 199 200
f 149 200 150
f 150 200 152
f 151 154 155
f 152 200 201
f 152 201 202
f 152 202 203
f 152 203 153
f 153 203 204
f 153 204 154
f 154 205 155
f 154 204 206
f 154 206 207
f 154 207 208
f 154 208 209
f 154 209 210
f 154 210 205
f 155 160 159
f 155 159 158
f 155 158 157
f 155 205 210
f 155 210 160
f 160 210 211
f 160 211 161
f 161 211 162
f 162 212 217
f 162 217 213
f 162 211 212
f 163 213 164
f 164 213 214
f 164 214 165
f 165 215 167
f 165 167 216
f 165 216 166
f 165 214 213
f 165 213 217
f 165 217 218
f 165 218 219
f 165 219 215
f 166 216 167
f 167 215 220
f 167 220 221
f 167 221 173
f 167 173 171
f 168 222 170
f 168 170 169
f 168 178 222
f 170 222 223
f 170 223 224
f 170 224 225
f 170 225 226
f 170 226 182
f 173 221 227
f 173 227 228
f 173 228 175
f 173 175 174
f 175 177 176
f 175 228 229
f 175 229 177
f 177 229 230
f 177 230 179
f 178 223 222
f 178 179 231
f 178 231 223
f 179 230 232
f 179 232 233
f 179 233 231
f 180 234 181
f 180 182 235
f 180 235 236
f 180 236 234
f 181 234 183
f 182 237 236
f 182 236 235
f 182 226 238
f 182 238 237
f 183 234 239
f 183 239 184
f 184 239 185
f 185 239 234
f 185 234 241
f 185 241 236
f 185 236 242
f 185 242 240
f 186 187 243
f 186 243 244
f 186 244 245
f 186 245 246
f 186 246 247
f 186 247 188
f 188 247 190
f 189 191 193
f 190 247 246
f 190 246 249
f 190 249 250
f 190 250 248
f 191 248 252
f 191 252 193
f 193 251 194
f 193 252 311
f 193 311 253
f 193 253 251
f 194 251 195
f 195 251 254
f 195 254 196
f 196 255 197
f 196 254 312
f 196 312 256
f 196 256 313
f 196 313 255
f 197 255 198
f 198 255 257
f 198 257 199
f 199 257 258
f 199 258 259
f 199 259 200
f 200 259 260
f 200 260 261
f 200 261 201
f 201 203 202
f 201 261 262
f 201 262 263
f 201 263 203
f 203 263 264
f 203 264 265
f 203 265 204
f 204 265 207
f 204 207 206
f 207 265 266
f 207 266 267
f 207 267 208
f 208 267 210
f 208 210 209
f 210 267 268
f 210 268 269
f 210 269 270
f 210 270 211
f 211 270 271
f 211 271 272
f 211 272 212
f 212 272 275
f 212 275 217
f 215 221 220
f 215 219 273
f 215 273 274
f 215 274 221
f 217 275 218
f 218 275 276
f 218 276 219
f 219 276 273
f 221 277 227
f 221 274 278
f 221 278 279
f 221 279 277
f 223 280 226
f 223 226 224
f 223 231 281
f 223 281 282
f 223 282 280
f 224 226 225
f 226 283 284
f 226 284 238
f 226 280 282
f 226 282 285
f 226 285 283
f 227 277 229
f 227 229 228
f 229 277 286
f 229 286 287
f 229 287 230
f 230 288 289
f 230 289 232
f 230 287 290
f 230 290 291
f 230 291 288
f 231 233 292
f 231 292 293
f 231 293 281
f 232 292 233
f 232 289 288
f 232 288 294
f 232 294 295
f 232 295 292
f 234 236 241
f 236 237 238
f 236 238 296
f 236 296 242
f 238 284 343
f 238 343 297
f 238 297 298
f 238 298 296
f 240 242 300
f 240 300 299
f 242 296 301
f 242 301 302
f 242 302 303
f 242 303 300
f 244 304 245
f 245 305 306
f 245 306 246
f 245 304 307
f 245 307 305
f 246 306 249
f 248 250 252
f 249 306 250
f 250 306 252
f 251 253 254
f 252 306 308
f 252 308 309
f 252 309 310
f 252 310 311
f 253 311 312
f 253 312 254
f 255 313 316
f 255 316 257
f 256 312 314
f 256 314 309
f 256 309 315
f 256 315 313
f 257 316 318
f 257 318 258
f 258 317 259
f 258 318 377
f 258 377 319
f 258 319 317
f 259 317 320
f 259 320 260
f 260 320 321
f 260 321 322
f 260 322 261
f 261 322 262
f 262 322 323
f 262 323 264
f 262 264 263
f 264 323 322
f 264 322 324
f 264 324 266
f 264 266 265
f 266 324 267
f 267 324 325
f 267 325 268
f 268 325 326
f 268 326 327
f 268 327 328
f 268 328 329
f 268 329 269
f 269 330 270
f 269 329 389
f 269 389 331
f 269 331 333
f 269 333 330
f 270 330 271
f 271 330 333
f 271 333 332
f 271 332 336
f 271 336 275
f 271 275 272
f 273 276 333
f 273 333 334
f 273 334 274
f 274 334 335
f 274 335 278
f 275 336 276
f 276 336 332
f 276 332 333
f 277 279 286
f 278 335 337
f 278 337 279
f 279 337 338
f 279 338 339
f 279 339 286
f 281 293 340
f 281 340 341
f 281 341 282
f 282 341 342
f 282 342 285
f 283 285 284
f 284 285 343
f 285 342 344
f 285 344 345
f 285 345 343
f 286 339 346
f 286 346 287
f 287 346 347
f 287 347 348
f 287 348 290
f 288 291 349
f 288 349 294
f 290 348 350
f 290 350 291
f 291 350 349
f 292 351 352
f 292 352 293
f 292 295 353
f 292 353 354
f 292 354 355
f 292 355 351
f 293 352 356
f 293 356 341
f 293 341 340
f 294 349 295
f 295 357 358
f 295 358 354
f 295 354 353
f 295 349 359
f 295 359 360
f 295 360 357
f 296 298 361
f 296 361 301
f 297 343 361
f 297 361 298
f 299 300 362
f 300 303 363
f 300 363 362
f 301 364 302
f 301 361 365
f 301 365 364
f 302 364 366
f 302 366 303
f 303 366 367
f 303 367 363
f 304 368 307
f 305 307 369
f 305 369 306
f 306 369 308
f 307 368 370
f 307 370 369
f 308 369 309
f 309 371 372
f 309 372 315
f 309 314 310
f 309 369 373
f 309 373 374
f 309 374 371
f 310 314 311
f 311 314 312
f 313 315 316
f 315 372 316
f 316 372 375
f 316 375 318
f 317 319 320
f 318 375 376
f 318 376 377
f 319 377 378
f 319 378 320
f 320 378 432
f 320 432 499
f 320 499 571
f 320 571 664
f 320 664 756
f 320 756 669
f 320 669 573
f 320 573 500
f 320 500 433
f 320 433 380
f 320 380 379
f 320 379 321
f 321 379 322
f 322 379 380
f 322 380 324
f 324 380 381
f 324 381 325
f 325 381 326
f 326 381 382
f 326 382 327
f 327 383 384
f 327 384 328
f 327 382 385
f 327 385 386
f 327 386 387
f 327 387 383
f 328 384 388
f 328 388 329
f 329 388 390
f 329 390 389
f 331 389 391
f 331 391 392
f 331 392 333
f 333 392 335
f 333 335 334
f 335 392 393
f 335 393 338
f 335 338 337
f 338 393 394
f 338 394 395
f 338 395 346
f 338 346 339
f 341 356 396
f 341 396 397
f 341 397 342
f 342 398 344
f 342 397 399
f 342 399 398
f 343 345 344
f 343 344 400
f 343 400 401
f 343 401 402
f 343 402 361
f 344 398 400
f 346 348 347
f 346 395 403
f 346 403 350
f 346 350 348
f 349 350 359
f 350 403 395
f 350 395 404
f 350 404 359
f 351 355 352
f 352 355 405
f 352 405 396
f 352 396 406
f 352 406 356
f 354 405 355
f 354 358 405
f 356 406 396
f 357 407 358
f 357 360 408
f 357 408 409
f 357 409 407
f 358 407 410
f 358 410 405
f 359 404 411
f 359 411 412
f 359 412 413
f 359 413 360
f 360 413 409
f 360 409 408
f 361 402 414
f 361 414 365
f 363 367 415
f 364 416 366
f 364 365 417
f 364 417 416
f 365 414 418
f 365 418 419
f 365 419 420
f 365 420 417
f 366 416 367
f 367 416 421
f 367 421 415
f 368 422 423
f 368 423 370
f 369 370 373
f 370 424 425
f 370 425 373
f 370 423 424
f 371 426 375
f 371 375 372
f 371 374 426
f 373 425 427
f 373 427 428
f 373 428 374
f 374 428 429
f 374 429 426
f 375 426 430
f 375 430 376
f 376 431 432
f 376 432 378
f 376 378 377
f 376 430 431
f 380 433 434
f 380 434 381
f 381 434 382
f 382 434 435
f 382 435 385
f 383 436 438
f 383 438 384
f 383 387 437
f 383 437 436
f 384 390 388
f 384 438 390
f 385 435 439
f 385 439 386
f 386 437 387
f 386 439 440
f 386 440 441
f 386 441 509
f 386 509 442
f 386 442 437
f 389 390 391
f 390 438 443
f 390 443 444
f 390 444 391
f 391 444 445
f 391 445 446
f 391 446 393
f 391 393 392
f 393 446 394
f 394 446 445
f 394 445 447
f 394 447 404
f 394 404 395
f 396 405 448
f 396 448 449
f 396 449 397
f 397 449 450
f 397 450 451
f 397 451 399
f 398 399 452
f 398 452 400
f 399 451 452
f 400 453 454
f 400 454 401
f 400 452 455
f 400 455 453
f 401 454 402
f 402 454 414
f 404 447 412
f 404 412 411
f 405 410 456
f 405 456 457
f 405 457 448
f 407 458 410
f 407 409 458
f 409 413 459
f 409 459 460
f 409 460 461
f 409 461 462
f 409 462 463
f 409 463 464
f 409 464 465
f 409 465 458
f 410 458 466
f 410 466 467
f 410 467 468
f 410 468 457
f 410 457 456
f 412 469 470
f 412 470 460
f 412 460 413
f 412 447 469
f 413 460 459
f 414 454 418
f 415 421 471
f 416 472 421
f 416 417 473
f 416 473 472
f 417 420 473
f 418 474 420
f 418 420 419
f 418 454 475
f 418 475 476
f 418 476 474
f 420 474 473
f 421 472 477
f 421 477 471
f 422 478 423
f 423 478 479
f 423 479 480
f 423 480 481
f 423 481 482
f 423 482 424
f 424 482 425
f 425 483 428
f 425 428 427
f 425 482 484
f 425 484 483
f 426 485 430
f 426 429 485
f 428 486 487
f 428 487 488
f 428 488 429
f 428 483 484
f 428 484 489
f 428 489 490
f 428 490 491
f 428 491 492
f 428 492 493
f 428 493 494
f 428 494 486
f 429 488 485
f 430 485 495
f 430 495 496
f 430 496 497
f 430 497 431
f 431 497 498
f 431 498 432
f 432 498 499
f 433 500 434
f 434 500 501
f 434 501 435
f 435 501 502
f 435 502 503
f 435 503 439
f 436 504 438
f 436 437 504
f 437 442 505
f 437 505 506
f 437 506 504
f 438 504 443
f 439 507 440
f 439 503 508
f 439 508 507
f 440 507 441
f 441 507 510
f 441 510 583
f 441 583 509
f 442 509 511
f 442 511 512
f 442 512 505
f 443 504 513
f 443 513 514
f 443 514 445
f 443 445 444
f 445 514 515
f 445 515 469
f 445 469 447
f 448 516 449
f 448 457 517
f 448 517 516
f 449 516 517
f 449 517 518
f 449 518 519
f 449 519 450
f 450 519 520
f 450 520 451
f 451 520 452
f 452 520 521
f 452 521 455
f 453 455 475
f 453 475 454
f 455 521 522
f 455 522 475
f 457 468 523
f 457 523 517
f 458 524 467
f 458 467 466
f 458 465 525
f 458 525 524
f 460 526 527
f 460 527 528
f 460 528 461
f 460 470 526
f 461 528 462
f 462 528 529
f 462 529 530
f 462 530 463
f 463 530 531
f 463 531 532
f 463 532 533
f 463 533 534
f 463 534 535
f 463 535 536
f 463 536 537
f 463 537 464
f 464 537 465
f 465 537 538
f 465 538 525
f 467 524 539
f 467 539 468
f 468 539 523
f 469 515 540
f 469 540 470
f 470 540 526
f 472 541 542
f 472 542 477
f 472 473 541
f 473 474 543
f 473 543 544
f 473 544 545
f 473 545 542
f 473 542 541
f 474 476 546
f 474 546 547
f 474 547 548
f 474 548 549
f 474 549 544
f 474 544 543
f 475 522 550
f 475 550 551
f 475 551 476
f 476 551 552
f 476 552 553
f 476 553 547
f 476 547 546
f 478 554 479
f 479 554 555
f 479 555 480
f 480 556 490
f 480 490 481
f 480 555 554
f 480 554 556
f 481 490 489
f 481 489 482
f 482 489 484
f 485 488 495
f 486 557 487
f 486 494 493
f 486 493 557
f 487 557 558
f 487 558 559
f 487 559 488
f 488 559 560
f 488 560 495
f 490 556 492
f 490 492 491
f 492 556 561
f 492 561 493
f 493 562 557
f 493 561 563
f 493 563 564
f 493 564 562
f 495 560 496
f 496 560 565
f 496 565 566
f 496 566 567
f 496 567 568
f 496 568 497
f 497 568 498
f 498 569 566
f 498 566 570
f 498 570 571
f 498 571 499
f 498 568 569
f 500 572 501
f 500 573 572
f 501 572 502
f 502 572 574
f 502 574 575
f 502 575 503
f 503 575 508
f 504 506 513
f 505 512 586
f 505 586 576
f 505 576 506
f 506 576 513
f 507 508 577
f 507 577 510
f 508 575 578
f 508 578 579
f 508 579 580
f 508 580 581
f 508 581 677
f 508 677 582
f 508 582 671
f 508 671 577
f 509 583 511
f 510 577 671
f 510 671 583
f 511 583 512
f 512 583 584
f 512 584 585
f 512 585 586
f 513 587 515
f 513 515 514
f 513 576 587
f 515 587 588
f 515 588 589
f 515 589 540
f 517 590 518
f 517 523 591
f 517 591 590
f 518 520 519
f 518 590 592
f 518 592 593
f 518 593 594
f 518 594 520
f 520 594 595
f 520 595 596
f 520 596 521
f 521 596 597
f 521 597 522
f 522 597 550
f 523 539 619
f 523 619 598
f 523 598 599
f 523 599 600
f 523 600 590
f 523 590 591
f 524 601 539
f 524 525 537
f 524 537 601
f 525 538 537
f 526 540 602
f 526 602 527
f 527 603 604
f 527 604 605
f 527 605 529
f 527 529 528
f 527 602 603
f 529 605 606
f 529 606 607
f 529 607 531
f 529 531 530
f 531 606 608
f 531 608 609
f 531 609 610
f 531 610 611
f 531 611 612
f 531 612 533
f 531 533 532
f 531 607 606
f 533 613 536
f 533 536 535
f 533 535 534
f 533 612 611
f 533 611 614
f 533 614 615
f 533 615 616
f 533 616 617
f 533 617 618
f 533 618 598
f 533 598 613
f 536 613 598
f 536 598 619
f 536 619 601
f 536 601 537
f 539 601 619
f 540 589 620
f 540 620 602
f 542 545 621
f 544 549 622
f 544 622 623
f 544 623 545
f 545 623 624
f 545 624 625
f 545 625 621
f 547 553 626
f 547 626 627
f 547 627 628
f 547 628 629
f 547 629 549
f 547 549 548
f 549 629 628
f 549 628 622
f 550 630 631
f 550 631 632
f 550 632 626
f 550 626 633
f 550 633 552
f 550 552 551
f 550 597 634
f 550 634 630
f 552 633 626
f 552 626 553
f 554 635 636
f 554 636 556
f 556 636 637
f 556 637 561
f 557 638 558
f 557 562 639
f 557 639 638
f 558 640 641
f 558 641 559
f 558 638 642
f 558 642 643
f 558 643 644
f 558 644 645
f 558 645 646
f 558 646 640
f 559 641 560
f 560 647 565
f 560 641 648
f 560 648 647
f 561 637 563
f 562 649 639
f 562 564 650
f 562 650 651
f 562 651 649
f 563 637 652
f 563 652 653
f 563 653 654
f 563 654 655
f 563 655 656
f 563 656 657
f 563 657 651
f 563 651 650
f 563 650 564
f 565 647 658
f 565 658 566
f 566 658 659
f 566 659 570
f 566 569 568
f 566 568 567
f 570 659 660
f 570 660 661
f 570 661 662
f 570 662 571
f 571 662 663
f 571 663 664
f 572 573 668
f 572 668 665
f 572 665 666
f 572 666 574
f 573 667 668
f 573 669 760
f 573 760 667
f 574 666 670
f 574 670 578
f 574 578 575
f 576 586 588
f 576 588 587
f 578 670 672
f 578 672 673
f 578 673 674
f 578 674 579
f 579 675 580
f 579 674 675
f 580 675 676
f 580 676 581
f 581 676 678
f 581 678 677
f 582 677 679
f 582 679 680
f 582 680 681
f 582 681 671
f 583 671 584
f 584 671 681
f 584 681 680
f 584 680 585
f 585 682 586
f 585 680 683
f 585 683 682
f 586 682 588
f 588 682 684
f 588 684 620
f 588 620 589
f 590 600 592
f 592 600 685
f 592 685 595
f 592 595 686
f 592 686 594
f 592 594 593
f 594 686 595
f 595 685 687
f 595 687 688
f 595 688 689
f 595 689 596
f 596 689 597
f 597 690 634
f 597 689 690
f 598 618 691
f 598 691 692
f 598 692 599
f 599 692 693
f 599 693 600
f 600 693 685
f 602 620 603
f 603 620 694
f 603 694 604
f 604 694 695
f 604 695 696
f 604 696 697
f 604 697 606
f 604 606 605
f 606 697 698
f 606 698 699
f 606 699 609
f 606 609 608
f 609 611 610
f 609 699 700
f 609 700 701
f 609 701 702
f 609 702 611
f 611 615 614
f 611 702 703
f 611 703 704
f 611 704 705
f 611 705 706
f 611 706 615
f 615 707 708
f 615 708 709
f 615 709 616
f 615 706 710
f 615 710 711
f 615 711 707
f 616 712 617
f 616 709 712
f 617 712 713
f 617 713 618
f 618 713 691
f 620 684 714
f 620 714 694
f 622 715 623
f 622 628 715
f 623 715 716
f 623 716 717
f 623 717 718
f 623 718 624
f 624 718 719
f 624 719 625
f 626 632 631
f 626 631 720
f 626 720 721
f 626 721 627
f 627 722 628
f 627 721 720
f 627 720 723
f 627 723 724
f 627 724 722
f 628 722 725
f 628 725 726
f 628 726 727
f 628 727 715
f 630 634 631
f 631 634 728
f 631 728 720
f 634 689 729
f 634 729 730
f 634 730 728
f 634 690 689
f 635 731 636
f 636 731 637
f 637 731 732
f 637 732 652
f 638 733 642
f 638 639 649
f 638 649 733
f 640 734 641
f 640 646 734
f 641 734 646
f 641 646 735
f 641 735 736
f 641 736 648
f 642 733 643
f 643 733 644
f 644 733 645
f 645 733 737
f 645 737 738
f 645 738 646
f 646 738 739
f 646 739 740
f 646 740 741
f 646 741 660
f 646 660 736
f 646 736 735
f 647 648 658
f 648 736 660
f 648 660 659
f 648 659 658
f 649 651 733
f 651 657 742
f 651 742 743
f 651 743 744
f 651 744 745
f 651 745 733
f 652 732 746
f 652 746 747
f 652 747 654
f 652 654 653
f 654 747 748
f 654 748 749
f 654 749 656
f 654 656 655
f 656 749 750
f 656 750 751
f 656 751 657
f 657 751 743
f 657 743 742
f 660 741 661
f 661 752 662
f 661 741 752
f 662 753 663
f 662 752 753
f 663 753 754
f 663 754 755
f 663 755 756
f 663 756 664
f 665 668 757
f 665 757 758
f 665 758 666
f 666 758 670
f 667 759 668
f 667 760 842
f 667 842 759
f 668 759 757
f 669 756 761
f 669 761 762
f 669 762 760
f 670 758 763
f 670 763 672
f 672 764 673
f 672 763 764
f 673 764 765
f 673 765 766
f 673 766 767
f 673 767 674
f 674 767 676
f 674 676 675
f 676 767 766
f 676 766 678
f 677 678 768
f 677 768 679
f 678 766 769
f 678 769 768
f 679 768 770
f 679 770 680
f 680 770 771
f 680 771 683
f 682 683 771
f 682 771 772
f 682 772 714
f 682 714 684
f 685 693 687
f 687 693 773
f 687 773 774
f 687 774 775
f 687 775 688
f 688 775 776
f 688 776 729
f 688 729 689
f 691 777 778
f 691 778 773
f 691 773 692
f 691 713 777
f 692 773 693
f 694 714 695
f 695 714 779
f 695 779 696
f 696 779 780
f 696 780 781
f 696 781 782
f 696 782 698
f 696 698 697
f 698 700 699
f 698 782 783
f 698 783 700
f 700 783 784
f 700 784 701
f 701 784 785
f 701 785 703
f 701 703 702
f 703 786 705
f 703 705 704
f 703 785 787
f 703 787 786
f 705 710 706
f 705 786 788
f 705 788 789
f 705 789 710
f 707 711 790
f 707 790 791
f 707 791 792
f 707 792 793
f 707 793 794
f 707 794 795
f 707 795 708
f 708 712 709
f 708 795 713
f 708 713 712
f 710 789 796
f 710 796 791
f 710 791 711
f 711 791 790
f 713 795 797
f 713 797 777
f 714 772 798
f 714 798 779
f 715 727 716
f 716 726 718
f 716 718 717
f 716 727 726
f 718 799 719
f 718 726 799
f 720 728 800
f 720 800 801
f 720 801 802
f 720 802 723
f 722 803 804
f 722 804 726
f 722 726 725
f 722 724 802
f 722 802 805
f 722 805 806
f 722 806 803
f 723 802 724
f 726 804 803
f 726 803 807
f 726 807 808
f 726 808 799
f 728 730 800
f 729 776 809
f 729 809 730
f 730 809 810
f 730 810 811
f 730 811 812
f 730 812 800
f 733 745 737
f 737 745 826
f 737 826 813
f 737 813 904
f 737 904 814
f 737 814 738
f 738 815 816
f 738 816 739
f 738 814 815
f 739 816 817
f 739 817 740
f 740 818 909
f 740 909 819
f 740 819 741
f 740 817 907
f 740 907 818
f 741 819 820
f 741 820 821
f 741 821 752
f 743 751 822
f 743 822 823
f 743 823 824
f 743 824 825
f 743 825 744
f 744 825 824
f 744 824 745
f 745 824 917
f 745 917 826
f 746 827 828
f 746 828 747
f 747 829 830
f 747 830 748
f 747 828 831
f 747 831 924
f 747 924 832
f 747 832 925
f 747 925 829
f 748 830 749
f 749 833 834
f 749 834 750
f 749 830 829
f 749 829 925
f 749 925 833
f 750 834 933
f 750 933 835
f 750 835 822
f 750 822 751
f 752 821 753
f 753 836 754
f 753 821 836
f 754 837 838
f 754 838 839
f 754 839 755
f 754 836 837
f 755 839 761
f 755 761 756
f 757 840 758
f 757 759 841
f 757 841 840
f 758 840 763
f 759 842 940
f 759 940 841
f 760 762 842
f 761 839 843
f 761 843 844
f 761 844 845
f 761 845 762
f 762 846 842
f 762 845 846
f 763 847 764
f 763 840 847
f 764 848 849
f 764 849 765
f 764 847 945
f 764 945 848
f 765 849 766
f 766 849 769
f 768 850 770
f 768 769 850
f 769 849 851
f 769 851 852
f 769 852 853
f 769 853 850
f 770 850 854
f 770 854 771
f 771 798 772
f 771 854 798
f 773 778 774
f 774 778 855
f 774 855 775
f 775 856 776
f 775 855 857
f 775 857 858
f 775 858 856
f 776 856 858
f 776 858 859
f 776 859 809
f 777 860 778
f 777 797 860
f 778 860 861
f 778 861 855
f 779 798 862
f 779 862 780
f 780 862 781
f 781 862 863
f 781 863 864
f 781 864 865
f 781 865 782
f 782 865 783
f 783 865 866
f 783 866 784
f 784 866 867
f 784 867 785
f 785 867 787
f 786 787 788
f 787 867 868
f 787 868 869
f 787 869 870
f 787 870 788
f 788 870 871
f 788 871 872
f 788 872 873
f 788 873 789
f 789 873 796
f 791 874 875
f 791 875 792
f 791 796 873
f 791 873 876
f 791 876 877
f 791 877 878
f 791 878 874
f 792 875 874
f 792 874 793
f 793 874 794
f 794 879 880
f 794 880 881
f 794 881 882
f 794 882 795
f 794 874 879
f 795 882 883
f 795 883 860
f 795 860 797
f 798 854 862
f 800 812 801
f 801 812 884
f 801 884 885
f 801 885 802
f 802 885 886
f 802 886 887
f 802 887 888
f 802 888 805
f 803 806 889
f 803 889 890
f 803 890 891
f 803 891 892
f 803 892 807
f 805 888 893
f 805 893 894
f 805 894 806
f 806 894 889
f 807 892 891
f 807 891 895
f 807 895 808
f 809 859 896
f 809 896 897
f 809 897 898
f 809 898 899
f 809 899 810
f 810 899 900
f 810 900 901
f 810 901 995
f 810 995 902
f 810 902 903
f 810 903 812
f 810 812 811
f 812 903 884
f 813 826 905
f 813 905 904
f 814 904 905
f 814 905 815
f 815 905 1001
f 815 1001 906
f 815 906 816
f 816 906 907
f 816 907 817
f 818 908 909
f 818 907 908
f 819 910 820
f 819 909 1008
f 819 1008 910
f 820 910 911
f 820 911 821
f 821 911 912
f 821 912 913
f 821 913 914
f 821 914 836
f 822 835 915
f 822 915 916
f 822 916 823
f 823 916 824
f 824 916 1015
f 824 1015 917
f 826 917 918
f 826 918 919
f 826 919 920
f 826 920 921
f 826 921 905
f 827 922 923
f 827 923 924
f 827 924 831
f 827 831 828
f 832 926 925
f 832 924 927
f 832 927 928
f 832 928 926
f 833 925 929
f 833 929 930
f 833 930 931
f 833 931 932
f 833 932 834
f 834 932 933
f 835 933 1014
f 835 1014 915
f 836 914 934
f 836 934 837
f 837 934 935
f 837 935 936
f 837 936 838
f 838 936 937
f 838 937 839
f 839 937 843
f 840 938 945
f 840 945 847
f 840 841 939
f 840 939 938
f 841 940 1035
f 841 1035 939
f 842 846 940
f 843 937 941
f 843 941 942
f 843 942 844
f 844 942 943
f 844 943 845
f 845 943 846
f 846 944 940
f 846 943 944
f 848 946 849
f 848 945 946
f 849 946 947
f 849 947 851
f 850 948 854
f 850 853 948
f 851 947 852
f 852 949 853
f 852 947 950
f 852 950 949
f 853 949 951
f 853 951 948
f 854 948 862
f 855 861 857
f 857 861 881
f 857 881 952
f 857 952 953
f 857 953 954
f 857 954 858
f 858 954 955
f 858 955 956
f 858 956 897
f 858 897 859
f 859 897 896
f 860 883 861
f 861 883 957
f 861 957 881
f 862 948 863
f 863 948 958
f 863 958 864
f 864 958 959
f 864 959 960
f 864 960 865
f 865 960 866
f 866 960 867
f 867 960 961
f 867 961 962
f 867 962 868
f 868 962 963
f 868 963 869
f 869 963 964
f 869 964 870
f 870 964 871
f 871 964 965
f 871 965 872
f 872 965 966
f 872 966 873
f 873 967 968
f 873 968 969
f 873 969 970
f 873 970 971
f 873 971 877
f 873 877 876
f 873 966 972
f 873 972 967
f 874 878 879
f 877 973 974
f 877 974 880
f 877 880 878
f 877 971 970
f 877 970 973
f 878 880 879
f 880 974 881
f 881 957 882
f 881 974 952
f 882 957 883
f 884 903 885
f 885 903 975
f 885 975 976
f 885 976 977
f 885 977 887
f 885 887 886
f 887 893 888
f 887 977 978
f 887 978 979
f 887 979 893
f 889 894 980
f 889 980 890
f 890 980 981
f 890 981 891
f 891 981 895
f 893 982 894
f 893 979 983
f 893 983 982
f 894 982 984
f 894 984 985
f 894 985 980
f 895 981 987
f 895 987 986
f 897 956 955
f 897 955 988
f 897 988 989
f 897 989 900
f 897 900 898
f 898 900 899
f 900 989 990
f 900 990 991
f 900 991 992
f 900 992 993
f 900 993 994
f 900 994 901
f 901 994 995
f 902 995 996
f 902 996 903
f 903 996 997
f 903 997 998
f 903 998 975
f 905 999 1000
f 905 1000 1001
f 905 921 920
f 905 920 1002
f 905 1002 999
f 906 1001 1000
f 906 1000 907
f 907 1000 999
f 907 999 1003
f 907 1003 1004
f 907 1004 908
f 908 1005 1006
f 908 1006 1007
f 908 1007 909
f 908 1004 1005
f 909 1007 1106
f 909 1106 1008
f 910 1008 1009
f 910 1009 911
f 911 1009 1010
f 911 1010 912
f 912 1010 1012
f 912 1012 913
f 913 1011 914
f 913 1012 1110
f 913 1110 1011
f 914 1011 1013
f 914 1013 934
f 915 1014 1015
f 915 1015 916
f 917 1016 1017
f 917 1017 919
f 917 919 918
f 917 1015 932
f 917 932 1018
f 917 1018 1016
f 919 1019 1002
f 919 1002 920
f 919 1017 1016
f 919 1016 1019
f 922 1020 928
f 922 928 923
f 923 928 927
f 923 927 924
f 925 926 1021
f 925 1021 929
f 926 928 1022
f 926 1022 1023
f 926 1023 1021
f 928 1020 1022
f 929 1021 930
f 930 1021 931
f 931 1024 1025
f 931 1025 1018
f 931 1018 932
f 931 1021 1024
f 932 1015 1014
f 932 1014 933
f 934 1013 1026
f 934 1026 935
f 935 1026 1027
f 935 1027 936
f 936 1028 1132
f 936 1132 1029
f 936 1029 1030
f 936 1030 1031
f 936 1031 941
f 936 941 937
f 936 1027 1128
f 936 1128 1028
f 938 1032 1042
f 938 1042 1033
f 938 1033 945
f 938 939 1032
f 939 1034 1032
f 939 1035 1137
f 939 1137 1034
f 940 944 1040
f 940 1040 1035
f 941 1036 1037
f 941 1037 1038
f 941 1038 942
f 941 1031 1036
f 942 1038 1039
f 942 1039 943
f 943 1039 944
f 944 1039 1041
f 944 1041 1142
f 944 1142 1040
f 945 1033 946
f 946 1033 1042
f 946 1042 947
f 947 1042 1043
f 947 1043 950
f 948 951 958
f 949 950 1044
f 949 1044 1045
f 949 1045 951
f 950 1043 1044
f 951 1045 958
f 952 1046 954
f 952 954 953
f 952 974 1046
f 954 1046 1047
f 954 1047 1048
f 954 1048 1049
f 954 1049 955
f 955 991 988
f 955 1049 1050
f 955 1050 991
f 958 1045 1051
f 958 1051 959
f 959 1052 960
f 959 1051 1053
f 959 1053 1052
f 960 1052 961
f 961 1052 1054
f 961 1054 962
f 962 1054 1055
f 962 1055 963
f 963 1055 1056
f 963 1056 1057
f 963 1057 964
f 964 1057 1058
f 964 1058 1059
f 964 1059 965
f 965 1060 966
f 965 1059 1058
f 965 1058 1061
f 965 1061 1060
f 966 1062 972
f 966 1060 1063
f 966 1063 1062
f 967 1064 968
f 967 972 1064
f 968 1064 1065
f 968 1065 970
f 968 970 969
f 970 1065 1066
f 970 1066 973
f 972 1062 1064
f 973 1067 1068
f 973 1068 974
f 973 1066 1065
f 973 1065 1069
f 973 1069 1070
f 973 1070 1067
f 974 1068 1047
f 974 1047 1046
f 975 978 977
f 975 977 976
f 975 998 1071
f 975 1071 1072
f 975 1072 1073
f 975 1073 978
f 978 1073 1074
f 978 1074 979
f 979 1074 983
f 980 1075 1076
f 980 1076 987
f 980 987 981
f 980 985 1077
f 980 1077 984
f 980 984 1078
f 980 1078 1079
f 980 1079 1080
f 980 1080 1081
f 980 1081 1075
f 982 983 984
f 983 1074 1082
f 983 1082 1083
f 983 1083 1084
f 983 1084 984
f 984 1077 985
f 984 1084 1085
f 984 1085 1086
f 984 1086 1078
f 986 987 1076
f 986 1076 1075
f 986 1075 1087
f 988 991 989
f 989 991 990
f 991 993 992
f 991 1050 1088
f 991 1088 1089
f 991 1089 1090
f 991 1090 993
f 993 1091 1092
f 993 1092 995
f 993 995 994
f 993 1090 1089
f 993 1089 1091
f 995 1092 1093
f 995 1093 1094
f 995 1094 996
f 996 1094 997
f 997 1094 998
f 998 1094 1095
f 998 1095 1096
f 998 1096 1097
f 998 1097 1071
f 999 1002 1098
f 999 1098 1099
f 999 1099 1003
f 1002 1019 1098
f 1003 1099 1004
f 1004 1099 1100
f 1004 1100 1101
f 1004 1101 1102
f 1004 1102 1005
f 1005 1103 1104
f 1005 1104 1006
f 1005 1102 1103
f 1006 1104 1105
f 1006 1105 1106
f 1006 1106 1007
f 1008 1106 1107
f 1008 1107 1009
f 1009 1107 1010
f 1010 1108 1109
f 1010 1109 1012
f 1010 1107 1108
f 1011 1110 1111
f 1011 1111 1013
f 1012 1109 1110
f 1013 1111 1127
f 1013 1127 1026
f 1016 1018 1112
f 1016 1112 1113
f 1016 1113 1114
f 1016 1114 1115
f 1016 1115 1116
f 1016 1116 1117
f 1016 1117 1019
f 1018 1025 1112
f 1019 1117 1099
f 1019 1099 1098
f 1020 1118 1023
f 1020 1023 1022
f 1021 1023 1119
f 1021 1119 1120
f 1021 1120 1121
f 1021 1121 1024
f 1023 1118 1119
f 1024 1122 1123
f 1024 1123 1124
f 1024 1124 1125
f 1024 1125 1025
f 1024 1121 1126
f 1024 1126 1122
f 1025 1125 1112
f 1026 1127 1128
f 1026 1128 1027
f 1028 1129 1130
f 1028 1130 1131
f 1028 1131 1132
f 1028 1128 1129
f 1029 1132 1238
f 1029 1238 1133
f 1029 1133 1134
f 1029 1134 1030
f 1030 1134 1135
f 1030 1135 1031
f 1031 1135 1036
f 1032 1136 1043
f 1032 1043 1042
f 1032 1034 1136
f 1034 1137 1241
f 1034 1241 1136
f 1035 1040 1138
f 1035 1138 1137
f 1036 1139 1140
f 1036 1140 1037
f 1036 1135 1139
f 1037 1140 1038
f 1038 1141 1039
f 1038 1140 1141
f 1039 1141 1041
f 1040 1142 1143
f 1040 1143 1242
f 1040 1242 1138
f 1041 1141 1245
f 1041 1245 1142
f 1043 1144 1044
f 1043 1136 1145
f 1043 1145 1144
f 1044 1144 1146
f 1044 1146 1045
f 1045 1146 1051
f 1047 1068 1067
f 1047 1067 1048
f 1048 1067 1147
f 1048 1147 1049
f 1049 1147 1148
f 1049 1148 1050
f 1050 1148 1149
f 1050 1149 1150
f 1050 1150 1088
f 1051 1146 1151
f 1051 1151 1053
f 1052 1053 1152
f 1052 1152 1054
f 1053 1151 1153
f 1053 1153 1152
f 1054 1152 1154
f 1054 1154 1056
f 1054 1056 1055
f 1056 1058 1057
f 1056 1154 1155
f 1056 1155 1156
f 1056 1156 1157
f 1056 1157 1158
f 1056 1158 1058
f 1058 1158 1159
f 1058 1159 1061
f 1060 1061 1160
f 1060 1160 1063
f 1061 1159 1161
f 1061 1161 1267
f 1061 1267 1160
f 1062 1063 1162
f 1062 1162 1064
f 1063 1160 1163
f 1063 1163 1164
f 1063 1164 1162
f 1064 1162 1165
f 1064 1165 1065
f 1065 1166 1167
f 1065 1167 1069
f 1065 1165 1166
f 1067 1070 1167
f 1067 1167 1168
f 1067 1168 1147
f 1069 1167 1070
f 1071 1097 1169
f 1071 1169 1072
f 1072 1169 1073
f 1073 1169 1170
f 1073 1170 1171
f 1073 1171 1172
f 1073 1172 1074
f 1074 1172 1173
f 1074 1173 1174
f 1074 1174 1082
f 1075 1081 1175
f 1075 1175 1176
f 1075 1176 1177
f 1075 1177 1087
f 1078 1086 1079
f 1079 1086 1178
f 1079 1178 1080
f 1080 1178 1179
f 1080 1179 1081
f 1081 1179 1180
f 1081 1180 1175
f 1082 1174 1181
f 1082 1181 1083
f 1083 1182 1084
f 1083 1181 1182
f 1084 1182 1183
f 1084 1183 1085
f 1085 1183 1184
f 1085 1184 1185
f 1085 1185 1086
f 1086 1185 1186
f 1086 1186 1301
f 1086 1301 1187
f 1086 1187 1292
f 1086 1292 1178
f 1087 1177 1188
f 1088 1150 1189
f 1088 1189 1190
f 1088 1190 1089
f 1089 1190 1191
f 1089 1191 1192
f 1089 1192 1193
f 1089 1193 1194
f 1089 1194 1091
f 1091 1195 1093
f 1091 1093 1092
f 1091 1194 1196
f 1091 1196 1195
f 1093 1195 1094
f 1094 1195 1197
f 1094 1197 1198
f 1094 1198 1095
f 1095 1198 1096
f 1096 1198 1199
f 1096 1199 1097
f 1097 1199 1200
f 1097 1200 1169
f 1099 1117 1201
f 1099 1201 1202
f 1099 1202 1115
f 1099 1115 1203
f 1099 1203 1204
f 1099 1204 1205
f 1099 1205 1100
f 1100 1206 1102
f 1100 1102 1207
f 1100 1207 1101
f 1100 1205 1208
f 1100 1208 1206
f 1101 1207 1102
f 1102 1206 1103
f 1103 1209 1210
f 1103 1210 1104
f 1103 1206 1209
f 1104 1210 1211
f 1104 1211 1105
f 1105 1211 1212
f 1105 1212 1213
f 1105 1213 1214
f 1105 1214 1107
f 1105 1107 1106
f 1107 1214 1215
f 1107 1215 1108
f 1108 1215 1109
f 1109 1216 1217
f 1109 1217 1110
f 1109 1215 1216
f 1110 1217 1218
f 1110 1218 1219
f 1110 1219 1111
f 1111 1219 1127
f 1112 1125 1113
f 1113 1125 1124
f 1113 1124 1114
f 1114 1124 1220
f 1114 1220 1203
f 1114 1203 1115
f 1115 1202 1201
f 1115 1201 1116
f 1116 1201 1117
f 1118 1221 1222
f 1118 1222 1223
f 1118 1223 1119
f 1119 1223 1120
f 1120 1224 1225
f 1120 1225 1126
f 1120 1126 1121
f 1120 1223 1222
f 1120 1222 1224
f 1122 1226 1227
f 1122 1227 1228
f 1122 1228 1229
f 1122 1229 1230
f 1122 1230 1123
f 1122 1126 1225
f 1122 1225 1226
f 1123 1230 1124
f 1124 1230 1231
f 1124 1231 1220
f 1127 1232 1128
f 1127 1219 1218
f 1127 1218 1232
f 1128 1232 1129
f 1129 1232 1130
f 1130 1233 1234
f 1130 1234 1131
f 1130 1232 1235
f 1130 1235 1236
f 1130 1236 1233
f 1131 1234 1237
f 1131 1237 1132
f 1132 1237 1238
f 1133 1238 1359
f 1133 1359 1239
f 1133 1239 1240
f 1133 1240 1134
f 1134 1240 1139
f 1134 1139 1135
f 1136 1241 1250
f 1136 1250 1145
f 1137 1138 1241
f 1138 1242 1243
f 1138 1243 1241
f 1139 1240 1140
f 1140 1244 1141
f 1140 1240 1244
f 1141 1244 1364
f 1141 1364 1245
f 1142 1245 1246
f 1142 1246 1143
f 1143 1246 1360
f 1143 1360 1242
f 1144 1247 1146
f 1144 1145 1247
f 1145 1248 1249
f 1145 1249 1247
f 1145 1250 1366
f 1145 1366 1248
f 1146 1247 1151
f 1147 1150 1149
f 1147 1149 1148
f 1147 1168 1251
f 1147 1251 1252
f 1147 1252 1253
f 1147 1253 1150
f 1150 1253 1254
f 1150 1254 1255
f 1150 1255 1256
f 1150 1256 1189
f 1151 1247 1257
f 1151 1257 1153
f 1152 1153 1258
f 1152 1258 1154
f 1153 1257 1259
f 1153 1259 1260
f 1153 1260 1258
f 1154 1258 1261
f 1154 1261 1155
f 1155 1261 1262
f 1155 1262 1156
f 1156 1262 1263
f 1156 1263 1264
f 1156 1264 1157
f 1157 1264 1158
f 1158 1264 1265
f 1158 1265 1159
f 1159 1265 1266
f 1159 1266 1161
f 1160 1267 1268
f 1160 1268 1269
f 1160 1269 1163
f 1161 1266 1270
f 1161 1270 1271
f 1161 1271 1379
f 1161 1379 1267
f 1162 1272 1165
f 1162 1164 1272
f 1163 1273 1164
f 1163 1269 1274
f 1163 1274 1275
f 1163 1275 1276
f 1163 1276 1277
f 1163 1277 1278
f 1163 1278 1273
f 1164 1273 1279
f 1164 1279 1272
f 1165 1272 1166
f 1166 1280 1281
f 1166 1281 1167
f 1166 1272 1280
f 1167 1281 1251
f 1167 1251 1168
f 1169 1200 1282
f 1169 1282 1283
f 1169 1283 1170
f 1170 1283 1284
f 1170 1284 1285
f 1170 1285 1171
f 1171 1285 1172
f 1172 1285 1173
f 1173 1285 1286
f 1173 1286 1174
f 1174 1286 1401
f 1174 1401 1287
f 1174 1287 1295
f 1174 1295 1181
f 1175 1180 1289
f 1175 1289 1176
f 1176 1288 1177
f 1176 1289 1290
f 1176 1290 1288
f 1177 1288 1291
f 1177 1291 1188
f 1178 1292 1293
f 1178 1293 1179
f 1179 1293 1294
f 1179 1294 1180
f 1180 1294 1406
f 1180 1406 1290
f 1180 1290 1289
f 1181 1295 1412
f 1181 1412 1296
f 1181 1296 1182
f 1182 1296 1412
f 1182 1412 1297
f 1182 1297 1298
f 1182 1298 1183
f 1183 1298 1299
f 1183 1299 1184
f 1184 1299 1300
f 1184 1300 1185
f 1185 1300 1301
f 1185 1301 1186
f 1187 1301 1302
f 1187 1302 1303
f 1187 1303 1304
f 1187 1304 1305
f 1187 1305 1407
f 1187 1407 1292
f 1189 1306 1190
f 1189 1256 1371
f 1189 1371 1307
f 1189 1307 1308
f 1189 1308 1306
f 1190 1306 1309
f 1190 1309 1310
f 1190 1310 1191
f 1191 1310 1192
f 1192 1310 1193
f 1193 1310 1311
f 1193 1311 1312
f 1193 1312 1194
f 1194 1312 1313
f 1194 1313 1314
f 1194 1314 1196
f 1195 1196 1315
f 1195 1315 1197
f 1196 1314 1315
f 1197 1315 1198
f 1198 1315 1316
f 1198 1316 1317
f 1198 1317 1199
f 1199 1317 1318
f 1199 1318 1200
f 1200 1319 1282
f 1200 1318 1433
f 1200 1433 1320
f 1200 1320 1321
f 1200 1321 1319
f 1203 1322 1323
f 1203 1323 1204
f 1203 1220 1324
f 1203 1324 1322
f 1204 1323 1325
f 1204 1325 1205
f 1205 1325 1208
f 1206 1326 1327
f 1206 1327 1209
f 1206 1208 1328
f 1206 1328 1326
f 1208 1325 1328
f 1209 1329 1210
f 1209 1327 1328
f 1209 1328 1330
f 1209 1330 1331
f 1209 1331 1329
f 1210 1329 1332
f 1210 1332 1333
f 1210 1333 1211
f 1211 1333 1212
f 1212 1333 1334
f 1212 1334 1445
f 1212 1445 1335
f 1212 1335 1213
f 1213 1335 1336
f 1213 1336 1337
f 1213 1337 1338
f 1213 1338 1215
f 1213 1215 1214
f 1215 1338 1216
f 1216 1337 1339
f 1216 1339 1218
f 1216 1218 1217
f 1216 1338 1337
f 1218 1339 1235
f 1218 1235 1232
f 1220 1231 1340
f 1220 1340 1322
f 1220 1322 1324
f 1221 1341 1222
f 1221 1342 1343
f 1221 1343 1341
f 1222 1341 1224
f 1224 1341 1344
f 1224 1344 1345
f 1224 1345 1346
f 1224 1346 1347
f 1224 1347 1348
f 1224 1348 1226
f 1224 1226 1225
f 1226 1347 1227
f 1226 1348 1347
f 1227 1347 1349
f 1227 1349 1228
f 1228 1349 1229
f 1229 1349 1350
f 1229 1350 1231
f 1229 1231 1230
f 1231 1350 1349
f 1231 1349 1351
f 1231 1351 1352
f 1231 1352 1340
f 1233 1353 1354
f 1233 1354 1234
f 1233 1236 1355
f 1233 1355 1356
f 1233 1356 1353
f 1234 1354 1357
f 1234 1357 1237
f 1235 1355 1236
f 1235 1339 1355
f 1237 1357 1358
f 1237 1358 1238
f 1238 1358 1359
f 1239 1244 1240
f 1239 1359 1364
f 1239 1364 1244
f 1241 1243 1250
f 1242 1360 1243
f 1243 1361 1250
f 1243 1360 1362
f 1243 1362 1363
f 1243 1363 1361
f 1245 1364 1246
f 1246 1364 1360
f 1247 1249 1257
f 1248 1365 1257
f 1248 1257 1249
f 1248 1366 1468
f 1248 1468 1365
f 1250 1361 1367
f 1250 1367 1368
f 1250 1368 1366
f 1251 1281 1252
f 1252 1281 1369
f 1252 1369 1253
f 1253 1369 1254
f 1254 1369 1255
f 1255 1369 1256
f 1256 1369 1370
f 1256 1370 1371
f 1257 1365 1259
f 1258 1260 1261
f 1259 1365 1372
f 1259 1372 1260
f 1260 1372 1373
f 1260 1373 1374
f 1260 1374 1261
f 1261 1374 1375
f 1261 1375 1262
f 1262 1375 1263
f 1263 1375 1376
f 1263 1376 1377
f 1263 1377 1264
f 1264 1377 1265
f 1265 1377 1378
f 1265 1378 1270
f 1265 1270 1266
f 1267 1379 1380
f 1267 1380 1268
f 1268 1381 1274
f 1268 1274 1269
f 1268 1380 1381
f 1270 1378 1477
f 1270 1477 1382
f 1270 1382 1383
f 1270 1383 1271
f 1271 1383 1478
f 1271 1478 1379
f 1272 1279 1280
f 1273 1278 1279
f 1274 1381 1384
f 1274 1384 1385
f 1274 1385 1276
f 1274 1276 1275
f 1276 1385 1386
f 1276 1386 1387
f 1276 1387 1277
f 1277 1388 1389
f 1277 1389 1390
f 1277 1390 1391
f 1277 1391 1278
f 1277 1387 1388
f 1278 1391 1392
f 1278 1392 1279
f 1279 1392 1280
f 1280 1393 1394
f 1280 1394 1281
f 1280 1392 1391
f 1280 1391 1393
f 1281 1394 1395
f 1281 1395 1396
f 1281 1396 1397
f 1281 1397 1398
f 1281 1398 1369
f 1282 1319 1283
f 1283 1399 1284
f 1283 1319 1321
f 1283 1321 1400
f 1283 1400 1492
f 1283 1492 1399
f 1284 1399 1285
f 1285 1399 1286
f 1286 1399 1492
f 1286 1492 1401
f 1287 1401 1402
f 1287 1402 1403
f 1287 1403 1295
f 1288 1404 1291
f 1288 1290 1406
f 1288 1406 1405
f 1288 1405 1496
f 1288 1496 1404
f 1292 1407 1408
f 1292 1408 1409
f 1292 1409 1293
f 1293 1409 1294
f 1294 1409 1408
f 1294 1408 1410
f 1294 1410 1497
f 1294 1497 1406
f 1295 1403 1411
f 1295 1411 1297
f 1295 1297 1412
f 1297 1411 1413
f 1297 1413 1298
f 1298 1413 1414
f 1298 1414 1302
f 1298 1302 1299
f 1299 1302 1301
f 1299 1301 1300
f 1302 1414 1303
f 1303 1415 1416
f 1303 1416 1417
f 1303 1417 1304
f 1303 1414 1413
f 1303 1413 1418
f 1303 1418 1415
f 1304 1417 1419
f 1304 1419 1305
f 1305 1419 1407
f 1306 1308 1420
f 1306 1420 1309
f 1307 1371 1421
f 1307 1421 1422
f 1307 1422 1308
f 1308 1422 1420
f 1309 1420 1310
f 1310 1420 1423
f 1310 1423 1424
f 1310 1424 1311
f 1311 1424 1312
f 1312 1424 1425
f 1312 1425 1313
f 1313 1425 1314
f 1314 1426 1315
f 1314 1425 1427
f 1314 1427 1428
f 1314 1428 1518
f 1314 1518 1429
f 1314 1429 1517
f 1314 1517 1426
f 1315 1426 1316
f 1316 1426 1430
f 1316 1430 1522
f 1316 1522 1431
f 1316 1431 1432
f 1316 1432 1317
f 1317 1432 1433
f 1317 1433 1318
f 1320 1433 1434
f 1320 1434 1435
f 1320 1435 1321
f 1321 1435 1436
f 1321 1436 1437
f 1321 1437 1400
f 1322 1352 1438
f 1322 1438 1325
f 1322 1325 1323
f 1322 1340 1352
f 1325 1438 1328
f 1326 1328 1327
f 1328 1438 1330
f 1329 1439 1440
f 1329 1440 1333
f 1329 1333 1332
f 1329 1331 1441
f 1329 1441 1439
f 1330 1438 1331
f 1331 1438 1442
f 1331 1442 1443
f 1331 1443 1441
f 1333 1440 1444
f 1333 1444 1334
f 1334 1444 1445
f 1335 1445 1446
f 1335 1446 1336
f 1336 1446 1447
f 1336 1447 1337
f 1337 1447 1448
f 1337 1448 1355
f 1337 1355 1339
f 1341 1343 1344
f 1342 1449 1450
f 1342 1450 1451
f 1342 1451 1343
f 1343 1451 1452
f 1343 1452 1345
f 1343 1345 1344
f 1345 1452 1453
f 1345 1453 1346
f 1346 1453 1347
f 1347 1453 1349
f 1349 1453 1454
f 1349 1454 1455
f 1349 1455 1456
f 1349 1456 1352
f 1349 1352 1351
f 1352 1456 1457
f 1352 1457 1458
f 1352 1458 1438
f 1353 1356 1459
f 1353 1459 1460
f 1353 1460 1354
f 1354 1460 1461
f 1354 1461 1357
f 1355 1448 1356
f 1356 1448 1459
f 1357 1461 1462
f 1357 1462 1358
f 1358 1462 1463
f 1358 1463 1464
f 1358 1464 1364
f 1358 1364 1359
f 1360 1364 1464
f 1360 1464 1463
f 1360 1463 1362
f 1361 1363 1465
f 1361 1465 1367
f 1362 1463 1466
f 1362 1466 1363
f 1363 1466 1467
f 1363 1467 1465
f 1365 1468 1471
f 1365 1471 1372
f 1366 1368 1469
f 1366 1469 1468
f 1367 1470 1469
f 1367 1469 1368
f 1367 1465 1470
f 1369 1398 1370
f 1370 1398 1371
f 1371 1398 1421
f 1372 1471 1472
f 1372 1472 1373
f 1373 1472 1473
f 1373 1473 1374
f 1374 1473 1474
f 1374 1474 1375
f 1375 1474 1475
f 1375 1475 1376
f 1376 1475 1476
f 1376 1476 1377
f 1377 1476 1477
f 1377 1477 1378
f 1379 1478 1481
f 1379 1481 1380
f 1380 1479 1480
f 1380 1480 1381
f 1380 1481 1573
f 1380 1573 1479
f 1381 1480 1384
f 1382 1477 1482
f 1382 1482 1483
f 1382 1483 1484
f 1382 1484 1383
f 1383 1484 1572
f 1383 1572 1478
f 1384 1387 1386
f 1384 1386 1385
f 1384 1480 1479
f 1384 1479 1485
f 1384 1485 1486
f 1384 1486 1487
f 1384 1487 1488
f 1384 1488 1387
f 1387 1488 1388
f 1388 1488 1389
f 1389 1488 1390
f 1390 1489 1397
f 1390 1397 1396
f 1390 1396 1393
f 1390 1393 1391
f 1390 1488 1489
f 1393 1396 1395
f 1393 1395 1394
f 1397 1489 1490
f 1397 1490 1491
f 1397 1491 1398
f 1398 1491 1421
f 1400 1437 1401
f 1400 1401 1493
f 1400 1493 1492
f 1401 1437 1494
f 1401 1494 1402
f 1401 1492 1493
f 1402 1494 1591
f 1402 1591 1495
f 1402 1495 1418
f 1402 1418 1403
f 1403 1418 1411
f 1405 1406 1497
f 1405 1497 1498
f 1405 1498 1499
f 1405 1499 1496
f 1407 1419 1408
f 1408 1419 1500
f 1408 1500 1410
f 1410 1500 1497
f 1411 1418 1413
f 1415 1418 1501
f 1415 1501 1502
f 1415 1502 1416
f 1416 1502 1419
f 1416 1419 1417
f 1418 1495 1501
f 1419 1503 1504
f 1419 1504 1505
f 1419 1505 1500
f 1419 1502 1506
f 1419 1506 1503
f 1420 1422 1507
f 1420 1507 1508
f 1420 1508 1423
f 1421 1491 1490
f 1421 1490 1509
f 1421 1509 1510
f 1421 1510 1511
f 1421 1511 1422
f 1422 1511 1507
f 1423 1508 1424
f 1424 1508 1512
f 1424 1512 1513
f 1424 1513 1514
f 1424 1514 1609
f 1424 1609 1515
f 1424 1515 1516
f 1424 1516 1425
f 1425 1516 1518
f 1425 1518 1428
f 1425 1428 1427
f 1426 1517 1522
f 1426 1522 1430
f 1429 1518 1519
f 1429 1519 1520
f 1429 1520 1521
f 1429 1521 1517
f 1431 1522 1517
f 1431 1517 1521
f 1431 1521 1523
f 1431 1523 1432
f 1432 1523 1434
f 1432 1434 1433
f 1434 1523 1524
f 1434 1524 1435
f 1435 1524 1525
f 1435 1525 1526
f 1435 1526 1527
f 1435 1527 1436
f 1436 1527 1494
f 1436 1494 1437
f 1438 1458 1442
f 1439 1528 1529
f 1439 1529 1440
f 1439 1441 1530
f 1439 1530 1528
f 1440 1529 1531
f 1440 1531 1444
f 1441 1443 1458
f 1441 1458 1532
f 1441 1532 1533
f 1441 1533 1534
f 1441 1534 1535
f 1441 1535 1530
f 1442 1458 1443
f 1444 1529 1536
f 1444 1536 1537
f 1444 1537 1538
f 1444 1538 1539
f 1444 1539 1445
f 1444 1531 1529
f 1445 1539 1446
f 1446 1539 1540
f 1446 1540 1447
f 1447 1540 1541
f 1447 1541 1448
f 1448 1542 1459
f 1448 1541 1542
f 1449 1543 1544
f 1449 1544 1450
f 1450 1544 1545
f 1450 1545 1546
f 1450 1546 1451
f 1451 1546 1547
f 1451 1547 1548
f 1451 1548 1549
f 1451 1549 1453
f 1451 1453 1452
f 1453 1549 1550
f 1453 1550 1551
f 1453 1551 1455
f 1453 1455 1454
f 1455 1551 1550
f 1455 1550 1552
f 1455 1552 1553
f 1455 1553 1554
f 1455 1554 1456
f 1456 1554 1555
f 1456 1555 1556
f 1456 1556 1532
f 1456 1532 1457
f 1457 1532 1458
f 1459 1557 1558
f 1459 1558 1460
f 1459 1542 1557
f 1460 1558 1559
f 1460 1559 1560
f 1460 1560 1461
f 1461 1560 1561
f 1461 1561 1562
f 1461 1562 1462
f 1462 1562 1466
f 1462 1466 1463
f 1465 1467 1563
f 1465 1563 1470
f 1466 1562 1467
f 1467 1562 1561
f 1467 1561 1563
f 1468 1469 1564
f 1468 1564 1471
f 1469 1470 1565
f 1469 1565 1564
f 1470 1563 1566
f 1470 1566 1565
f 1471 1564 1567
f 1471 1567 1472
f 1472 1567 1568
f 1472 1568 1473
f 1473 1568 1474
f 1474 1568 1569
f 1474 1569 1570
f 1474 1570 1475
f 1475 1570 1476
f 1476 1570 1571
f 1476 1571 1482
f 1476 1482 1477
f 1478 1572 1481
f 1479 1573 1581
f 1479 1581 1485
f 1481 1572 1574
f 1481 1574 1575
f 1481 1575 1576
f 1481 1576 1573
f 1482 1571 1577
f 1482 1577 1578
f 1482 1578 1483
f 1483 1578 1484
f 1484 1578 1579
f 1484 1579 1662
f 1484 1662 1572
f 1485 1580 1486
f 1485 1581 1669
f 1485 1669 1580
f 1486 1580 1669
f 1486 1669 1582
f 1486 1582 1585
f 1486 1585 1487
f 1487 1583 1584
f 1487 1584 1488
f 1487 1585 1671
f 1487 1671 1583
f 1488 1584 1586
f 1488 1586 1587
f 1488 1587 1588
f 1488 1588 1489
f 1489 1588 1587
f 1489 1587 1490
f 1490 1587 1589
f 1490 1589 1509
f 1494 1527 1590
f 1494 1590 1591
f 1495 1591 1592
f 1495 1592 1501
f 1497 1500 1498
f 1498 1500 1593
f 1498 1593 1499
f 1500 1505 1594
f 1500 1594 1593
f 1501 1592 1595
f 1501 1595 1596
f 1501 1596 1502
f 1502 1596 1597
f 1502 1597 1598
f 1502 1598 1506
f 1503 1506 1599
f 1503 1599 1594
f 1503 1594 1504
f 1504 1594 1505
f 1506 1600 1599
f 1506 1598 1600
f 1507 1511 1601
f 1507 1601 1602
f 1507 1602 1603
f 1507 1603 1508
f 1508 1603 1689
f 1508 1689 1690
f 1508 1690 1604
f 1508 1604 1610
f 1508 1610 1605
f 1508 1605 1512
f 1509 1589 1606
f 1509 1606 1510
f 1510 1606 1607
f 1510 1607 1511
f 1511 1607 1608
f 1511 1608 1601
f 1512 1605 1513
f 1513 1605 1514
f 1514 1605 1610
f 1514 1610 1609
f 1515 1610 1611
f 1515 1611 1612
f 1515 1612 1613
f 1515 1613 1516
f 1515 1609 1610
f 1516 1613 1519
f 1516 1519 1518
f 1519 1613 1614
f 1519 1614 1520
f 1520 1614 1615
f 1520 1615 1616
f 1520 1616 1521
f 1521 1616 1617
f 1521 1617 1523
f 1523 1617 1618
f 1523 1618 1619
f 1523 1619 1524
f 1524 1619 1620
f 1524 1620 1525
f 1525 1620 1621
f 1525 1621 1590
f 1525 1590 1526
f 1526 1590 1527
f 1528 1530 1529
f 1529 1622 1623
f 1529 1623 1624
f 1529 1624 1537
f 1529 1537 1536
f 1529 1530 1625
f 1529 1625 1626
f 1529 1626 1622
f 1530 1535 1625
f 1532 1556 1627
f 1532 1627 1628
f 1532 1628 1629
f 1532 1629 1534
f 1532 1534 1533
f 1534 1629 1630
f 1534 1630 1535
f 1535 1630 1631
f 1535 1631 1625
f 1537 1624 1632
f 1537 1632 1538
f 1538 1632 1539
f 1539 1632 1633
f 1539 1633 1634
f 1539 1634 1540
f 1540 1634 1541
f 1541 1634 1542
f 1542 1634 1557
f 1543 1635 1636
f 1543 1636 1544
f 1544 1636 1637
f 1544 1637 1545
f 1545 1637 1547
f 1545 1547 1546
f 1547 1637 1636
f 1547 1636 1638
f 1547 1638 1548
f 1548 1638 1549
f 1549 1638 1639
f 1549 1639 1640
f 1549 1640 1552
f 1549 1552 1550
f 1552 1640 1641
f 1552 1641 1642
f 1552 1642 1643
f 1552 1643 1644
f 1552 1644 1645
f 1552 1645 1553
f 1553 1645 1554
f 1554 1645 1555
f 1555 1645 1646
f 1555 1646 1556
f 1556 1646 1647
f 1556 1647 1648
f 1556 1648 1627
f 1557 1649 1650
f 1557 1650 1559
f 1557 1559 1558
f 1557 1634 1651
f 1557 1651 1649
f 1559 1652 1653
f 1559 1653 1560
f 1559 1650 1652
f 1560 1653 1561
f 1561 1654 1563
f 1561 1653 1654
f 1563 1654 1566
f 1564 1565 1567
f 1565 1655 1567
f 1565 1566 1656
f 1565 1656 1655
f 1566 1654 1657
f 1566 1657 1656
f 1567 1655 1568
f 1568 1655 1658
f 1568 1658 1659
f 1568 1659 1569
f 1569 1659 1660
f 1569 1660 1570
f 1570 1660 1571
f 1571 1660 1661
f 1571 1661 1577
f 1572 1662 1574
f 1573 1576 1663
f 1573 1663 1581
f 1574 1662 1664
f 1574 1664 1665
f 1574 1665 1575
f 1575 1665 1663
f 1575 1663 1576
f 1577 1661 1666
f 1577 1666 1578
f 1578 1666 1579
f 1579 1666 1667
f 1579 1667 1668
f 1579 1668 1662
f 1581 1663 1582
f 1581 1582 1669
f 1582 1663 1585
f 1583 1670 1586
f 1583 1586 1584
f 1583 1671 1767
f 1583 1767 1672
f 1583 1672 1670
f 1585 1663 1673
f 1585 1673 1671
f 1586 1674 1587
f 1586 1670 1674
f 1587 1674 1589
f 1589 1674 1675
f 1589 1675 1672
f 1589 1672 1606
f 1590 1621 1676
f 1590 1676 1677
f 1590 1677 1678
f 1590 1678 1591
f 1591 1678 1592
f 1592 1679 1680
f 1592 1680 1595
f 1592 1678 1676
f 1592 1676 1679
f 1594 1599 1681
f 1594 1681 1682
f 1595 1680 1596
f 1596 1680 1683
f 1596 1683 1597
f 1597 1683 1600
f 1597 1600 1598
f 1599 1600 1684
f 1599 1684 1681
f 1600 1683 1685
f 1600 1685 1686
f 1600 1686 1681
f 1600 1681 1684
f 1601 1608 1694
f 1601 1694 1687
f 1601 1687 1688
f 1601 1688 1602
f 1602 1688 1689
f 1602 1689 1603
f 1604 1690 1688
f 1604 1688 1691
f 1604 1691 1611
f 1604 1611 1610
f 1606 1672 1767
f 1606 1767 1692
f 1606 1692 1693
f 1606 1693 1607
f 1607 1693 1694
f 1607 1694 1608
f 1611 1695 1696
f 1611 1696 1697
f 1611 1697 1612
f 1611 1691 1781
f 1611 1781 1695
f 1612 1697 1698
f 1612 1698 1699
f 1612 1699 1613
f 1613 1699 1614
f 1614 1699 1700
f 1614 1700 1615
f 1615 1701 1702
f 1615 1702 1703
f 1615 1703 1616
f 1615 1700 1701
f 1616 1703 1618
f 1616 1618 1617
f 1618 1703 1704
f 1618 1704 1705
f 1618 1705 1620
f 1618 1620 1619
f 1620 1705 1621
f 1621 1706 1707
f 1621 1707 1676
f 1621 1705 1708
f 1621 1708 1709
f 1621 1709 1706
f 1622 1710 1711
f 1622 1711 1712
f 1622 1712 1623
f 1622 1626 1710
f 1623 1712 1624
f 1624 1712 1713
f 1624 1713 1714
f 1624 1714 1715
f 1624 1715 1716
f 1624 1716 1717
f 1624 1717 1718
f 1624 1718 1719
f 1624 1719 1632
f 1625 1631 1626
f 1626 1631 1720
f 1626 1720 1721
f 1626 1721 1722
f 1626 1722 1710
f 1627 1648 1723
f 1627 1723 1724
f 1627 1724 1630
f 1627 1630 1629
f 1627 1629 1628
f 1630 1724 1725
f 1630 1725 1726
f 1630 1726 1631
f 1631 1726 1727
f 1631 1727 1721
f 1631 1721 1720
f 1632 1719 1718
f 1632 1718 1728
f 1632 1728 1729
f 1632 1729 1633
f 1633 1729 1634
f 1634 1729 1651
f 1635 1730 1731
f 1635 1731 1732
f 1635 1732 1636
f 1636 1732 1638
f 1638 1732 1733
f 1638 1733 1640
f 1638 1640 1639
f 1640 1733 1734
f 1640 1734 1735
f 1640 1735 1736
f 1640 1736 1641
f 1641 1736 1642
f 1642 1736 1737
f 1642 1737 1738
f 1642 1738 1739
f 1642 1739 1643
f 1643 1739 1644
f 1644 1739 1645
f 1645 1739 1740
f 1645 1740 1647
f 1645 1647 1646
f 1647 1740 1741
f 1647 1741 1724
f 1647 1724 1648
f 1648 1724 1723
f 1649 1651 1729
f 1649 1729 1742
f 1649 1742 1743
f 1649 1743 1744
f 1649 1744 1650
f 1650 1744 1652
f 1652 1744 1745
f 1652 1745 1746
f 1652 1746 1653
f 1653 1746 1654
f 1654 1746 1657
f 1655 1656 1658
f 1656 1747 1658
f 1656 1657 1747
f 1657 1746 1748
f 1657 1748 1747
f 1658 1749 1659
f 1658 1747 1749
f 1659 1749 1660
f 1660 1749 1661
f 1661 1749 1666
f 1662 1668 1750
f 1662 1750 1751
f 1662 1751 1664
f 1663 1665 1752
f 1663 1752 1753
f 1663 1753 1754
f 1663 1754 1755
f 1663 1755 1756
f 1663 1756 1757
f 1663 1757 1673
f 1664 1751 1665
f 1665 1751 1758
f 1665 1758 1759
f 1665 1759 1752
f 1666 1749 1760
f 1666 1760 1761
f 1666 1761 1762
f 1666 1762 1667
f 1667 1761 1763
f 1667 1763 1764
f 1667 1764 1765
f 1667 1765 1668
f 1667 1762 1761
f 1668 1765 1750
f 1670 1672 1674
f 1671 1673 1766
f 1671 1766 1767
f 1672 1675 1674
f 1673 1757 1756
f 1673 1756 1768
f 1673 1768 1769
f 1673 1769 1770
f 1673 1770 1766
f 1676 1678 1677
f 1676 1707 1680
f 1676 1680 1679
f 1680 1707 1771
f 1680 1771 1772
f 1680 1772 1683
f 1681 1686 1773
f 1681 1773 1682
f 1683 1772 1774
f 1683 1774 1775
f 1683 1775 1686
f 1683 1686 1685
f 1686 1775 1774
f 1686 1774 1776
f 1686 1776 1777
f 1686 1777 1778
f 1686 1778 1773
f 1687 1694 1779
f 1687 1779 1780
f 1687 1780 1781
f 1687 1781 1688
f 1688 1781 1691
f 1688 1690 1689
f 1692 1767 1782
f 1692 1782 1783
f 1692 1783 1784
f 1692 1784 1693
f 1693 1784 1779
f 1693 1779 1694
f 1695 1785 1786
f 1695 1786 1696
f 1695 1781 1780
f 1695 1780 1785
f 1696 1786 1787
f 1696 1787 1697
f 1697 1787 1788
f 1697 1788 1698
f 1698 1788 1700
f 1698 1700 1699
f 1700 1789 1701
f 1700 1788 1787
f 1700 1787 1790
f 1700 1790 1791
f 1700 1791 1789
f 1701 1791 1792
f 1701 1792 1793
f 1701 1793 1794
f 1701 1794 1704
f 1701 1704 1702
f 1701 1789 1791
f 1702 1704 1703
f 1704 1795 1709
f 1704 1709 1708
f 1704 1708 1705
f 1704 1794 1795
f 1706 1709 1796
f 1706 1796 1797
f 1706 1797 1707
f 1707 1797 1771
f 1709 1795 1793
f 1709 1793 1798
f 1709 1798 1799
f 1709 1799 1800
f 1709 1800 1796
f 1710 1712 1711
f 1710 1722 1712
f 1712 1722 1801
f 1712 1801 1713
f 1713 1802 1716
f 1713 1716 1714
f 1713 1801 1803
f 1713 1803 1804
f 1713 1804 1802
f 1714 1716 1715
f 1716 1805 1806
f 1716 1806 1807
f 1716 1807 1808
f 1716 1808 1809
f 1716 1809 1810
f 1716 1810 1718
f 1716 1718 1717
f 1716 1802 1811
f 1716 1811 1805
f 1718 1810 1809
f 1718 1809 1812
f 1718 1812 1813
f 1718 1813 1814
f 1718 1814 1729
f 1718 1729 1728
f 1721 1815 1722
f 1721 1727 1815
f 1722 1815 1801
f 1724 1741 1816
f 1724 1816 1725
f 1725 1816 1817
f 1725 1817 1726
f 1726 1818 1819
f 1726 1819 1820
f 1726 1820 1821
f 1726 1821 1727
f 1726 1817 1818
f 1727 1821 1815
f 1729 1814 1813
f 1729 1813 1742
f 1730 1822 1731
f 1731 1822 1823
f 1731 1823 1824
f 1731 1824 1732
f 1732 1824 1825
f 1732 1825 1733
f 1733 1826 1827
f 1733 1827 1828
f 1733 1828 1734
f 1733 1825 1826
f 1734 1828 1735
f 1735 1828 1736
f 1736 1739 1738
f 1736 1738 1737
f 1736 1828 1829
f 1736 1829 1830
f 1736 1830 1740
f 1736 1740 1739
f 1740 1830 1831
f 1740 1831 1832
f 1740 1832 1833
f 1740 1833 1834
f 1740 1834 1835
f 1740 1835 1741
f 1741 1835 1836
f 1741 1836 1816
f 1742 1813 1743
f 1743 1813 1837
f 1743 1837 1744
f 1744 1837 1745
f 1745 1838 1746
f 1745 1837 1838
f 1746 1838 1748
f 1747 1748 1839
f 1747 1839 1840
f 1747 1840 1749
f 1748 1838 1839
f 1749 1840 1841
f 1749 1841 1760
f 1750 1842 1751
f 1750 1765 1843
f 1750 1843 1844
f 1750 1844 1842
f 1751 1842 1845
f 1751 1845 1846
f 1751 1846 1847
f 1751 1847 1758
f 1752 1759 1753
f 1753 1759 1754
f 1754 1759 1847
f 1754 1847 1848
f 1754 1848 1755
f 1755 1848 1849
f 1755 1849 1850
f 1755 1850 1851
f 1755 1851 1768
f 1755 1768 1756
f 1758 1847 1759
f 1760 1841 1761
f 1761 1841 1852
f 1761 1852 1853
f 1761 1853 1763
f 1763 1853 1854
f 1763 1854 1764
f 1764 1854 1855
f 1764 1855 1765
f 1765 1855 1856
f 1765 1856 1843
f 1766 1770 1767
f 1767 1770 1782
f 1768 1851 1769
f 1769 1782 1770
f 1769 1851 1857
f 1769 1857 1782
f 1771 1797 1858
f 1771 1858 1859
f 1771 1859 1860
f 1771 1860 1861
f 1771 1861 1772
f 1772 1860 1862
f 1772 1862 1774
f 1772 1861 1860
f 1773 1778 1863
f 1773 1863 1864
f 1774 1862 1865
f 1774 1865 1866
f 1774 1866 1776
f 1776 1866 1777
f 1777 1866 1867
f 1777 1867 1868
f 1777 1868 1778
f 1778 1868 1867
f 1778 1867 1863
f 1779 1784 1869
f 1779 1869 1780
f 1780 1869 1870
f 1780 1870 1785
f 1782 1857 1783
f 1783 1857 1944
f 1783 1944 1869
f 1783 1869 1784
f 1785 1870 1786
f 1786 1871 1872
f 1786 1872 1790
f 1786 1790 1787
f 1786 1870 1959
f 1786 1959 1871
f 1790 1872 1873
f 1790 1873 1791
f 1791 1874 1875
f 1791 1875 1876
f 1791 1876 1877
f 1791 1877 1793
f 1791 1793 1792
f 1791 1873 1874
f 1793 1877 1876
f 1793 1876 1878
f 1793 1878 1879
f 1793 1879 1798
f 1793 1795 1794
f 1796 1800 1797
f 1797 1800 1858
f 1798 1879 1799
f 1799 1879 1878
f 1799 1878 1880
f 1799 1880 1881
f 1799 1881 1882
f 1799 1882 1883
f 1799 1883 1800
f 1800 1883 1884
f 1800 1884 1859
f 1800 1859 1858
f 1801 1815 1803
f 1802 1804 1811
f 1803 1815 1821
f 1803 1821 1804
f 1804 1821 1885
f 1804 1885 1886
f 1804 1886 1887
f 1804 1887 1811
f 1805 1888 1806
f 1805 1811 1889
f 1805 1889 1888
f 1806 1888 1890
f 1806 1890 1807
f 1807 1891 1892
f 1807 1892 1893
f 1807 1893 1894
f 1807 1894 1895
f 1807 1895 1809
f 1807 1809 1808
f 1807 1890 1896
f 1807 1896 1897
f 1807 1897 1891
f 1809 1895 1898
f 1809 1898 1899
f 1809 1899 1900
f 1809 1900 1901
f 1809 1901 1813
f 1809 1813 1812
f 1811 1887 1889
f 1813 1901 1900
f 1813 1900 1902
f 1813 1902 1837
f 1816 1836 1903
f 1816 1903 1904
f 1816 1904 1905
f 1816 1905 1818
f 1816 1818 1817
f 1818 1904 1906
f 1818 1906 1819
f 1818 1905 1904
f 1819 1906 1820
f 1820 1906 1907
f 1820 1907 1821
f 1821 1908 1885
f 1821 1907 1906
f 1821 1906 1908
f 1823 1909 1910
f 1823 1910 1911
f 1823 1911 1824
f 1824 1911 1912
f 1824 1912 1825
f 1825 1912 1913
f 1825 1913 1826
f 1826 1913 1827
f 1827 1913 1914
f 1827 1914 1828
f 1828 1914 1915
f 1828 1915 1916
f 1828 1916 1829
f 1829 1831 1830
f 1829 1916 1917
f 1829 1917 1918
f 1829 1918 1831
f 1831 1918 1833
f 1831 1833 1832
f 1833 1918 1919
f 1833 1919 1834
f 1834 1919 1835
f 1835 1920 1921
f 1835 1921 1836
f 1835 1919 1920
f 1836 1921 1903
f 1837 1902 1900
f 1837 1900 1922
f 1837 1922 1838
f 1838 1922 1923
f 1838 1923 1924
f 1838 1924 1839
f 1839 1924 1841
f 1839 1841 1840
f 1841 1924 1852
f 1842 1844 1925
f 1842 1925 1845
f 1843 1856 1844
f 1844 1926 1943
f 1844 1943 1925
f 1844 1856 1926
f 1845 1925 1927
f 1845 1927 1846
f 1846 1928 1847
f 1846 1927 1925
f 1846 1925 1929
f 1846 1929 1930
f 1846 1930 1928
f 1847 1928 1931
f 1847 1931 1932
f 1847 1932 1848
f 1848 1932 1849
f 1849 1932 1850
f 1850 1931 2008
f 1850 2008 1933
f 1850 1933 1851
f 1850 1932 1931
f 1851 1933 1857
f 1852 1924 1923
f 1852 1923 1853
f 1853 1923 1854
f 1854 1923 1934
f 1854 1934 1898
f 1854 1898 1935
f 1854 1935 1855
f 1855 1935 1936
f 1855 1936 1937
f 1855 1937 1938
f 1855 1938 1939
f 1855 1939 1940
f 1855 1940 1941
f 1855 1941 1942
f 1855 1942 1856
f 1856 1942 1943
f 1856 1943 1926
f 1857 1933 1944
f 1859 1945 1860
f 1859 1884 1946
f 1859 1946 1947
f 1859 1947 1945
f 1860 1947 1948
f 1860 1948 1949
f 1860 1949 1950
f 1860 1950 1862
f 1860 1945 1947
f 1862 1950 1951
f 1862 1951 1952
f 1862 1952 1953
f 1862 1953 1954
f 1862 1954 1865
f 1863 1867 1955
f 1863 1955 1864
f 1864 1955 1956
f 1865 1954 1953
f 1865 1953 1957
f 1865 1957 1867
f 1865 1867 1866
f 1867 1957 1955
f 1869 1944 1958
f 1869 1958 1959
f 1869 1959 1870
f 1871 1960 1872
f 1871 1959 1961
f 1871 1961 1962
f 1871 1962 1960
f 1872 1963 1964
f 1872 1964 1873
f 1872 1960 1965
f 1872 1965 1966
f 1872 1966 1963
f 1873 1964 1967
f 1873 1967 1874
f 1874 1968 1969
f 1874 1969 1970
f 1874 1970 1971
f 1874 1971 1878
f 1874 1878 1875
f 1874 1967 1972
f 1874 1972 1968
f 1875 1878 1876
f 1878 1971 1970
f 1878 1970 1881
f 1878 1881 1880
f 1881 1970 1882
f 1882 1970 1973
f 1882 1973 1974
f 1882 1974 1975
f 1882 1975 1883
f 1883 1975 1976
f 1883 1976 1884
f 1884 1977 1947
f 1884 1947 1946
f 1884 1976 1978
f 1884 1978 1977
f 1885 1979 1886
f 1885 1908 1979
f 1886 1980 1887
f 1886 1979 1980
f 1887 1980 1981
f 1887 1981 1982
f 1887 1982 1889
f 1888 1896 1890
f 1888 1889 1896
f 1889 1982 1896
f 1891 1983 1892
f 1891 1897 1983
f 1892 1983 1937
f 1892 1937 1893
f 1893 1937 1894
f 1894 1937 1936
f 1894 1936 1935
f 1894 1935 1898
f 1894 1898 1895
f 1896 1982 1897
f 1897 1982 1984
f 1897 1984 1985
f 1897 1985 1986
f 1897 1986 1987
f 1897 1987 1988
f 1897 1988 1983
f 1898 1934 1900
f 1898 1900 1899
f 1900 1934 1923
f 1900 1923 1922
f 1903 1921 1904
f 1904 1921 1989
f 1904 1989 1990
f 1904 1990 1991
f 1904 1991 1906
f 1906 1991 1908
f 1908 1991 1992
f 1908 1992 1979
f 1909 1993 1910
f 1910 1994 1995
f 1910 1995 1996
f 1910 1996 1911
f 1910 1993 1994
f 1911 1996 1912
f 1912 1996 1913
f 1913 1996 1997
f 1913 1997 1914
f 1914 1997 1998
f 1914 1998 1999
f 1914 1999 2000
f 1914 2000 1915
f 1915 2000 1916
f 1916 2000 2001
f 1916 2001 1917
f 1917 2001 2002
f 1917 2002 2003
f 1917 2003 1919
f 1917 1919 1918
f 1919 2003 1920
f 1920 2003 1921
f 1921 2003 2004
f 1921 2004 2005
f 1921 2005 1989
f 1925 1943 2006
f 1925 2006 1929
f 1928 1930 2007
f 1928 2007 2008
f 1928 2008 1931
f 1929 2006 1930
f 1930 2006 2009
f 1930 2009 2007
f 1933 2008 2009
f 1933 2009 1958
f 1933 1958 1944
f 1937 1983 1988
f 1937 1988 2010
f 1937 2010 2011
f 1937 2011 1938
f 1938 2012 1939
f 1938 2011 2012
f 1939 2012 1940
f 1940 2013 1943
f 1940 1943 2014
f 1940 2014 1941
f 1940 2012 2015
f 1940 2015 2013
f 1941 2014 1942
f 1942 2014 1943
f 1943 2013 2016
f 1943 2016 2006
f 1947 2017 2002
f 1947 2002 2001
f 1947 2001 2018
f 1947 2018 1949
f 1947 1949 1948
f 1947 1977 2017
f 1949 1951 1950
f 1949 2018 1951
f 1951 2018 2001
f 1951 2001 2000
f 1951 2000 1953
f 1951 1953 1952
f 1953 2000 1998
f 1953 1998 1997
f 1953 1997 2019
f 1953 2019 1957
f 1955 1957 2019
f 1955 2019 2020
f 1955 2020 1956
f 1958 2009 1962
f 1958 1962 1961
f 1958 1961 1959
f 1960 1962 1965
f 1962 2009 2021
f 1962 2021 1966
f 1962 1966 1965
f 1963 2022 2023
f 1963 2023 1972
f 1963 1972 2024
f 1963 2024 1964
f 1963 1966 2025
f 1963 2025 2026
f 1963 2026 2022
f 1964 2024 1967
f 1966 2021 2025
f 1967 2024 1972
f 1968 2027 2028
f 1968 2028 2029
f 1968 2029 2030
f 1968 2030 1970
f 1968 1970 1969
f 1968 1972 2023
f 1968 2023 2031
f 1968 2031 2027
f 1970 2030 2032
f 1970 2032 2033
f 1970 2033 1973
f 1973 2033 1974
f 1974 2033 2032
f 1974 2032 2034
f 1974 2034 2035
f 1974 2035 2036
f 1974 2036 2037
f 1974 2037 2038
f 1974 2038 1975
f 1975 2037 2039
f 1975 2039 2040
f 1975 2040 1976
f 1975 2038 2037
f 1976 2041 2005
f 1976 2005 2004
f 1976 2004 2042
f 1976 2042 1978
f 1976 2040 2041
f 1977 1978 2017
f 1978 2042 2017
f 1979 1992 2037
f 1979 2037 2035
f 1979 2035 1980
f 1980 2035 2043
f 1980 2043 1984
f 1980 1984 1981
f 1981 1984 1982
f 1984 2043 1985
f 1985 2043 2044
f 1985 2044 1986
f 1986 2044 2045
f 1986 2045 1987
f 1987 2045 2046
f 1987 2046 2047
f 1987 2047 1988
f 1988 2047 2010
f 1989 2005 2041
f 1989 2041 1991
f 1989 1991 1990
f 1991 2041 1992
f 1992 2041 2037
f 1994 2020 1995
f 1995 2020 2048
f 1995 2048 2019
f 1995 2019 1996
f 1996 2019 1997
f 1998 2000 1999
f 2002 2017 2003
f 2003 2017 2004
f 2004 2017 2049
f 2004 2049 2042
f 2006 2016 2050
f 2006 2050 2009
f 2007 2009 2008
f 2009 2050 2051
f 2009 2051 2025
f 2009 2025 2021
f 2010 2047 2046
f 2010 2046 2011
f 2011 2046 2052
f 2011 2052 2015
f 2011 2015 2012
f 2013 2053 2050
f 2013 2050 2016
f 2013 2015 2053
f 2015 2052 2054
f 2015 2054 2022
f 2015 2022 2053
f 2017 2042 2049
f 2019 2048 2020
f 2022 2054 2055
f 2022 2055 2023
f 2022 2026 2050
f 2022 2050 2053
f 2023 2055 2031
f 2025 2051 2050
f 2025 2050 2026
f 2027 2031 2052
f 2027 2052 2028
f 2028 2056 2045
f 2028 2045 2032
f 2028 2032 2029
f 2028 2052 2056
f 2029 2032 2030
f 2031 2055 2054
f 2031 2054 2052
f 2032 2045 2043
f 2032 2043 2035
f 2032 2035 2034
f 2035 2037 2036
f 2037 2041 2039
f 2039 2041 2040
f 2043 2045 2044
f 2045 2056 2052
f 2045 2052 2046
