# https://github.com/mikedh/trimesh
v 0.02519196 -0.03021017 0.02652663
v 0.02059389 -0.03021017 0.02652663
v 0.02519196 -0.03806306 0.02652663
v 0.02519196 -0.03021017 0.01953254
v 0.01706462 -0.03100640 0.02652663
v 0.02038014 -0.03021017 0.02651727
v 0.01477241 -0.03024917 0.02632078
v 0.01404017 -0.03052433 0.02638628
v 0.01504529 -0.03100640 0.02648920
v 0.01605495 -0.03100640 0.02651727
v 0.02059389 -0.03856788 0.02652663
v 0.02361834 -0.03856788 0.02652195
v 0.02519196 -0.03850396 0.02651727
v 0.01958423 -0.03021017 0.02514652
v 0.02519196 -0.03022317 -0.00417720
v 0.02361834 -0.03022317 -0.00568830
v 0.01202085 -0.03022317 -0.01678060
v 0.01051090 -0.03022317 -0.01779111
v 0.00950123 -0.03022317 -0.01829637
v 0.00849157 -0.03022317 -0.01879695
v 0.00597196 -0.03022317 -0.01980747
v 0.00395717 -0.03022317 -0.02031273
v -0.00410649 -0.03022317 -0.02031273
v -0.00562099 -0.03022317 -0.01980747
v -0.00713094 -0.03022317 -0.01930221
v -0.00914572 -0.03022317 -0.01829637
v -0.01116505 -0.03022317 -0.01728586
v -0.01267500 -0.03022317 -0.01627534
v -0.01317983 -0.03022317 -0.01577476
v -0.01519916 -0.03022317 -0.01375840
v -0.01570399 -0.03022317 -0.01325314
v 0.01706462 -0.03856788 0.02652663
v 0.02008906 -0.03021017 0.02649856
v 0.01353534 -0.03055900 0.02637224
v 0.01000606 -0.03023725 0.02583423
v 0.00960129 -0.03024267 0.02582488
v 0.00926474 -0.03025242 0.02580149
v 0.01404017 -0.03100640 0.02645177
v 0.01454501 -0.03251870 0.02647517
v 0.01555012 -0.03251870 0.02650791
v 0.01605495 -0.03856788 0.02651727
v 0.01756945 -0.03907162 0.02651259
v 0.01958423 -0.03907162 0.02650791
v 0.02462801 -0.03856788 0.02651727
v 0.02519196 -0.03856788 0.02651259
v 0.01917036 -0.03021017 0.02556289
v 0.02519196 -0.03023509 -0.00465907
v 0.02512829 -0.03023400 -0.00468246
v 0.01454501 -0.03022642 -0.01476424
v 0.01404017 -0.03022859 -0.01526950
v 0.01249384 -0.03023400 -0.01674785
v 0.01202085 -0.03023617 -0.01714551
v 0.01098389 -0.03023400 -0.01776304
v 0.01079742 -0.03024159 -0.01805778
v 0.00950123 -0.03023617 -0.01861450
v 0.00849157 -0.03023617 -0.01910105
v 0.00778208 -0.03024159 -0.01956888
v 0.00748645 -0.03022425 -0.01930221
v 0.00597196 -0.03023617 -0.02008817
v 0.00446201 -0.03022859 -0.02031273
v 0.00395717 -0.03023617 -0.02058875
v 0.00043244 -0.03022967 -0.02081331
v -0.00612127 -0.03023834 -0.02008349
v -0.00612127 -0.03022534 -0.01980747
v -0.00007239 -0.03022967 -0.02081331
v -0.00057722 -0.03023075 -0.02081331
v -0.00057722 -0.03024375 -0.02107530
v -0.00410649 -0.03023725 -0.02058407
v -0.00447943 -0.03024159 -0.02057472
v -0.00864543 -0.03022425 -0.01879695
v -0.00965055 -0.03022425 -0.01829637
v -0.01066022 -0.03022750 -0.01779111
v -0.01217471 -0.03022750 -0.01678060
v -0.01262952 -0.03023725 -0.01674317
v -0.01314799 -0.03023400 -0.01624727
v -0.01417585 -0.03023400 -0.01525546
v -0.01468068 -0.03023400 -0.01475488
v -0.01620427 -0.03022317 -0.01274788
v 0.01605495 -0.03907162 0.02650791
v 0.01706462 -0.03907162 0.02651259
v 0.01987530 -0.03021017 0.02647984
v 0.01303051 -0.03061641 0.02635353
v 0.01000606 -0.03022425 0.02556289
v 0.00698162 -0.03023834 0.02532898
v 0.00665416 -0.03024375 0.02531962
v 0.00648134 -0.03046908 0.02538044
v 0.00858708 -0.03064999 0.02583891
v 0.00899640 -0.03055141 0.02587166
v 0.00946030 -0.03045283 0.02589973
v 0.01252568 -0.03069116 0.02633481
v 0.01353534 -0.03100640 0.02642370
v 0.01404017 -0.03352726 0.02645645
v 0.01454501 -0.03755932 0.02647984
v 0.01504529 -0.03856788 0.02649856
v 0.01706462 -0.03957536 0.02643306
v 0.02059389 -0.03907162 0.02650324
v 0.02109873 -0.03907162 0.02649856
v 0.02361834 -0.03907162 0.02647517
v 0.02462801 -0.03907162 0.02646113
v 0.02519196 -0.03907162 0.02645177
v 0.01911123 -0.03021017 0.02606815
v -0.01822360 -0.03022317 -0.00972569
v -0.01872843 -0.03022317 -0.00871517
v -0.01973355 -0.03022317 -0.00619356
v -0.02023838 -0.03022317 -0.00417720
v -0.02074321 -0.03022317 -0.00064974
v 0.02519196 -0.03027192 -0.00488363
v 0.02496001 -0.03024159 -0.00497251
v 0.01480424 -0.03024592 -0.01502623
v 0.01499981 -0.03023942 -0.01472214
v 0.01449498 -0.03024159 -0.01522272
v 0.01230737 -0.03024159 -0.01705194
v 0.01429486 -0.03024809 -0.01552213
v 0.01173432 -0.03025892 -0.01750106
v 0.01030624 -0.03064891 -0.01857707
v 0.00999242 -0.03048966 -0.01864257
v 0.01015160 -0.03031309 -0.01844140
v 0.00915103 -0.03030008 -0.01895134
v 0.00981505 -0.03024159 -0.01856304
v 0.00881448 -0.03024159 -0.01906830
v 0.00748645 -0.03023725 -0.01958291
v 0.00898730 -0.03048208 -0.01914783
v 0.00931476 -0.03063591 -0.01908233
v 0.00796400 -0.03051241 -0.01962502
v 0.00683608 -0.03061858 -0.02009753
v 0.00647679 -0.03047125 -0.02014899
v 0.00630851 -0.03024159 -0.02007414
v 0.00446201 -0.03024159 -0.02057472
v 0.00121926 -0.03024917 -0.02107062
v 0.00093728 -0.03024592 -0.02107062
v 0.00043244 -0.03024267 -0.02107530
v -0.00642144 -0.03024375 -0.02006946
v -0.00763577 -0.03024159 -0.01957355
v -0.00763577 -0.03022750 -0.01930221
v -0.00007239 -0.03024267 -0.02107530
v -0.00057722 -0.03050158 -0.02117354
v -0.00097290 -0.03024700 -0.02107062
v -0.00463407 -0.03045825 -0.02064957
v -0.00481599 -0.03026000 -0.02051858
v -0.00130945 -0.03025134 -0.02105658
v -0.00209172 -0.03056875 -0.02111740
v -0.00259200 -0.03067274 -0.02108465
v -0.00893196 -0.03024159 -0.01906362
v -0.00993708 -0.03024159 -0.01855836
v -0.01012355 -0.03023400 -0.01826362
v -0.01111957 -0.03023725 -0.01775369
v -0.01243395 -0.03024700 -0.01703791
v -0.01296153 -0.03024159 -0.01655136
v -0.01092400 -0.03024592 -0.01804842
v -0.01399847 -0.03024159 -0.01556423
v -0.01450331 -0.03024159 -0.01507769
v -0.01500814 -0.03024159 -0.01457711
v -0.01518551 -0.03023400 -0.01424495
v -0.01617699 -0.03023400 -0.01322039
v -0.01670911 -0.03022534 -0.01224263
v 0.01555012 -0.03907162 0.02649856
v 0.01605495 -0.03957536 0.02642838
v 0.01655979 -0.03957536 0.02643306
v 0.01941595 -0.03021017 0.02640031
v 0.00748645 -0.03022317 0.02505763
v 0.00698162 -0.03022534 0.02505763
v 0.00496229 -0.03023617 0.02483307
v 0.00458026 -0.03024159 0.02481904
v 0.00424370 -0.03025784 0.02477226
v 0.00597196 -0.03063591 0.02534301
v 0.00748645 -0.03100640 0.02567985
v 0.00798673 -0.03100640 0.02576874
v 0.00899640 -0.03100640 0.02593248
v 0.00950123 -0.03100640 0.02601201
v 0.01000606 -0.03100640 0.02608219
v 0.01223915 -0.03073991 0.02632078
v 0.00570362 -0.03073557 0.02531494
v 0.01303051 -0.03100640 0.02638628
v 0.01252568 -0.03655076 0.02635353
v 0.01303051 -0.03705450 0.02639095
v 0.01404017 -0.03856788 0.02645645
v 0.01454501 -0.03856788 0.02647984
v 0.01504529 -0.03907162 0.02648452
v 0.01706462 -0.03987435 0.02634417
v 0.01807428 -0.03957536 0.02642838
v 0.01958423 -0.03957536 0.02641435
v 0.02109873 -0.03956019 0.02639563
v 0.02311351 -0.03948978 0.02638160
v 0.02361834 -0.03947353 0.02637692
v 0.02519196 -0.03942044 0.02635821
v 0.01913852 -0.03021017 0.02630207
v -0.02074321 -0.03022317 0.00036077
v -0.01771877 -0.03022534 -0.01073153
v -0.01852832 -0.03023617 -0.00972569
v -0.01902406 -0.03023617 -0.00871517
v -0.01923327 -0.03022534 -0.00770465
v -0.02001553 -0.03023617 -0.00619356
v -0.02023838 -0.03022642 -0.00468246
v -0.02074321 -0.03022534 -0.00115500
v -0.02101155 -0.03023834 -0.00115500
v -0.02101609 -0.03023725 -0.00064974
v -0.02101609 -0.03023617 -0.00014449
v 0.02519196 -0.03039758 -0.00499591
v 0.02519196 -0.03054491 -0.00509415
v 0.01331704 -0.03066408 -0.01655604
v 0.01460868 -0.03050158 -0.01534435
v 0.01435399 -0.03050158 -0.01557827
v 0.01384916 -0.03060558 -0.01607885
v 0.01185257 -0.03059475 -0.01759462
v 0.01126587 -0.03075074 -0.01804374
v 0.01033352 -0.03100640 -0.01859111
v 0.01000606 -0.03100640 -0.01876421
v 0.00960129 -0.03100640 -0.01897473
v 0.00934660 -0.03100640 -0.01910105
v 0.00899640 -0.03100640 -0.01926946
v 0.00827781 -0.03068791 -0.01956888
v 0.00748645 -0.03100640 -0.01990572
v 0.00714535 -0.03100640 -0.02002735
v 0.00689066 -0.03100640 -0.02011624
v 0.00647679 -0.03100640 -0.02025659
v 0.00597196 -0.03100640 -0.02041097
v 0.00528065 -0.03067491 -0.02057940
v 0.00472579 -0.03024809 -0.02056536
v 0.00244268 -0.03062941 -0.02109869
v 0.00194240 -0.03054708 -0.02112208
v 0.00141027 -0.03046150 -0.02112676
v 0.00093728 -0.03050158 -0.02116418
v 0.00043244 -0.03050158 -0.02117354
v -0.00660337 -0.03050050 -0.02012092
v -0.00789956 -0.03024700 -0.01955952
v -0.00511616 -0.03062074 -0.02060279
v -0.00007239 -0.03100640 -0.02126243
v -0.00057722 -0.03100640 -0.02125775
v -0.00108205 -0.03100640 -0.02123904
v -0.00158688 -0.03051783 -0.02113611
v -0.00111843 -0.03045283 -0.02113611
v -0.00286033 -0.03074316 -0.02107062
v -0.00158688 -0.03100640 -0.02120629
v -0.00209172 -0.03100640 -0.02116418
v -0.00911843 -0.03053191 -0.01911508
v -0.01005078 -0.03050158 -0.01862853
v -0.00941406 -0.03072041 -0.01905894
v -0.01195641 -0.03066516 -0.01756188
v -0.01250672 -0.03050158 -0.01709405
v -0.01394845 -0.03071391 -0.01603674
v -0.01447602 -0.03065541 -0.01555020
v -0.01433503 -0.03031958 -0.01541453
v -0.01100587 -0.03050158 -0.01809988
v -0.01483986 -0.03031092 -0.01491395
v -0.01534469 -0.03031634 -0.01440401
v -0.01549478 -0.03024159 -0.01407185
v -0.01648170 -0.03024159 -0.01303326
v -0.01667272 -0.03023617 -0.01270578
v 0.01504529 -0.03957536 0.02640967
v 0.01555012 -0.03986568 0.02633949
v 0.01655979 -0.03987435 0.02634417
v 0.01916126 -0.03021017 0.02633949
v 0.00496229 -0.03022317 0.02455238
v 0.00294751 -0.03022425 0.02405179
v 0.00294751 -0.03023725 0.02432781
v 0.00263370 -0.03024267 0.02431378
v 0.00395717 -0.03060775 0.02484711
v 0.00443017 -0.03045608 0.02489857
v 0.00245632 -0.03048208 0.02437460
v 0.00698162 -0.03201496 0.02558160
v 0.00698162 -0.03705450 0.02558628
v 0.00798673 -0.03403100 0.02577342
v 0.00597196 -0.03100640 0.02537576
v 0.00647679 -0.03151014 0.02547868
v 0.00825052 -0.03251870 0.02581552
v 0.00899640 -0.03503955 0.02593716
v 0.00950123 -0.03907162 0.02601201
v 0.01000606 -0.03856788 0.02608219
v 0.01051090 -0.03655076 0.02614768
v 0.01051090 -0.03201496 0.02614300
v 0.01151601 -0.03100640 0.02625996
v 0.01222096 -0.03100640 0.02632546
v 0.00367520 -0.03071824 0.02481436
v 0.00496229 -0.03100640 0.02514184
v 0.00544438 -0.03100640 0.02525880
v 0.00569452 -0.03100640 0.02531494
v 0.01252568 -0.03856788 0.02635353
v 0.01220277 -0.03403100 0.02632546
v 0.01303051 -0.03856788 0.02639095
v 0.01404017 -0.03907162 0.02644242
v 0.01353534 -0.03907162 0.02641435
v 0.01454501 -0.03907162 0.02646581
v 0.01404017 -0.03955369 0.02637692
v 0.01807428 -0.03986893 0.02633949
v 0.01706462 -0.04012676 0.02619914
v 0.01756945 -0.04012459 0.02619914
v 0.01807428 -0.04012134 0.02619914
v 0.01907940 -0.03985593 0.02633481
v 0.01958423 -0.03984835 0.02633014
v 0.02008906 -0.03983860 0.02632546
v 0.02043471 -0.03983210 0.02632078
v 0.02210384 -0.03977793 0.02630207
v 0.02361834 -0.03972485 0.02627867
v 0.02519196 -0.03964036 0.02626464
v -0.02023838 -0.03022317 0.00438881
v -0.01923327 -0.03022317 0.00741100
v -0.01822360 -0.03022317 0.00943204
v -0.01771877 -0.03022317 0.01043788
v -0.02101609 -0.03023725 0.00086603
v -0.02074321 -0.03022425 0.00086603
v -0.01849193 -0.03024159 -0.01002042
v -0.01768238 -0.03023617 -0.01119468
v -0.01899677 -0.03024159 -0.00901926
v -0.01949250 -0.03024267 -0.00799471
v -0.01951070 -0.03023834 -0.00770465
v -0.02000188 -0.03024159 -0.00652572
v -0.02050672 -0.03023942 -0.00468246
v -0.02052036 -0.03023617 -0.00417720
v -0.02074321 -0.03022859 -0.00165558
v -0.02100700 -0.03024267 -0.00165558
v -0.02114799 -0.03050158 -0.00064974
v -0.02115254 -0.03050158 -0.00014449
v -0.02115254 -0.03050158 0.00036077
v 0.02519196 -0.03100640 -0.00520643
v 0.01413113 -0.03100640 -0.01588704
v 0.01388099 -0.03100640 -0.01610692
v 0.01358537 -0.03100640 -0.01635955
v 0.01333068 -0.03100640 -0.01657007
v 0.01303051 -0.03100640 -0.01680399
v 0.01275308 -0.03100640 -0.01701451
v 0.01250294 -0.03100640 -0.01720165
v 0.01493159 -0.03100640 -0.01515254
v 0.01466780 -0.03100640 -0.01540049
v 0.01441766 -0.03100640 -0.01563441
v 0.01214819 -0.03100640 -0.01745428
v 0.01189805 -0.03100640 -0.01762269
v 0.01152056 -0.03100640 -0.01787532
v 0.01126587 -0.04033692 -0.01804374
v 0.01101573 -0.03100640 -0.01819345
v 0.01033352 -0.04008017 -0.01859111
v 0.01000606 -0.04008017 -0.01876421
v 0.00960129 -0.04008017 -0.01897473
v 0.00934660 -0.04008017 -0.01910105
v 0.00899640 -0.04008017 -0.01926946
v 0.00855069 -0.03100640 -0.01947063
v 0.00798673 -0.03100640 -0.01970923
v 0.00748645 -0.04008017 -0.01990572
v 0.00714535 -0.04008017 -0.02002735
v 0.00689066 -0.04008017 -0.02011624
v 0.00647679 -0.04008017 -0.02025659
v 0.00597196 -0.04008017 -0.02041097
v 0.00556718 -0.03100640 -0.02052325
v 0.00531704 -0.03100640 -0.02058875
v 0.00496229 -0.03100640 -0.02067764
v 0.00446201 -0.03100640 -0.02078992
v 0.00395717 -0.03100640 -0.02089284
v 0.00275649 -0.03071174 -0.02107530
v 0.00492136 -0.03050483 -0.02061214
v 0.00194240 -0.03100640 -0.02117822
v 0.00143756 -0.03100640 -0.02121565
v 0.00093728 -0.03100640 -0.02124839
v 0.00043244 -0.03100640 -0.02126243
v -0.00693992 -0.03066733 -0.02007881
v -0.00537994 -0.03073449 -0.02056536
v -0.00801326 -0.03050158 -0.01960630
v -0.00410649 -0.03100640 -0.02086477
v -0.00461133 -0.03100640 -0.02076185
v -0.00007239 -0.03503955 -0.02126711
v -0.00057722 -0.04008017 -0.02125775
v -0.00108205 -0.04008017 -0.02123904
v -0.00286943 -0.03100640 -0.02107062
v -0.00312412 -0.03100640 -0.02103787
v -0.00360166 -0.03100640 -0.02095834
v -0.00158688 -0.04008017 -0.02120629
v -0.00209172 -0.04008017 -0.02116418
v -0.00837710 -0.03100640 -0.01955016
v -0.00864543 -0.03100640 -0.01942853
v -0.00914572 -0.03100640 -0.01919461
v -0.00942315 -0.03100640 -0.01906362
v -0.00967784 -0.03100640 -0.01893730
v -0.01015084 -0.03100640 -0.01868467
v -0.01040553 -0.03100640 -0.01854433
v -0.01066022 -0.03100640 -0.01839930
v -0.01108318 -0.03100640 -0.01815134
v -0.01133787 -0.03100640 -0.01799228
v -0.01166988 -0.03100640 -0.01777708
v -0.01197460 -0.03100640 -0.01757591
v -0.01222474 -0.03100640 -0.01739814
v -0.01257494 -0.03100640 -0.01714551
v -0.01282963 -0.03100640 -0.01695837
v -0.01341178 -0.03100640 -0.01650925
v -0.01395754 -0.03100640 -0.01604142
v -0.01420768 -0.03100640 -0.01582154
v -0.01448966 -0.03100640 -0.01556891
v -0.01499904 -0.03100640 -0.01507301
v -0.01498085 -0.03064675 -0.01505430
v -0.01516277 -0.03048208 -0.01473149
v -0.01548113 -0.03065324 -0.01454904
v -0.01697289 -0.03024484 -0.01250929
v 0.01449498 -0.03962519 0.02637692
v 0.01429941 -0.03982668 0.02632078
v 0.01463597 -0.03984077 0.02632546
v 0.01504529 -0.04010618 0.02619446
v 0.01555012 -0.04011809 0.02619914
v 0.01605495 -0.04012459 0.02619914
v 0.01655979 -0.04012676 0.02619914
v -0.01368466 -0.03022317 0.01548111
v -0.01166988 -0.03022317 0.01699221
v -0.01015538 -0.03022317 0.01800273
v -0.00763577 -0.03022317 0.01951382
v -0.00662611 -0.03022317 0.02001908
v -0.00259200 -0.03022317 0.02203544
v -0.00007239 -0.03022317 0.02304128
v 0.00143756 -0.03022317 0.02354654
v -0.01670911 -0.03022317 0.01194898
v -0.01519916 -0.03022317 0.01396533
v 0.00143756 -0.03023617 0.02383191
v 0.00110101 -0.03024159 0.02381320
v 0.00093273 -0.03047016 0.02388805
v 0.00208793 -0.03063591 0.02433249
v 0.00647679 -0.03604703 0.02548336
v 0.00698162 -0.03907162 0.02558628
v 0.00798673 -0.03907162 0.02577342
v 0.00823688 -0.03755932 0.02581552
v 0.00849157 -0.03705450 0.02585763
v 0.00569452 -0.03251870 0.02531962
v 0.00849612 -0.03604703 0.02585763
v 0.00899640 -0.03907162 0.02593716
v 0.00824143 -0.03932403 0.02581552
v 0.00950123 -0.03957536 0.02596055
v 0.01051090 -0.03907162 0.02614300
v 0.01051090 -0.03856788 0.02614768
v 0.01101573 -0.03856788 0.02620850
v 0.01151601 -0.03856788 0.02625996
v 0.01194808 -0.03554329 0.02630207
v 0.01195262 -0.03352726 0.02630207
v 0.00341141 -0.03100640 0.02474886
v 0.00366155 -0.03100640 0.02481904
v 0.00178776 -0.03100640 0.02427635
v 0.00244268 -0.03100640 0.02446816
v 0.00496229 -0.03604703 0.02514652
v 0.00543983 -0.03201496 0.02525880
v 0.00395717 -0.03151014 0.02489389
v 0.00446201 -0.03755932 0.02502489
v 0.01220277 -0.03856788 0.02632546
v 0.01222551 -0.03896979 0.02632546
v 0.01303051 -0.03907162 0.02638160
v 0.01303051 -0.03944102 0.02634885
v 0.01228008 -0.03930561 0.02632078
v 0.01353534 -0.03950386 0.02636289
v 0.01353534 -0.03975518 0.02630207
v 0.01655979 -0.04048425 0.02595119
v 0.01807428 -0.04047883 0.02594651
v 0.01857457 -0.04047450 0.02594184
v 0.01907940 -0.04046908 0.02593716
v 0.01907940 -0.04010834 0.02618979
v 0.02059844 -0.04003143 0.02619914
v 0.02077127 -0.03982343 0.02631610
v 0.02210384 -0.04008017 0.02612429
v 0.02412317 -0.03970860 0.02626932
v 0.02519196 -0.03967177 0.02625060
v 0.02361834 -0.04008017 0.02606815
v -0.02051581 -0.03023725 0.00438881
v -0.02050672 -0.03024159 0.00476307
v -0.02000643 -0.03023942 0.00640516
v -0.01973355 -0.03022642 0.00640516
v -0.02074321 -0.03022642 0.00136661
v -0.02101155 -0.03023942 0.00136661
v -0.01872843 -0.03022750 0.00892678
v -0.01721394 -0.03022425 0.01144840
v -0.01797801 -0.03024484 -0.01100287
v -0.01899677 -0.03067491 -0.00951049
v -0.01906044 -0.03050483 -0.00920172
v -0.01954253 -0.03053083 -0.00818184
v -0.02002463 -0.03062291 -0.00705437
v -0.02007465 -0.03047341 -0.00669881
v -0.02049762 -0.03024592 -0.00496784
v -0.02099791 -0.03024700 -0.00199710
v -0.02113434 -0.03050158 -0.00115500
v -0.02125714 -0.03100640 -0.00064974
v -0.02126169 -0.03100640 -0.00014449
v -0.02126169 -0.03100640 0.00036077
v -0.02113890 -0.03050158 0.00086603
v -0.02099791 -0.03024917 0.00213854
v -0.02100245 -0.03024484 0.00187187
v 0.02519196 -0.04008017 -0.00520643
v 0.01413113 -0.04008017 -0.01588704
v 0.01388099 -0.04008017 -0.01610692
v 0.01358537 -0.04008017 -0.01635955
v 0.01333068 -0.04008017 -0.01657007
v 0.01303051 -0.04008017 -0.01680399
v 0.01275308 -0.04008017 -0.01701451
v 0.01250294 -0.04008017 -0.01720165
v 0.01493159 -0.04008017 -0.01515254
v 0.01466780 -0.04008017 -0.01540049
v 0.01441766 -0.04008017 -0.01563441
v 0.01214819 -0.04008017 -0.01745428
v 0.01189805 -0.04008017 -0.01762269
v 0.01152056 -0.04008017 -0.01787532
v 0.01026076 -0.04083741 -0.01854900
v 0.01054728 -0.04058392 -0.01842269
v 0.01029714 -0.04058392 -0.01856772
v 0.01101573 -0.04008017 -0.01819345
v 0.01211635 -0.04058392 -0.01743088
v 0.01186621 -0.04058392 -0.01760398
v 0.01121584 -0.04067383 -0.01801100
v 0.01000606 -0.04058392 -0.01872210
v 0.00956036 -0.04058392 -0.01895134
v 0.00931021 -0.04058392 -0.01907765
v 0.00899640 -0.04058392 -0.01922736
v 0.00827781 -0.04044417 -0.01956888
v 0.00855069 -0.04008017 -0.01947063
v 0.00798673 -0.04008017 -0.01970923
v 0.00748645 -0.04058392 -0.01986361
v 0.00709077 -0.04058392 -0.02000864
v 0.00684063 -0.04058392 -0.02009753
v 0.00647679 -0.04058392 -0.02021449
v 0.00597196 -0.04058392 -0.02036887
v 0.00528065 -0.04045933 -0.02057940
v 0.00556718 -0.04008017 -0.02052325
v 0.00531704 -0.04008017 -0.02058875
v 0.00496229 -0.04008017 -0.02067764
v 0.00446201 -0.04008017 -0.02078992
v 0.00395717 -0.04008017 -0.02089284
v 0.00345234 -0.03100640 -0.02098641
v 0.00304302 -0.03100640 -0.02104723
v 0.00244268 -0.03100640 -0.02112676
v 0.00194240 -0.04008017 -0.02117822
v 0.00143756 -0.04008017 -0.02121565
v 0.00093728 -0.04008017 -0.02124839
v 0.00043244 -0.04008017 -0.02126243
v -0.00612127 -0.03100640 -0.02036419
v -0.00662611 -0.03100640 -0.02020513
v -0.00722645 -0.03100640 -0.02000396
v -0.00763577 -0.03100640 -0.01984958
v -0.00511616 -0.03100640 -0.02064021
v -0.00564373 -0.03100640 -0.02050454
v -0.00410649 -0.04008017 -0.02086477
v -0.00461133 -0.04008017 -0.02076185
v -0.00007239 -0.04008017 -0.02126711
v -0.00057722 -0.04058392 -0.02122032
v -0.00108205 -0.04058392 -0.02120161
v -0.00286943 -0.04008017 -0.02107062
v -0.00312412 -0.04008017 -0.02103787
v -0.00360166 -0.04008017 -0.02095834
v -0.00158688 -0.04058392 -0.02116886
v -0.00213720 -0.04063266 -0.02111740
v -0.00286033 -0.04034884 -0.02107062
v -0.00837710 -0.04008017 -0.01955016
v -0.00864543 -0.04008017 -0.01942853
v -0.00914572 -0.04008017 -0.01919461
v -0.00942315 -0.04008017 -0.01906362
v -0.00967784 -0.04008017 -0.01893730
v -0.01015084 -0.04008017 -0.01868467
v -0.01040553 -0.04008017 -0.01854433
v -0.01066022 -0.04008017 -0.01839930
v -0.01108318 -0.04008017 -0.01815134
v -0.01133787 -0.04008017 -0.01799228
v -0.01166988 -0.04008017 -0.01777708
v -0.01197460 -0.04008017 -0.01757591
v -0.01222474 -0.04008017 -0.01739814
v -0.01257494 -0.04008017 -0.01714551
v -0.01282963 -0.04008017 -0.01695837
v -0.01341178 -0.04008017 -0.01650925
v -0.01395754 -0.04008017 -0.01604142
v -0.01420768 -0.04008017 -0.01582154
v -0.01448966 -0.04008017 -0.01556891
v -0.01499904 -0.04008017 -0.01507301
v -0.01525373 -0.03100640 -0.01481570
v -0.01549933 -0.03100640 -0.01456307
v -0.01596777 -0.03070199 -0.01402507
v -0.01749592 -0.03064783 -0.01203678
v -0.01703202 -0.03050158 -0.01258882
v 0.01252568 -0.04008017 0.02608219
v 0.01353534 -0.04008017 0.02614768
v 0.01404017 -0.04008017 0.02617108
v 0.01449498 -0.04003793 0.02621318
v 0.01353534 -0.04044850 0.02591377
v 0.01404017 -0.04046042 0.02592312
v 0.01454501 -0.04046908 0.02593248
v 0.01504529 -0.04047558 0.02594184
v 0.01555012 -0.04048100 0.02594651
v -0.01415311 -0.03023400 0.01544368
v -0.01317983 -0.03022642 0.01598169
v -0.01516277 -0.03023400 0.01443784
v -0.01214742 -0.03023400 0.01696414
v -0.01161985 -0.03023834 0.01746004
v -0.01116505 -0.03022859 0.01749747
v -0.01015538 -0.03023617 0.01839570
v -0.00864543 -0.03022425 0.01900856
v -0.00662611 -0.03023617 0.02039802
v -0.00461133 -0.03023617 0.02138047
v -0.00290581 -0.03024159 0.02230210
v -0.00259200 -0.03023617 0.02232549
v -0.00158688 -0.03022642 0.02253602
v -0.00562099 -0.03023617 0.02089393
v -0.00039075 -0.03024159 0.02330794
v -0.01570399 -0.03022425 0.01346475
v -0.00056812 -0.03048425 0.02337812
v 0.00056889 -0.03061749 0.02383659
v 0.00143756 -0.03100640 0.02416408
v 0.00647679 -0.03907162 0.02548336
v 0.00570362 -0.03936736 0.02531494
v 0.00647679 -0.03957536 0.02545529
v 0.00823688 -0.03907162 0.02581552
v 0.00849157 -0.03907162 0.02585763
v 0.00496229 -0.03907162 0.02514652
v 0.00543983 -0.03705450 0.02525880
v 0.00544438 -0.03907162 0.02525880
v 0.00569452 -0.03907162 0.02531494
v 0.00597196 -0.03907162 0.02537576
v 0.00698162 -0.03957536 0.02555354
v 0.00748645 -0.03957536 0.02564710
v 0.00804131 -0.03952552 0.02575003
v 0.00849157 -0.03969885 0.02579681
v 0.00895092 -0.03962411 0.02587634
v 0.01000606 -0.03957536 0.02602605
v 0.00875081 -0.03982343 0.02581552
v 0.01101573 -0.03907162 0.02620382
v 0.01151601 -0.03907162 0.02625528
v 0.01194808 -0.03856788 0.02630207
v 0.00340686 -0.03201496 0.02474886
v 0.00294751 -0.03352726 0.02461787
v 0.00294751 -0.03907162 0.02462255
v 0.00366155 -0.03907162 0.02481904
v 0.00395717 -0.03806306 0.02489857
v 0.00143756 -0.03201496 0.02416875
v 0.00178322 -0.03251870 0.02427635
v 0.00202881 -0.03453581 0.02435121
v 0.00244268 -0.03907162 0.02447752
v 0.00446201 -0.03907162 0.02502489
v 0.01248020 -0.03955911 0.02627867
v 0.01303051 -0.03969343 0.02628335
v 0.01051090 -0.03957536 0.02608686
v 0.01101573 -0.03957536 0.02614300
v 0.01151601 -0.03957536 0.02619446
v 0.01151601 -0.04008017 0.02600733
v 0.01605495 -0.04073558 0.02569389
v 0.01655979 -0.04073666 0.02569389
v 0.01756945 -0.04073449 0.02568921
v 0.01807428 -0.04073124 0.02568453
v 0.01958423 -0.04046150 0.02593248
v 0.01907940 -0.04072041 0.02567517
v 0.02008906 -0.04009101 0.02617575
v 0.02109873 -0.04043550 0.02590909
v 0.02210384 -0.04041492 0.02589037
v 0.02519196 -0.04008668 0.02600265
v -0.02103429 -0.03059908 0.00287771
v -0.02101155 -0.03068249 0.00321455
v -0.02057949 -0.03045825 0.00491278
v -0.02044304 -0.03026217 0.00509524
v -0.01999279 -0.03024484 0.00668586
v -0.01950160 -0.03024159 0.00779463
v -0.01900132 -0.03024050 0.00892678
v -0.01869660 -0.03023725 0.00938526
v -0.01822360 -0.03022859 0.00993262
v -0.01718210 -0.03023400 0.01191623
v -0.01803713 -0.03050158 -0.01109644
v -0.01848739 -0.03071066 -0.01049761
v -0.01855106 -0.03052650 -0.01020288
v -0.01901042 -0.03100640 -0.00952920
v -0.01916505 -0.03100640 -0.00922043
v -0.01949250 -0.03071824 -0.00848125
v -0.01995186 -0.03100640 -0.00735378
v -0.02004282 -0.03100640 -0.00710583
v -0.02018381 -0.03100640 -0.00669881
v -0.02051581 -0.03065974 -0.00551988
v -0.01981997 -0.03100640 -0.00770465
v -0.02054765 -0.03049617 -0.00515497
v -0.02101609 -0.03065758 -0.00307311
v -0.02104793 -0.03056333 -0.00266610
v -0.02095242 -0.03026000 -0.00233394
v -0.02106158 -0.03045717 -0.00216552
v -0.02110705 -0.03050158 -0.00165558
v -0.02123440 -0.03100640 -0.00115500
v -0.02125714 -0.04008017 -0.00064974
v -0.02126169 -0.04008017 -0.00014449
v -0.02126169 -0.04008017 0.00036077
v -0.02124805 -0.03100640 0.00086603
v -0.02112525 -0.03050158 0.00136661
v -0.02109796 -0.03050158 0.00187187
v -0.02105248 -0.03047233 0.00233503
v 0.02519196 -0.04056008 -0.00515965
v 0.01410839 -0.04058392 -0.01586365
v 0.01385370 -0.04058392 -0.01608353
v 0.01331704 -0.04047992 -0.01655604
v 0.01272579 -0.04058392 -0.01699112
v 0.01247110 -0.04058392 -0.01717825
v 0.01490430 -0.04058392 -0.01512447
v 0.01439037 -0.04058392 -0.01561102
v 0.01087929 -0.04090999 -0.01811392
v 0.01000606 -0.04090457 -0.01861450
v 0.00926474 -0.04084499 -0.01905894
v 0.01181164 -0.04086882 -0.01756656
v 0.00846428 -0.04060125 -0.01946595
v 0.00821868 -0.04077999 -0.01954548
v 0.00802767 -0.04060125 -0.01964841
v 0.00676786 -0.04085474 -0.02007414
v 0.00518969 -0.04079624 -0.02055600
v 0.00545803 -0.04060991 -0.02050922
v 0.00499867 -0.04060991 -0.02063086
v 0.00446201 -0.04058392 -0.02075249
v 0.00345234 -0.04008017 -0.02098641
v 0.00395717 -0.04058392 -0.02085542
v 0.00304302 -0.04008017 -0.02104723
v 0.00244268 -0.04008017 -0.02112676
v 0.00275649 -0.04039867 -0.02107530
v 0.00194240 -0.04058392 -0.02114079
v 0.00143756 -0.04058392 -0.02117822
v 0.00093728 -0.04058392 -0.02120629
v 0.00043244 -0.04058392 -0.02122500
v -0.00612127 -0.04008017 -0.02036419
v -0.00662611 -0.04008017 -0.02020513
v -0.00722645 -0.04008017 -0.02000396
v -0.00763577 -0.04008017 -0.01984958
v -0.00511616 -0.04008017 -0.02064021
v -0.00564373 -0.04008017 -0.02050454
v -0.00410649 -0.04058392 -0.02082267
v -0.00461133 -0.04058392 -0.02071974
v -0.00537994 -0.04036400 -0.02056536
v -0.00007239 -0.04058392 -0.02122968
v -0.00057722 -0.04091216 -0.02112676
v -0.00108205 -0.04090133 -0.02111740
v -0.00158688 -0.04088182 -0.02109869
v -0.00200075 -0.04085907 -0.02108465
v -0.00360166 -0.04058392 -0.02091623
v -0.00233731 -0.04083416 -0.02106594
v -0.00305590 -0.04054383 -0.02100980
v -0.00807693 -0.04058392 -0.01962969
v -0.00833162 -0.04058392 -0.01952677
v -0.00864543 -0.04058392 -0.01938642
v -0.00941406 -0.04038784 -0.01905894
v -0.01011445 -0.04058392 -0.01866128
v -0.01036914 -0.04058392 -0.01852093
v -0.01066022 -0.04058392 -0.01835719
v -0.01105135 -0.04058392 -0.01812795
v -0.01130149 -0.04058392 -0.01796889
v -0.01195641 -0.04047666 -0.01756188
v -0.01254765 -0.04058392 -0.01712211
v -0.01279779 -0.04058392 -0.01693498
v -0.01337994 -0.04058392 -0.01648586
v -0.01394845 -0.04039867 -0.01603674
v -0.01447602 -0.04048967 -0.01555020
v -0.01497630 -0.04058392 -0.01504494
v -0.01548113 -0.04049725 -0.01454904
v -0.01525373 -0.04008017 -0.01481570
v -0.01549933 -0.04008017 -0.01456307
v -0.01574947 -0.03100640 -0.01428705
v -0.01597687 -0.03100640 -0.01403442
v -0.01621337 -0.03100640 -0.01375840
v -0.01644532 -0.03100640 -0.01348706
v -0.01689557 -0.03100640 -0.01291163
v -0.01708659 -0.03100640 -0.01266367
v -0.01734128 -0.03100640 -0.01231280
v -0.01773241 -0.03100640 -0.01174205
v -0.01793708 -0.03100640 -0.01143328
v 0.01151601 -0.04037375 0.02584827
v 0.01202085 -0.04039650 0.02586698
v 0.01303051 -0.04043442 0.02589973
v 0.01252568 -0.04066949 0.02563775
v 0.01353534 -0.04070091 0.02566114
v 0.01404017 -0.04071175 0.02567049
v 0.01454501 -0.04072149 0.02567985
v 0.01504529 -0.04072800 0.02568453
v 0.01555012 -0.04073233 0.02568921
v -0.01497176 -0.03024159 0.01475129
v -0.01446692 -0.03024159 0.01525187
v -0.01395754 -0.03024159 0.01575245
v -0.01363918 -0.03023725 0.01594426
v -0.01566306 -0.03023509 0.01392791
v -0.01547204 -0.03024159 0.01424135
v -0.01196096 -0.03024159 0.01726823
v -0.01142429 -0.03024809 0.01775010
v -0.00892741 -0.03024159 0.01927523
v -0.00911388 -0.03023400 0.01898049
v -0.00763577 -0.03023617 0.01985066
v -0.00601667 -0.03024159 0.02080036
v -0.00397005 -0.03024159 0.02180152
v -0.00185976 -0.03024592 0.02279800
v -0.00158688 -0.03024050 0.02281204
v -0.00635323 -0.03025459 0.02075358
v -0.00533447 -0.03025675 0.02124480
v -0.00499791 -0.03024159 0.02130094
v -0.00090468 -0.03064024 0.02332198
v -0.00007239 -0.03100640 0.02365882
v 0.00093728 -0.03100640 0.02400033
v 0.00577184 -0.03970427 0.02530091
v 0.00595376 -0.03955152 0.02535237
v 0.00496229 -0.03957536 0.02513249
v 0.00610840 -0.03989276 0.02533366
v 0.00908736 -0.03987977 0.02583891
v 0.00647679 -0.03997943 0.02537108
v 0.00697707 -0.04011267 0.02540383
v 0.00748645 -0.04008017 0.02550207
v 0.00798673 -0.04008017 0.02558160
v 0.00849157 -0.04008017 0.02565646
v 0.00294751 -0.03957536 0.02461787
v 0.00395717 -0.03907162 0.02489857
v 0.00177866 -0.03604703 0.02427635
v 0.00093728 -0.03503955 0.02400501
v 0.00143756 -0.03957536 0.02416875
v 0.00203336 -0.03957536 0.02435121
v 0.00244268 -0.03957536 0.02447284
v 0.00177866 -0.03907162 0.02427635
v 0.00178322 -0.03957536 0.02427635
v 0.00446201 -0.03957536 0.02501085
v 0.01202085 -0.03957536 0.02623657
v 0.01000606 -0.04000218 0.02589505
v 0.01051090 -0.04005526 0.02592312
v 0.01096570 -0.04013001 0.02593248
v 0.01076559 -0.04033150 0.02581552
v 0.01555012 -0.04091974 0.02543658
v 0.01605495 -0.04092082 0.02544126
v 0.01655979 -0.04092082 0.02544126
v 0.01706462 -0.04091974 0.02544126
v 0.01807428 -0.04091649 0.02543658
v 0.01907940 -0.04090999 0.02542254
v 0.01958423 -0.04071391 0.02566582
v 0.01958423 -0.04090565 0.02541319
v 0.02008906 -0.04090024 0.02540383
v 0.02059389 -0.04069658 0.02564710
v 0.02109873 -0.04068683 0.02563775
v 0.02159901 -0.04067708 0.02562839
v 0.02361834 -0.04037808 0.02585763
v 0.02512829 -0.04034125 0.02582488
v 0.02519196 -0.04033909 0.02582020
v -0.02118437 -0.03100640 0.00187187
v -0.02112980 -0.03100640 0.00237713
v -0.02107068 -0.03100640 0.00287771
v -0.02102065 -0.03100640 0.00326133
v -0.02097516 -0.03100640 0.00351396
v -0.02090694 -0.03100640 0.00388355
v -0.02080689 -0.03100640 0.00438881
v -0.02049762 -0.03073233 0.00566599
v -0.02052946 -0.03062074 0.00539465
v -0.02004282 -0.03051241 0.00687768
v -0.02000188 -0.03068791 0.00720048
v -0.01944247 -0.03025892 0.00813147
v -0.01898313 -0.03024700 0.00918877
v -0.01818722 -0.03023834 0.01039109
v -0.01748227 -0.03024159 0.01172442
v -0.01616334 -0.03023942 0.01341329
v -0.01834185 -0.03100640 -0.01075960
v -0.01849193 -0.03100640 -0.01050697
v -0.01864202 -0.03100640 -0.01022627
v -0.01887852 -0.03100640 -0.00978183
v -0.01901042 -0.04008017 -0.00952920
v -0.01938335 -0.03100640 -0.00874324
v -0.01916505 -0.04008017 -0.00922043
v -0.01949705 -0.03100640 -0.00849061
v -0.01961530 -0.03100640 -0.00820991
v -0.01995186 -0.04008017 -0.00735378
v -0.02004282 -0.04008017 -0.00710583
v -0.02034299 -0.03100640 -0.00619356
v -0.02018381 -0.04008017 -0.00669881
v -0.02052491 -0.03100640 -0.00555730
v -0.02062497 -0.03100640 -0.00518772
v -0.02074321 -0.03100640 -0.00468246
v -0.02085237 -0.03100640 -0.00417720
v -0.01981997 -0.04008017 -0.00770465
v -0.02094788 -0.03100640 -0.00367194
v -0.02099336 -0.03100640 -0.00340060
v -0.02102974 -0.03100640 -0.00314797
v -0.02109796 -0.03100640 -0.00266610
v -0.02115708 -0.03100640 -0.00216084
v -0.02119802 -0.03100640 -0.00165558
v -0.02123440 -0.04008017 -0.00115500
v -0.02121621 -0.04058392 -0.00064974
v -0.02122530 -0.04058392 -0.00014449
v -0.02119802 -0.04058392 -0.00115500
v -0.02122530 -0.04058392 0.00036077
v -0.02124805 -0.04008017 0.00086603
v -0.02122076 -0.03100640 0.00136661
v 0.02519196 -0.04065541 -0.00513625
v 0.01381277 -0.04086232 -0.01605078
v 0.01327610 -0.04081574 -0.01652329
v 0.01350351 -0.04062183 -0.01637358
v 0.01307599 -0.04062183 -0.01671510
v 0.01484972 -0.04088507 -0.01506833
v 0.01433580 -0.04087858 -0.01556423
v 0.01046087 -0.04095874 -0.01828702
v 0.01151601 -0.04094682 -0.01766012
v 0.01103392 -0.04103674 -0.01781918
v 0.00946030 -0.04097607 -0.01880163
v 0.00899640 -0.04090890 -0.01911976
v 0.00788213 -0.04090349 -0.01961098
v 0.01238469 -0.04091432 -0.01711276
v 0.01199810 -0.04098474 -0.01728118
v 0.00647679 -0.04090674 -0.02011624
v 0.00485314 -0.04087966 -0.02059343
v 0.00748645 -0.04097282 -0.01968583
v 0.00345234 -0.04058392 -0.02094430
v 0.00257002 -0.04073449 -0.02105191
v 0.00293387 -0.04057416 -0.02102383
v 0.00241994 -0.04057416 -0.02109401
v 0.00223347 -0.04084391 -0.02107062
v 0.00194240 -0.04086232 -0.02108465
v 0.00143756 -0.04088832 -0.02110337
v 0.00093728 -0.04090565 -0.02111740
v 0.00043244 -0.04091541 -0.02112676
v -0.00612127 -0.04058392 -0.02032209
v -0.00693992 -0.04047992 -0.02007881
v -0.00763577 -0.04058392 -0.01980747
v -0.00495243 -0.04086557 -0.02058407
v -0.00528898 -0.04069983 -0.02054197
v -0.00512071 -0.04055250 -0.02060746
v -0.00557551 -0.04055250 -0.02048583
v -0.00007239 -0.04091757 -0.02112676
v -0.00057722 -0.04113098 -0.02081331
v -0.00108205 -0.04111798 -0.02081331
v -0.00158688 -0.04109523 -0.02081331
v -0.00213720 -0.04101723 -0.02086477
v -0.00259200 -0.04103565 -0.02079460
v -0.00309683 -0.04102157 -0.02076185
v -0.00360166 -0.04099774 -0.02071974
v -0.00410649 -0.04096307 -0.02067296
v -0.00461133 -0.04091107 -0.02062150
v -0.00798142 -0.04088399 -0.01959227
v -0.00936403 -0.04072366 -0.01903087
v -0.00917756 -0.04056658 -0.01914315
v -0.00960962 -0.04056658 -0.01892795
v -0.01002349 -0.04090457 -0.01860982
v -0.01097858 -0.04088290 -0.01808117
v -0.01191547 -0.04081358 -0.01753381
v -0.01214288 -0.04062075 -0.01740749
v -0.01248398 -0.04088399 -0.01708001
v -0.01391661 -0.04073449 -0.01600399
v -0.01419404 -0.04061208 -0.01577944
v -0.01443963 -0.04082549 -0.01551745
v -0.01494902 -0.04083958 -0.01502155
v -0.01527193 -0.04063266 -0.01473617
v -0.01544930 -0.04083307 -0.01451161
v -0.01570854 -0.04062508 -0.01426834
v -0.01596777 -0.04041600 -0.01402507
v -0.01574947 -0.04008017 -0.01428705
v -0.01597687 -0.04008017 -0.01403442
v -0.01621337 -0.04008017 -0.01375840
v -0.01644532 -0.04008017 -0.01348706
v -0.01689557 -0.04008017 -0.01291163
v -0.01708659 -0.04008017 -0.01266367
v -0.01734128 -0.04008017 -0.01231280
v -0.01773241 -0.04008017 -0.01174205
v -0.01793708 -0.04008017 -0.01143328
v 0.01032898 -0.04083091 0.02530558
v 0.01151601 -0.04062508 0.02560500
v 0.01066553 -0.04084282 0.02531962
v 0.01101573 -0.04085257 0.02533366
v 0.01151601 -0.04086665 0.02535237
v 0.01252568 -0.04088940 0.02538512
v 0.01303051 -0.04089699 0.02539915
v 0.01353534 -0.04090349 0.02540851
v 0.01404017 -0.04090890 0.02541786
v 0.01454501 -0.04091324 0.02542722
v 0.01504529 -0.04091649 0.02543190
v -0.01481712 -0.03050158 0.01509749
v -0.01429865 -0.03050158 0.01559339
v -0.01344361 -0.03024592 0.01624368
v -0.01596777 -0.03024267 0.01373142
v -0.01555845 -0.03050158 0.01433492
v -0.01298881 -0.03061316 0.01678636
v -0.01243395 -0.03072474 0.01724952
v -0.01150160 -0.03050158 0.01780156
v -0.01092855 -0.03070633 0.01826471
v -0.00990524 -0.03025025 0.01875593
v -0.00430661 -0.03026434 0.02173135
v -0.00446124 -0.03060016 0.02182959
v -0.00341065 -0.03064999 0.02231146
v -0.00235095 -0.03073774 0.02279333
v -0.00746295 -0.03061208 0.02031382
v -0.00648057 -0.03059041 0.02082843
v -0.00547545 -0.03059258 0.02133369
v -0.00094561 -0.03100640 0.02334069
v -0.00057722 -0.03100640 0.02347636
v -0.00057722 -0.03201496 0.02348104
v -0.00007239 -0.03806306 0.02366349
v 0.00025052 -0.03705450 0.02377577
v 0.00050521 -0.03453581 0.02385998
v 0.00369794 -0.03983210 0.02480968
v 0.00395717 -0.03993068 0.02484243
v 0.00444382 -0.04010943 0.02489857
v 0.00426644 -0.04029684 0.02479565
v 0.00546712 -0.04008017 0.02512781
v 0.00595376 -0.04006826 0.02523073
v 0.00647679 -0.04023184 0.02526816
v 0.00895092 -0.04006068 0.02573131
v 0.00950123 -0.04019176 0.02574535
v 0.00950123 -0.03993935 0.02586230
v 0.00680879 -0.04030225 0.02529623
v 0.00714535 -0.04035317 0.02532430
v 0.00367975 -0.03957536 0.02481436
v 0.00395717 -0.03957536 0.02488453
v 0.00050067 -0.03856788 0.02385998
v 0.00093728 -0.03957536 0.02400501
v 0.00208793 -0.03994910 0.02433249
v 0.00057344 -0.04008017 0.02383659
v 0.01000606 -0.04025459 0.02577342
v 0.01051090 -0.04030767 0.02580149
v 0.00849157 -0.04047666 0.02542722
v 0.00899640 -0.04051133 0.02545997
v 0.00950123 -0.04054058 0.02549272
v 0.00950123 -0.04079299 0.02525880
v 0.01000606 -0.04081682 0.02528687
v 0.01454501 -0.04109415 0.02505763
v 0.01504529 -0.04109848 0.02505763
v 0.01555012 -0.04110174 0.02505763
v 0.01605495 -0.04110390 0.02505763
v 0.01655979 -0.04110390 0.02505763
v 0.01706462 -0.04110282 0.02505763
v 0.01807428 -0.04109848 0.02505763
v 0.01857457 -0.04109307 0.02505763
v 0.01958423 -0.04108007 0.02505763
v 0.02008906 -0.04107140 0.02505763
v 0.02109873 -0.04088724 0.02538512
v 0.02159901 -0.04087966 0.02537576
v 0.02059389 -0.04106165 0.02505763
v 0.02109873 -0.04105082 0.02505763
v 0.02311351 -0.04064241 0.02559096
v 0.02260868 -0.04086341 0.02535237
v 0.02311351 -0.04085474 0.02533833
v 0.02395035 -0.04083958 0.02531494
v 0.02428690 -0.04083307 0.02530558
v 0.02512829 -0.04057091 0.02556289
v 0.02519196 -0.04056333 0.02556757
v 0.02519196 -0.04051783 0.02561903
v -0.02118437 -0.04008017 0.00187187
v -0.02112980 -0.04008017 0.00237713
v -0.02107068 -0.04008017 0.00287771
v -0.02102065 -0.04008017 0.00326133
v -0.02097516 -0.04008017 0.00351396
v -0.02090694 -0.04008017 0.00388355
v -0.02080689 -0.04008017 0.00438881
v -0.02069318 -0.03100640 0.00489407
v -0.02049762 -0.03100640 0.00567067
v -0.02042485 -0.03100640 0.00592330
v -0.02027477 -0.03100640 0.00640516
v -0.02011559 -0.03100640 0.00691042
v -0.02057039 -0.03100640 0.00539465
v -0.02001098 -0.03100640 0.00721919
v -0.01991092 -0.03100640 0.00747182
v -0.01973355 -0.03100640 0.00791626
v -0.01956073 -0.03100640 0.00834667
v -0.01953344 -0.03059475 0.00829053
v -0.01903315 -0.03050158 0.00929169
v -0.01847829 -0.03024917 0.01018993
v -0.01755049 -0.03050158 0.01182734
v -0.01645896 -0.03024917 0.01321212
v -0.01800530 -0.03063050 0.01125191
v -0.01834185 -0.04008017 -0.01075960
v -0.01849193 -0.04008017 -0.01050697
v -0.01864202 -0.04008017 -0.01022627
v -0.01887852 -0.04008017 -0.00978183
v -0.01899677 -0.04046583 -0.00951049
v -0.01848739 -0.04039975 -0.01049761
v -0.01938335 -0.04008017 -0.00874324
v -0.01949250 -0.04039000 -0.00848125
v -0.01949705 -0.04008017 -0.00849061
v -0.01961530 -0.04008017 -0.00820991
v -0.02002463 -0.04058392 -0.00705437
v -0.02034299 -0.04008017 -0.00619356
v -0.02014287 -0.04058392 -0.00669881
v -0.02052491 -0.04008017 -0.00555730
v -0.02062497 -0.04008017 -0.00518772
v -0.02074321 -0.04008017 -0.00468246
v -0.02085237 -0.04008017 -0.00417720
v -0.01977903 -0.04058392 -0.00770465
v -0.02094788 -0.04008017 -0.00367194
v -0.02099336 -0.04008017 -0.00340060
v -0.02102974 -0.04008017 -0.00314797
v -0.02109796 -0.04008017 -0.00266610
v -0.02115708 -0.04008017 -0.00216084
v -0.02119802 -0.04008017 -0.00165558
v -0.02108432 -0.04094791 -0.00064974
v -0.02109342 -0.04095224 -0.00014449
v -0.02107522 -0.04093707 -0.00115500
v -0.02116163 -0.04058392 -0.00165558
v -0.02103884 -0.04089374 -0.00216084
v -0.02106158 -0.04091974 -0.00165558
v -0.02108886 -0.04095116 0.00036077
v -0.02108432 -0.04094465 0.00086603
v -0.02121167 -0.04058392 0.00086603
v -0.02122076 -0.04008017 0.00136661
v 0.02519196 -0.04090674 -0.00501930
v 0.01353534 -0.04094574 -0.01616774
v 0.01293955 -0.04094141 -0.01665428
v 0.01400379 -0.04095440 -0.01574669
v 0.01452227 -0.04097065 -0.01525079
v 0.02519196 -0.04092949 -0.00499123
v 0.01000606 -0.04111148 -0.01829637
v 0.01151601 -0.04115915 -0.01728586
v 0.00849157 -0.04099882 -0.01923204
v 0.00899640 -0.04111907 -0.01879695
v 0.01254387 -0.04103240 -0.01680399
v 0.00597196 -0.04097715 -0.02019109
v 0.00446201 -0.04092840 -0.02064021
v 0.00647679 -0.04112015 -0.01980747
v 0.00802767 -0.04104215 -0.01934900
v 0.00748645 -0.04119165 -0.01930221
v 0.00395717 -0.04097499 -0.02068700
v 0.00345234 -0.04100640 -0.02073378
v 0.00294751 -0.04102699 -0.02077121
v 0.00194240 -0.04107357 -0.02081331
v 0.00143756 -0.04110390 -0.02081331
v 0.00093728 -0.04112231 -0.02081331
v 0.00043244 -0.04113315 -0.02081331
v -0.00686715 -0.04081574 -0.02005542
v -0.00667159 -0.04062183 -0.02014899
v -0.00711729 -0.04062183 -0.01999460
v -0.00612127 -0.04095982 -0.02017238
v -0.00653515 -0.04089699 -0.02010688
v -0.00007239 -0.04113532 -0.02081331
v -0.00158688 -0.04127073 -0.02031273
v -0.00209172 -0.04126532 -0.02031273
v -0.00259200 -0.04125665 -0.02031273
v -0.00309683 -0.04124148 -0.02031273
v -0.00360166 -0.04121873 -0.02031273
v -0.00410649 -0.04118298 -0.02031273
v -0.00461133 -0.04112773 -0.02031273
v -0.00562099 -0.04101074 -0.02024256
v -0.00864543 -0.04097824 -0.01919929
v -0.00902747 -0.04090457 -0.01911040
v -0.00763577 -0.04094899 -0.01965777
v -0.00965055 -0.04098040 -0.01870339
v -0.01017812 -0.04103565 -0.01832912
v -0.01066022 -0.04095982 -0.01817474
v -0.01157892 -0.04093382 -0.01764141
v -0.01217471 -0.04096524 -0.01718761
v -0.01266135 -0.04099665 -0.01678060
v -0.01303884 -0.04091757 -0.01661685
v -0.01358006 -0.04093707 -0.01614434
v -0.01410308 -0.04094791 -0.01566716
v -0.01469432 -0.04092732 -0.01514318
v -0.01507181 -0.04092732 -0.01476424
v -0.01559938 -0.04094899 -0.01417477
v -0.01607693 -0.04093924 -0.01365548
v -0.01654992 -0.04092082 -0.01311747
v -0.01593594 -0.04075183 -0.01398764
v -0.01613151 -0.04058392 -0.01379583
v -0.01641803 -0.04058392 -0.01345899
v -0.01661814 -0.04058392 -0.01320636
v -0.01687283 -0.04058392 -0.01288355
v -0.01706385 -0.04058392 -0.01263093
v -0.01731399 -0.04058392 -0.01228005
v -0.01749137 -0.04058392 -0.01202742
v -0.01768694 -0.04058392 -0.01174205
v -0.01791434 -0.04058392 -0.01139585
v 0.00798673 -0.04091107 0.02490793
v 0.00849157 -0.04092949 0.02494068
v 0.00899640 -0.04094465 0.02497342
v 0.00950123 -0.04095874 0.02500617
v 0.01000606 -0.04096957 0.02503424
v 0.01050180 -0.04095549 0.02510442
v 0.01101573 -0.04100424 0.02505763
v 0.01151601 -0.04102482 0.02505763
v 0.01202085 -0.04104324 0.02505763
v 0.01252568 -0.04105840 0.02505763
v 0.01303051 -0.04107032 0.02505763
v 0.01353534 -0.04108007 0.02505763
v 0.01404017 -0.04108765 0.02505763
v -0.01489899 -0.03100640 0.01518170
v -0.01377108 -0.03050158 0.01607993
v -0.01351638 -0.03050158 0.01630449
v -0.01580859 -0.03050158 0.01406826
v -0.01539472 -0.03100640 0.01466708
v -0.01514458 -0.03100640 0.01492907
v -0.01358461 -0.03100640 0.01636063
v -0.01383929 -0.03100640 0.01615011
v -0.01327079 -0.03100640 0.01661326
v -0.01302065 -0.03100640 0.01681443
v -0.01269319 -0.03100640 0.01706706
v -0.01243850 -0.03100640 0.01725419
v -0.01217471 -0.03100640 0.01744133
v -0.01182906 -0.03100640 0.01768460
v -0.01119234 -0.03100640 0.01810565
v -0.01005078 -0.03100640 0.01884950
v -0.00843623 -0.03065866 0.01978984
v -0.01000075 -0.03058608 0.01881675
v -0.00511616 -0.03100640 0.02156293
v -0.00451127 -0.03100640 0.02185299
v -0.00410649 -0.03100640 0.02203544
v -0.00369262 -0.03100640 0.02221789
v -0.00309683 -0.03100640 0.02247520
v -0.00260564 -0.03151014 0.02269040
v -0.00235550 -0.03100640 0.02279333
v -0.00209172 -0.03100640 0.02289625
v -0.00158688 -0.03100640 0.02309274
v -0.00120030 -0.03100640 0.02324245
v -0.00750388 -0.03100640 0.02033721
v -0.00713094 -0.03100640 0.02053837
v -0.00653515 -0.03100640 0.02085650
v -0.00612127 -0.03100640 0.02106703
v -0.00578472 -0.03100640 0.02123545
v -0.00095016 -0.03251870 0.02334069
v -0.00209172 -0.03201496 0.02290093
v -0.00120940 -0.03957536 0.02324712
v -0.00057722 -0.03957536 0.02348104
v -0.00007239 -0.03957536 0.02366349
v 0.00025052 -0.03957536 0.02377577
v 0.00242449 -0.04010184 0.02438863
v 0.00224256 -0.04028492 0.02429039
v 0.00349783 -0.04003143 0.02469272
v 0.00395717 -0.04018201 0.02475822
v 0.00460300 -0.04036725 0.02482840
v 0.00257912 -0.04038242 0.02433249
v 0.00294751 -0.04045175 0.02437928
v 0.00748645 -0.04039000 0.02535237
v 0.00798673 -0.04043766 0.02538979
v 0.00496229 -0.04042033 0.02486582
v 0.00546712 -0.04048425 0.02491728
v 0.00597196 -0.04053625 0.02496875
v 0.00050067 -0.03957536 0.02385998
v 0.00031875 -0.04008017 0.02375238
v 0.00065530 -0.04034775 0.02380852
v 0.00193330 -0.04010184 0.02424828
v 0.00798673 -0.04068900 0.02516056
v 0.00849157 -0.04072908 0.02519331
v 0.00899640 -0.04076266 0.02522605
v 0.00666326 -0.04084499 0.02481904
v 0.00748645 -0.04088832 0.02487518
v 0.01202085 -0.04121657 0.02455238
v 0.01252568 -0.04122198 0.02455238
v 0.01303051 -0.04122631 0.02455238
v 0.01404017 -0.04123281 0.02455238
v 0.01504529 -0.04123715 0.02455238
v 0.01605495 -0.04123823 0.02455238
v 0.01655979 -0.04123823 0.02455238
v 0.01756945 -0.04123715 0.02455238
v 0.01807428 -0.04123606 0.02455238
v 0.01857457 -0.04123390 0.02455238
v 0.01958423 -0.04122848 0.02455238
v 0.02059389 -0.04121982 0.02455238
v 0.02109873 -0.04121440 0.02455238
v 0.02260868 -0.04119165 0.02455238
v 0.02210384 -0.04102482 0.02505763
v 0.02462801 -0.04115265 0.02455238
v 0.02512829 -0.04114182 0.02455238
v 0.02462801 -0.04059475 0.02556289
v 0.02411862 -0.04065975 0.02551611
v 0.02260868 -0.04101074 0.02505763
v 0.02311351 -0.04099557 0.02505763
v 0.02512829 -0.04095007 0.02502489
v 0.02512829 -0.04081466 0.02527751
v 0.02519196 -0.04081358 0.02527284
v -0.02114799 -0.04058392 0.00187187
v -0.02109342 -0.04058392 0.00237713
v -0.02101155 -0.04043658 0.00321455
v -0.02076595 -0.04058392 0.00438881
v -0.02065680 -0.04058392 0.00489407
v -0.02069318 -0.04008017 0.00489407
v -0.02049762 -0.04008017 0.00567067
v -0.02042485 -0.04008017 0.00592330
v -0.02027477 -0.04008017 0.00640516
v -0.02011559 -0.04008017 0.00691042
v -0.02057039 -0.04008017 0.00539465
v -0.02001098 -0.04008017 0.00721919
v -0.01991092 -0.04008017 0.00747182
v -0.01973355 -0.04008017 0.00791626
v -0.01945157 -0.03100640 0.00859930
v -0.01956073 -0.04008017 0.00834667
v -0.01930149 -0.03100640 0.00892678
v -0.01896038 -0.03100640 0.00964256
v -0.01852377 -0.03050158 0.01027414
v -0.01699108 -0.03065541 0.01274429
v -0.01651354 -0.03050158 0.01327762
v -0.01604054 -0.03050158 0.01381563
v -0.01856926 -0.03100640 0.01035835
v -0.01842826 -0.03100640 0.01061098
v -0.01823270 -0.03100640 0.01094314
v -0.01802804 -0.03100640 0.01127998
v -0.01786431 -0.03100640 0.01153261
v -0.01744589 -0.03100640 0.01216886
v -0.01897403 -0.04080274 -0.00945902
v -0.01909682 -0.04061425 -0.00926253
v -0.01887852 -0.04061425 -0.00969762
v -0.01845555 -0.04073666 -0.01045083
v -0.01858744 -0.04057416 -0.01025902
v -0.01806897 -0.04058392 -0.01114322
v -0.01946522 -0.04072583 -0.00842511
v -0.01956527 -0.04056766 -0.00823798
v -0.01937426 -0.04056766 -0.00867774
v -0.01999734 -0.04085257 -0.00698419
v -0.02030205 -0.04058392 -0.00619356
v -0.02051581 -0.04049183 -0.00551988
v -0.02070228 -0.04058392 -0.00468246
v -0.02081143 -0.04058392 -0.00417720
v -0.02090694 -0.04058392 -0.00367194
v -0.02101609 -0.04049617 -0.00307311
v -0.02112070 -0.04058392 -0.00216084
v -0.02074321 -0.04116781 -0.00064974
v -0.02074321 -0.04115698 -0.00115500
v -0.02074321 -0.04117323 -0.00014449
v -0.02074321 -0.04117215 0.00036077
v -0.02074321 -0.04113857 -0.00165558
v -0.02101609 -0.04086449 -0.00257721
v -0.02067954 -0.04101507 -0.00367194
v -0.02072047 -0.04103348 -0.00317136
v -0.02074321 -0.04110932 -0.00216084
v -0.02074321 -0.04116457 0.00086603
v -0.02074321 -0.04115048 0.00136661
v -0.02107068 -0.04093165 0.00136661
v -0.02105248 -0.04090999 0.00187187
v -0.02118437 -0.04058392 0.00136661
v 0.01307599 -0.04105948 -0.01632680
v 0.01353534 -0.04115265 -0.01577476
v 0.01404017 -0.04117431 -0.01526950
v 0.02519196 -0.04110607 -0.00467778
v 0.02519196 -0.04113857 -0.00461696
v 0.01051090 -0.04120790 -0.01779111
v 0.00950123 -0.04122415 -0.01829637
v 0.01202085 -0.04121548 -0.01678060
v 0.00849157 -0.04121982 -0.01879695
v 0.00546712 -0.04102049 -0.02026595
v 0.00446201 -0.04114615 -0.02031273
v 0.00597196 -0.04119707 -0.01980747
v 0.00698162 -0.04124581 -0.01930221
v 0.00395717 -0.04119490 -0.02031273
v 0.00345234 -0.04122631 -0.02031273
v 0.00294751 -0.04124689 -0.02031273
v 0.00244268 -0.04125990 -0.02031273
v 0.00194240 -0.04126748 -0.02031273
v 0.00143756 -0.04127181 -0.02031273
v 0.00093728 -0.04127398 -0.02031273
v -0.00612127 -0.04117865 -0.01980747
v -0.00713094 -0.04101399 -0.01975601
v 0.00043244 -0.04127506 -0.02031273
v -0.00057722 -0.04127506 -0.02031273
v -0.00410649 -0.04127615 -0.01980747
v -0.00461133 -0.04127289 -0.01980747
v -0.00511616 -0.04125881 -0.01980747
v -0.00562099 -0.04123065 -0.01980747
v -0.00864543 -0.04119707 -0.01879695
v -0.00917756 -0.04103890 -0.01883906
v -0.00814515 -0.04102265 -0.01933496
v -0.00763577 -0.04116673 -0.01930221
v -0.00965055 -0.04120031 -0.01829637
v -0.01066022 -0.04117540 -0.01779111
v -0.01115595 -0.04100749 -0.01780047
v -0.01217471 -0.04117973 -0.01678060
v -0.01171536 -0.04105732 -0.01733264
v -0.01319802 -0.04103240 -0.01629873
v -0.01372105 -0.04105190 -0.01581218
v -0.01423952 -0.04106165 -0.01531628
v -0.01469432 -0.04112557 -0.01476424
v -0.01524919 -0.04106274 -0.01431044
v -0.01574037 -0.04105407 -0.01379583
v -0.01623156 -0.04103565 -0.01327186
v -0.01671365 -0.04100315 -0.01273853
v -0.01701382 -0.04088940 -0.01256543
v -0.01746863 -0.04084066 -0.01199467
v 0.00698162 -0.04102482 0.02455238
v 0.00748645 -0.04106274 0.02455238
v 0.00798673 -0.04109415 0.02455238
v 0.00849157 -0.04112123 0.02455238
v 0.00899640 -0.04114290 0.02455238
v 0.00950123 -0.04116240 0.02455238
v 0.01000606 -0.04117757 0.02455238
v 0.01051090 -0.04118948 0.02455238
v 0.01101573 -0.04120031 0.02455238
v 0.01151601 -0.04120898 0.02455238
v -0.01437141 -0.03100640 0.01566824
v -0.01489899 -0.04008017 0.01518170
v -0.01412127 -0.03100640 0.01589748
v -0.01588591 -0.03100640 0.01414311
v -0.01539472 -0.04008017 0.01466708
v -0.01514458 -0.04008017 0.01492907
v -0.01358461 -0.04008017 0.01636063
v -0.01383929 -0.04008017 0.01615011
v -0.01327079 -0.04008017 0.01661326
v -0.01302065 -0.04008017 0.01681443
v -0.01269319 -0.04008017 0.01706706
v -0.01243850 -0.04008017 0.01725419
v -0.01217471 -0.04008017 0.01744133
v -0.01182906 -0.04008017 0.01768460
v -0.01157437 -0.03554329 0.01785770
v -0.01119689 -0.03705450 0.01811033
v -0.01094220 -0.03453581 0.01827407
v -0.01066022 -0.03302243 0.01845652
v -0.01030547 -0.03554329 0.01869044
v -0.01005078 -0.04008017 0.01884950
v -0.00965055 -0.03453581 0.01909745
v -0.00939131 -0.03503955 0.01925652
v -0.00965055 -0.03100640 0.01909277
v -0.00845897 -0.03100640 0.01980388
v -0.00814060 -0.03100640 0.01998633
v -0.00938677 -0.03100640 0.01925184
v -0.00511616 -0.03403100 0.02156761
v -0.00476596 -0.03302243 0.02173602
v -0.00578927 -0.03453581 0.02124012
v -0.00451582 -0.03554329 0.02185299
v -0.00410649 -0.03302243 0.02204012
v -0.00369717 -0.03151014 0.02221789
v -0.00235550 -0.03201496 0.02279800
v -0.00309683 -0.03352726 0.02247988
v -0.00345158 -0.03755932 0.02233017
v -0.00309683 -0.03907162 0.02248456
v -0.00775857 -0.03151014 0.02020154
v -0.00678529 -0.03151014 0.02072551
v -0.00653515 -0.03251870 0.02086118
v -0.00612127 -0.03201496 0.02107170
v -0.00158688 -0.03403100 0.02309742
v -0.00158688 -0.03856788 0.02310210
v -0.00120485 -0.03705450 0.02324712
v -0.00158688 -0.03957536 0.02310210
v -0.00235095 -0.03987326 0.02279333
v -0.00158688 -0.04008017 0.02307403
v -0.00116391 -0.04008017 0.02323309
v -0.00091377 -0.04008017 0.02332665
v -0.00007239 -0.04008017 0.02362139
v 0.00345234 -0.04052866 0.02444477
v 0.00345234 -0.04078107 0.02424828
v 0.00376616 -0.04082224 0.02428571
v 0.00143756 -0.04052217 0.02392080
v 0.00172864 -0.04082657 0.02378981
v 0.00294751 -0.04070308 0.02418746
v 0.00597196 -0.04078866 0.02475354
v 0.00632670 -0.04082007 0.02478629
v 0.00748645 -0.04064241 0.02512781
v 0.00496229 -0.04067275 0.02465998
v 0.00546712 -0.04073666 0.02470676
v -0.00085465 -0.04035100 0.02330326
v -0.00057722 -0.04043334 0.02335005
v -0.00020428 -0.04078541 0.02325180
v 0.00093728 -0.04066733 0.02367285
v 0.00446201 -0.04088182 0.02436056
v 0.00496229 -0.04091541 0.02440735
v 0.00546712 -0.04094249 0.02445413
v 0.00597196 -0.04096524 0.02450091
v 0.00648589 -0.04095874 0.02459448
v 0.00849157 -0.04124798 0.02405179
v 0.00899640 -0.04125448 0.02405179
v 0.00950123 -0.04125990 0.02405179
v 0.01051090 -0.04126640 0.02405179
v 0.01151601 -0.04127181 0.02405179
v 0.01202085 -0.04127289 0.02405179
v 0.01404017 -0.04127506 0.02405179
v 0.01857457 -0.04127506 0.02405179
v 0.02059389 -0.04127289 0.02405179
v 0.02159901 -0.04126965 0.02405179
v 0.02361834 -0.04125881 0.02405179
v 0.02462801 -0.04125231 0.02405179
v 0.02519196 -0.04124689 0.02405179
v 0.02519196 -0.04111582 0.02461319
v 0.02519196 -0.04113965 0.02455238
v 0.02519196 -0.04094899 0.02502021
v 0.02519196 -0.04093165 0.02505296
v -0.02102520 -0.04087966 0.00237713
v -0.02100700 -0.04085366 0.00271397
v -0.02098426 -0.04077241 0.00305081
v -0.02103429 -0.04059691 0.00287771
v -0.02095697 -0.04059691 0.00338297
v -0.02086601 -0.04058392 0.00388355
v -0.02051581 -0.04086665 0.00523091
v -0.02047033 -0.04070091 0.00556775
v -0.02049762 -0.04036400 0.00566599
v -0.02000188 -0.04042792 0.00720048
v -0.01945157 -0.04008017 0.00859930
v -0.01953798 -0.04058392 0.00829989
v -0.01930149 -0.04008017 0.00892678
v -0.01896038 -0.04008017 0.00964256
v -0.01723668 -0.03100640 0.01245423
v -0.01700473 -0.03100640 0.01276300
v -0.01681371 -0.03100640 0.01301563
v -0.01656357 -0.03100640 0.01333844
v -0.01635436 -0.03100640 0.01359107
v -0.01856926 -0.04008017 0.01035835
v -0.01842826 -0.04008017 0.01061098
v -0.01823270 -0.04008017 0.01094314
v -0.01802804 -0.04008017 0.01127998
v -0.01786431 -0.04008017 0.01153261
v -0.01744589 -0.04008017 0.01216886
v -0.01905134 -0.04091541 -0.00912218
v -0.01953344 -0.04089807 -0.00808827
v -0.01854651 -0.04091432 -0.01011399
v -0.01801894 -0.04089266 -0.01106837
v -0.02004736 -0.04090565 -0.00669881
v -0.02048852 -0.04082766 -0.00543099
v -0.01961075 -0.04096632 -0.00770465
v -0.02056584 -0.04062941 -0.00523450
v -0.02099336 -0.04083307 -0.00291405
v -0.02097516 -0.04063266 -0.00321346
v -0.02104793 -0.04063266 -0.00271288
v -0.02023838 -0.04126532 -0.00266610
v -0.02023838 -0.04127181 -0.00216084
v -0.02023838 -0.04125448 -0.00317136
v -0.02023838 -0.04127615 0.00136661
v -0.02023838 -0.04127506 -0.00165558
v -0.02023838 -0.04127615 -0.00115500
v -0.02023838 -0.04127398 0.00187187
v -0.02023838 -0.04126965 0.00237713
v -0.02023838 -0.04123498 -0.00367194
v -0.02062952 -0.04098474 -0.00417720
v -0.02023838 -0.04115807 -0.00468246
v -0.02023838 -0.04120465 -0.00417720
v -0.02023838 -0.04126206 0.00287771
v -0.02074321 -0.04112773 0.00187187
v -0.02023838 -0.04124798 0.00337829
v -0.02074321 -0.04109307 0.00237713
v -0.02078869 -0.04101074 0.00287771
v -0.02070228 -0.04102699 0.00337829
v 0.01252568 -0.04124365 -0.01627534
v 0.01454501 -0.04118298 -0.01476424
v 0.01303051 -0.04125665 -0.01577476
v 0.02519196 -0.04125231 -0.00417720
v 0.01101573 -0.04125231 -0.01728586
v 0.00899640 -0.04126640 -0.01829637
v 0.00798673 -0.04126315 -0.01879695
v 0.01000606 -0.04126423 -0.01779111
v 0.00546712 -0.04124148 -0.01980747
v 0.00647679 -0.04126965 -0.01930221
v 0.00496229 -0.04126423 -0.01980747
v 0.00446201 -0.04127398 -0.01980747
v 0.00395717 -0.04127615 -0.01980747
v -0.00713094 -0.04123390 -0.01930221
v 0.00345234 -0.04127723 -0.01980747
v -0.00360166 -0.04127723 -0.01980747
v -0.00562099 -0.04127723 -0.01930221
v -0.00612127 -0.04127615 -0.01930221
v -0.00662611 -0.04126532 -0.01930221
v -0.00814060 -0.04125448 -0.01879695
v -0.00914572 -0.04125881 -0.01829637
v -0.01015538 -0.04125340 -0.01779111
v -0.01116505 -0.04123498 -0.01728586
v -0.01267500 -0.04121982 -0.01627534
v -0.01418949 -0.04125448 -0.01476424
v -0.01469432 -0.04125448 -0.01425898
v -0.01519916 -0.04125123 -0.01375840
v -0.01570399 -0.04124257 -0.01325314
v -0.01620427 -0.04122306 -0.01274788
v -0.01317983 -0.04124040 -0.01577476
v -0.01368466 -0.04125015 -0.01526950
v -0.01670911 -0.04118623 -0.01224263
v -0.01721394 -0.04112123 -0.01174205
v -0.01719574 -0.04094682 -0.01219584
v -0.01755504 -0.04091541 -0.01174205
v 0.00496229 -0.04110498 0.02405179
v 0.00546712 -0.04114290 0.02405179
v 0.00597196 -0.04117215 0.02405179
v 0.00647679 -0.04119598 0.02405179
v 0.00698162 -0.04121440 0.02405179
v 0.00748645 -0.04122848 0.02405179
v 0.00798673 -0.04123932 0.02405179
v -0.01437141 -0.04008017 0.01566824
v -0.01511730 -0.04058392 0.01490100
v -0.01486715 -0.04058392 0.01515363
v -0.01461701 -0.04058392 0.01539222
v -0.01434413 -0.04058392 0.01564485
v -0.01412127 -0.04008017 0.01589748
v -0.01588591 -0.04008017 0.01414311
v -0.01537198 -0.04058392 0.01463901
v -0.01355732 -0.04058392 0.01633724
v -0.01380746 -0.04058392 0.01612672
v -0.01409398 -0.04058392 0.01587409
v -0.01324350 -0.04058392 0.01658987
v -0.01299336 -0.04058392 0.01679104
v -0.01243395 -0.04037375 0.01724952
v -0.01157437 -0.04008017 0.01785770
v -0.01093310 -0.04041383 0.01826939
v -0.01119689 -0.04008017 0.01811033
v -0.01094674 -0.03856788 0.01827407
v -0.01066022 -0.03755932 0.01846120
v -0.01030547 -0.04008017 0.01869044
v -0.00965055 -0.04008017 0.01909745
v -0.00939131 -0.04008017 0.01925652
v -0.00914117 -0.03907162 0.01940622
v -0.00871366 -0.03503955 0.01965885
v -0.00913662 -0.03403100 0.01940622
v -0.00814060 -0.03453581 0.01999101
v -0.00579382 -0.03806306 0.02124012
v -0.00511616 -0.04008017 0.02156761
v -0.00476596 -0.03957536 0.02173602
v -0.00451582 -0.03957536 0.02185299
v -0.00410649 -0.03957536 0.02204012
v -0.00370627 -0.03907162 0.02221789
v -0.00235550 -0.03352726 0.02279800
v -0.00345158 -0.03957536 0.02233017
v -0.00309683 -0.03957536 0.02248456
v -0.00776312 -0.03503955 0.02020154
v -0.00750843 -0.03201496 0.02033721
v -0.00678984 -0.03352726 0.02072551
v -0.00653515 -0.03554329 0.02086118
v -0.00209172 -0.03957536 0.02290093
v -0.00212355 -0.04005634 0.02286818
v -0.00235550 -0.03957536 0.02279333
v -0.00260564 -0.03957536 0.02269040
v -0.00344248 -0.04008017 0.02232549
v -0.00309683 -0.04008017 0.02247052
v -0.00254652 -0.04005634 0.02269976
v -0.00231911 -0.04020909 0.02277929
v 0.00206064 -0.04086341 0.02383191
v 0.00410271 -0.04085474 0.02432314
v 0.00143756 -0.04077458 0.02374303
v 0.00013228 -0.04084932 0.02330794
v 0.00043244 -0.04088507 0.02335005
v -0.00198256 -0.04043983 0.02284479
v -0.00156869 -0.04059800 0.02290560
v -0.00172332 -0.04077566 0.02274654
v -0.00057722 -0.04068575 0.02319098
v -0.00138677 -0.04085474 0.02280736
v 0.00294751 -0.04093924 0.02393484
v 0.00345234 -0.04096957 0.02399565
v 0.00394353 -0.04097282 0.02409390
v 0.00446201 -0.04105732 0.02405179
v 0.00546712 -0.04125665 0.02354654
v 0.00597196 -0.04126423 0.02354654
v 0.00647679 -0.04126965 0.02354654
v 0.00698162 -0.04127289 0.02354654
v 0.00748645 -0.04127506 0.02354654
v 0.00798673 -0.04127615 0.02354654
v 0.00849157 -0.04127723 0.02354654
v 0.02412317 -0.04127723 0.02354654
v 0.02519196 -0.04127615 0.02354654
v -0.02065680 -0.04100424 0.00388355
v -0.02060677 -0.04096849 0.00438881
v -0.02055220 -0.04091432 0.00489407
v -0.02009285 -0.04095224 0.00640516
v -0.02002917 -0.04089049 0.00678879
v -0.01997460 -0.04076374 0.00712563
v -0.02023384 -0.04058392 0.00640516
v -0.02040666 -0.04055358 0.00585780
v -0.02006556 -0.04059150 0.00693849
v -0.01990183 -0.04059150 0.00738761
v -0.01969262 -0.04058392 0.00791626
v -0.01942883 -0.04058392 0.00855251
v -0.01950615 -0.04086665 0.00822503
v -0.01925601 -0.04058392 0.00892678
v -0.01906044 -0.04058392 0.00934783
v -0.01893765 -0.04058392 0.00960046
v -0.01876027 -0.04058392 0.00993262
v -0.01855106 -0.04058392 0.01032092
v -0.01723668 -0.04008017 0.01245423
v -0.01700473 -0.04008017 0.01276300
v -0.01681371 -0.04008017 0.01301563
v -0.01656357 -0.04008017 0.01333844
v -0.01635436 -0.04008017 0.01359107
v -0.01840552 -0.04058392 0.01057355
v -0.01818722 -0.04058392 0.01094314
v -0.01800530 -0.04058392 0.01124723
v -0.01784157 -0.04058392 0.01149986
v -0.01759143 -0.04058392 0.01188348
v -0.01741860 -0.04058392 0.01213611
v -0.01719120 -0.04058392 0.01245423
v -0.01698654 -0.04058392 0.01273493
v -0.01914685 -0.04099016 -0.00871517
v -0.01865112 -0.04099124 -0.00972569
v -0.01811900 -0.04097065 -0.01073153
v -0.01773696 -0.04101615 -0.01123679
v -0.02012468 -0.04097932 -0.00619356
v -0.02052946 -0.04088616 -0.00509415
v -0.01926965 -0.04103565 -0.00823798
v -0.01923327 -0.04118515 -0.00770465
v -0.01973355 -0.04111907 -0.00669881
v -0.01975629 -0.04099665 -0.00717132
v -0.02057949 -0.04093924 -0.00468246
v -0.01973355 -0.04126640 -0.00518772
v -0.01973355 -0.04127506 -0.00468246
v -0.01973355 -0.04127723 0.00388355
v -0.01973355 -0.04127615 0.00438881
v -0.01973355 -0.04127723 -0.00417720
v -0.01973355 -0.04127289 0.00489407
v -0.01973355 -0.04124365 -0.00568830
v -0.02019745 -0.04102265 -0.00568830
v -0.01973355 -0.04119923 -0.00619356
v -0.02023838 -0.04122415 0.00388355
v -0.01973355 -0.04125881 0.00539465
v -0.02023838 -0.04118840 0.00438881
v 0.01151601 -0.04126856 -0.01678060
v 0.01353534 -0.04126315 -0.01526950
v 0.02519196 -0.04126315 -0.00411170
v 0.00849157 -0.04127615 -0.01829637
v 0.00748645 -0.04127615 -0.01879695
v 0.01051090 -0.04127506 -0.01728586
v 0.00950123 -0.04127615 -0.01779111
v 0.00597196 -0.04127615 -0.01930221
v 0.00546712 -0.04127723 -0.01930221
v -0.00713094 -0.04127723 -0.01879695
v -0.00864543 -0.04127615 -0.01829637
v -0.00763577 -0.04127398 -0.01879695
v -0.00965055 -0.04127506 -0.01779111
v -0.01066022 -0.04127181 -0.01728586
v -0.01166988 -0.04125990 -0.01678060
v -0.01368466 -0.04127723 -0.01476424
v -0.01469432 -0.04127723 -0.01375840
v -0.01267500 -0.04127506 -0.01577476
v -0.01570399 -0.04127506 -0.01274788
v -0.01620427 -0.04127181 -0.01224263
v -0.01670911 -0.04126206 -0.01174205
v -0.01721394 -0.04123932 -0.01123679
v -0.01217471 -0.04127073 -0.01627534
v -0.01771877 -0.04118732 -0.01073153
v 0.00294751 -0.04113965 0.02354654
v 0.00345234 -0.04118082 0.02354654
v 0.00395717 -0.04121006 0.02354654
v 0.00446201 -0.04123065 0.02354654
v 0.00496229 -0.04124581 0.02354654
v -0.01504453 -0.04091866 0.01482147
v -0.01453969 -0.04091649 0.01532205
v -0.01402576 -0.04090674 0.01580859
v -0.01607693 -0.04058392 0.01386241
v -0.01585862 -0.04058392 0.01411036
v -0.01560848 -0.04058392 0.01438638
v -0.01553571 -0.04091324 0.01431621
v -0.01295243 -0.04085691 0.01675829
v -0.01349364 -0.04088832 0.01628578
v -0.01238847 -0.04070958 0.01721677
v -0.01263406 -0.04055900 0.01706706
v -0.01220200 -0.04055900 0.01738051
v -0.01094674 -0.04008017 0.01827407
v -0.01179268 -0.04058392 0.01765653
v -0.01153798 -0.04058392 0.01782962
v -0.01112866 -0.04058283 0.01810565
v -0.01088307 -0.04074966 0.01823196
v -0.01069205 -0.04058283 0.01839102
v -0.01000985 -0.04058392 0.01882143
v -0.01066022 -0.04008017 0.01846120
v -0.00914117 -0.04008017 0.01940622
v -0.00965055 -0.04058392 0.01904131
v -0.00843623 -0.04044308 0.01978984
v -0.00871366 -0.04008017 0.01965885
v -0.00846351 -0.03755932 0.01980388
v -0.00814060 -0.04008017 0.01999101
v -0.00579382 -0.03957536 0.02124012
v -0.00476141 -0.04008017 0.02173602
v -0.00578927 -0.04008017 0.02124012
v -0.00548000 -0.04047883 0.02133369
v -0.00450672 -0.04008017 0.02185299
v -0.00370627 -0.03957536 0.02221789
v -0.00410649 -0.04008017 0.02203544
v -0.00369262 -0.04008017 0.02221789
v -0.00776312 -0.04008017 0.02020154
v -0.00751298 -0.03907162 0.02033721
v -0.00713094 -0.03453581 0.02054305
v -0.00678984 -0.04008017 0.02072551
v -0.00653969 -0.04008017 0.02085650
v -0.00612127 -0.04008017 0.02107170
v -0.00340155 -0.04038459 0.02230678
v 0.00093728 -0.04093490 0.02342022
v 0.00143756 -0.04097391 0.02349507
v 0.00244268 -0.04089916 0.02387402
v -0.00108205 -0.04089591 0.02285882
v -0.00057722 -0.04095224 0.02293835
v -0.00004964 -0.04096957 0.02306935
v -0.00305590 -0.04056549 0.02235824
v -0.00286033 -0.04084282 0.02229274
v -0.00259200 -0.04088507 0.02233953
v -0.00209172 -0.04095224 0.02242842
v 0.00244268 -0.04108657 0.02354654
v 0.00294751 -0.04125773 0.02304128
v 0.00345234 -0.04126748 0.02304128
v 0.00395717 -0.04127289 0.02304128
v 0.00446201 -0.04127615 0.02304128
v 0.00496229 -0.04127723 0.02304128
v 0.02519196 -0.04127723 0.02304128
v -0.02023838 -0.04113098 0.00489407
v -0.02016561 -0.04100749 0.00589991
v -0.01973355 -0.04117107 0.00640516
v -0.01977903 -0.04103348 0.00693849
v -0.01966533 -0.04100424 0.00741100
v -0.01956982 -0.04093057 0.00791626
v -0.01909682 -0.04095549 0.00892678
v -0.01901951 -0.04088507 0.00926362
v -0.01851013 -0.04087858 0.01025075
v -0.01797801 -0.04084716 0.01120980
v -0.01679097 -0.04058392 0.01298756
v -0.01654083 -0.04058392 0.01331037
v -0.01696379 -0.04083741 0.01270686
v -0.01877392 -0.04104865 -0.00926253
v -0.01872843 -0.04121006 -0.00871517
v -0.01825999 -0.04104432 -0.01025902
v -0.01822360 -0.04121115 -0.00972569
v -0.01923327 -0.04124365 -0.00720407
v -0.01923327 -0.04126965 -0.00669881
v -0.01923327 -0.04127615 -0.00619356
v -0.01923327 -0.04127723 0.00589991
v -0.01923327 -0.04127506 0.00640516
v -0.01923327 -0.04127723 -0.00568830
v -0.01923327 -0.04126206 0.00691042
v -0.01973355 -0.04122740 0.00589991
v 0.01202085 -0.04127506 -0.01627534
v 0.01404017 -0.04126640 -0.01476424
v 0.02519196 -0.04127615 -0.00367194
v 0.00798673 -0.04127723 -0.01829637
v 0.00698162 -0.04127723 -0.01879695
v 0.01101573 -0.04127723 -0.01678060
v -0.00814060 -0.04127723 -0.01829637
v -0.01015538 -0.04127723 -0.01728586
v -0.01116505 -0.04127615 -0.01678060
v -0.01166988 -0.04127723 -0.01627534
v -0.01670911 -0.04127723 -0.01123679
v -0.01721394 -0.04127289 -0.01073153
v -0.01771877 -0.04125773 -0.01022627
v 0.00093728 -0.04113748 0.02304128
v 0.00143756 -0.04118732 0.02304128
v 0.00194240 -0.04122198 0.02304128
v 0.00244268 -0.04124365 0.02304128
v -0.01520825 -0.04101723 0.01447995
v -0.01470342 -0.04101940 0.01498521
v -0.01418949 -0.04101182 0.01548579
v -0.01367102 -0.04099232 0.01598169
v -0.01649535 -0.04087641 0.01325891
v -0.01602235 -0.04090024 0.01379223
v -0.01570399 -0.04100532 0.01396533
v -0.01267500 -0.04093816 0.01686121
v -0.01205191 -0.04092407 0.01733373
v -0.01147431 -0.04087966 0.01778752
v -0.01314345 -0.04095765 0.01646823
v -0.00994617 -0.04086557 0.01878401
v -0.00909114 -0.04058392 0.01937815
v -0.00836346 -0.04077891 0.01974774
v -0.00817244 -0.04060017 0.01989745
v -0.00746749 -0.04049291 0.02031382
v -0.00846351 -0.04008017 0.01980388
v -0.00862269 -0.04060017 0.01964482
v -0.00445669 -0.04043875 0.02182491
v -0.00648512 -0.04049942 0.02082843
v -0.00534356 -0.04081466 0.02126819
v -0.00637597 -0.04083632 0.02077229
v -0.00751298 -0.04008017 0.02033721
v -0.00713094 -0.04008017 0.02054305
v -0.00411104 -0.04059800 0.02190445
v -0.00428387 -0.04077566 0.02175006
v 0.00043244 -0.04106924 0.02304128
v -0.00156869 -0.04097715 0.02256409
v -0.00108205 -0.04108874 0.02253602
v -0.00319689 -0.04072041 0.02222257
v -0.00394731 -0.04087424 0.02182023
v -0.00360166 -0.04092949 0.02189041
v -0.00305590 -0.04096307 0.02204479
v -0.00259200 -0.04107574 0.02203544
v 0.00093728 -0.04125881 0.02253602
v 0.00143756 -0.04126965 0.02253602
v 0.00194240 -0.04127506 0.02253602
v -0.00007239 -0.04127506 0.02203544
v 0.00093728 -0.04127723 0.02203544
v 0.02519196 -0.04127723 -0.00361112
v -0.01923327 -0.04122415 0.00741100
v -0.01923327 -0.04114506 0.00791626
v -0.01925146 -0.04100532 0.00840749
v -0.01872843 -0.04117215 0.00892678
v -0.01875117 -0.04101832 0.00943204
v -0.01859654 -0.04095224 0.00993262
v -0.01805987 -0.04092082 0.01094314
v -0.01753230 -0.04090565 0.01179927
v -0.01705476 -0.04091541 0.01245423
v -0.01822360 -0.04126315 -0.00922043
v -0.01872843 -0.04125990 -0.00820991
v -0.01872843 -0.04127506 -0.00770465
v -0.01872843 -0.04127723 -0.00720407
v -0.01872843 -0.04127723 0.00741100
v -0.01872843 -0.04127181 0.00791626
v -0.01872843 -0.04124473 0.00842152
v 0.01252568 -0.04127615 -0.01577476
v 0.01303051 -0.04127723 -0.01526950
v 0.02462801 -0.04127723 -0.00417720
v -0.01771877 -0.04127615 -0.00972569
v -0.00057722 -0.04116240 0.02253602
v -0.00007239 -0.04121115 0.02253602
v 0.00043244 -0.04124040 0.02253602
v -0.01570399 -0.04120031 0.01346475
v -0.01519916 -0.04121657 0.01396533
v -0.01469432 -0.04122198 0.01447059
v -0.01368466 -0.04120898 0.01548111
v -0.01418949 -0.04121982 0.01497585
v -0.01317983 -0.04118623 0.01598169
v -0.01267500 -0.04114506 0.01648695
v -0.01619518 -0.04097932 0.01344136
v -0.01668182 -0.04093490 0.01290803
v -0.01620427 -0.04117107 0.01295949
v -0.01220200 -0.04104540 0.01702495
v -0.01165169 -0.04099774 0.01750214
v -0.01116505 -0.04095874 0.01789044
v -0.01054651 -0.04092191 0.01833956
v -0.00965055 -0.04093924 0.01886821
v -0.00899108 -0.04089591 0.01931733
v -0.00737653 -0.04082874 0.02026703
v -0.00500701 -0.04089591 0.02133837
v -0.00703998 -0.04091324 0.02035124
v -0.00603941 -0.04090890 0.02084714
v -0.00209172 -0.04116348 0.02203544
v -0.00461133 -0.04095982 0.02142726
v -0.00360166 -0.04113640 0.02153018
v -0.00108205 -0.04124906 0.02203544
v -0.00057722 -0.04126640 0.02203544
v -0.00209172 -0.04126748 0.02153018
v -0.00158688 -0.04127506 0.02153018
v -0.00108205 -0.04127723 0.02153018
v -0.01822360 -0.04124798 0.00943204
v -0.01822360 -0.04116781 0.00993262
v -0.01823725 -0.04100640 0.01042852
v -0.01770967 -0.04096307 0.01140629
v -0.01723668 -0.04102699 0.01195833
v -0.01670911 -0.04111907 0.01245423
v -0.01822360 -0.04127615 -0.00871517
v -0.01771877 -0.04127723 0.00943204
v -0.01822360 -0.04127289 0.00892678
v -0.00158688 -0.04121765 0.02203544
v -0.01670911 -0.04124257 0.01194898
v -0.01620427 -0.04125990 0.01245423
v -0.01570399 -0.04126748 0.01295949
v -0.01519916 -0.04127181 0.01346475
v -0.01418949 -0.04127398 0.01447059
v -0.01368466 -0.04127289 0.01497585
v -0.01267500 -0.04126423 0.01598169
v -0.01217471 -0.04125231 0.01648695
v -0.01317983 -0.04126965 0.01548111
v -0.01166988 -0.04122523 0.01699221
v -0.01116505 -0.04117215 0.01749747
v -0.01721394 -0.04120465 0.01144840
v -0.01069205 -0.04104757 0.01804015
v -0.01013265 -0.04098690 0.01850798
v -0.00864543 -0.04096957 0.01941558
v -0.00802690 -0.04090999 0.01983663
v -0.00562099 -0.04097824 0.02095007
v -0.00763577 -0.04098365 0.01994423
v -0.00662611 -0.04098582 0.02045416
v -0.00309683 -0.04120790 0.02153018
v -0.00515254 -0.04102590 0.02106703
v -0.00461133 -0.04117431 0.02102492
v -0.00259200 -0.04124689 0.02153018
v -0.00360166 -0.04126315 0.02102492
v -0.00461133 -0.04127073 0.02051966
v -0.00309683 -0.04127506 0.02102492
v -0.00259200 -0.04127723 0.02102492
v -0.01771877 -0.04127181 0.00993262
v -0.01721394 -0.04126532 0.01094314
v -0.01771877 -0.04123823 0.01043788
v -0.01771877 -0.04112882 0.01094314
v -0.01721394 -0.04127723 0.01043788
v -0.01670911 -0.04127398 0.01144840
v -0.01620427 -0.04127723 0.01194898
v -0.01570399 -0.04127723 0.01245423
v -0.01469432 -0.04127723 0.01346475
v -0.01217471 -0.04127723 0.01598169
v -0.01166988 -0.04127615 0.01648695
v -0.01116505 -0.04127073 0.01699221
v -0.01066022 -0.04125556 0.01749747
v -0.01015538 -0.04122198 0.01800273
v -0.00965055 -0.04115157 0.01850330
v -0.00915482 -0.04102157 0.01903195
v -0.00864543 -0.04118623 0.01900856
v -0.00817244 -0.04103782 0.01955125
v -0.00617130 -0.04103890 0.02057112
v -0.00562099 -0.04119490 0.02051966
v -0.00763577 -0.04120140 0.01951382
v -0.00717642 -0.04104324 0.02006586
v -0.00662611 -0.04120357 0.02001908
v -0.00410649 -0.04123390 0.02102492
v -0.00511616 -0.04124906 0.02051966
v -0.00612127 -0.04125556 0.02001908
v -0.00562099 -0.04127398 0.02001908
v -0.00511616 -0.04127723 0.02001908
v -0.00914572 -0.04127723 0.01800273
v -0.01015538 -0.04127615 0.01749747
v -0.00965055 -0.04126856 0.01800273
v -0.00914572 -0.04124365 0.01850330
v -0.00814060 -0.04125448 0.01900856
v -0.00713094 -0.04125665 0.01951382
v -0.00662611 -0.04127506 0.01951382
v -0.00763577 -0.04127506 0.01900856
v -0.00864543 -0.04127289 0.01850330
f 1 2 5
f 1 5 32
f 1 32 11
f 1 11 3
f 1 3 13
f 1 13 45
f 1 45 100
f 1 100 185
f 1 185 294
f 1 294 451
f 1 451 637
f 1 637 816
f 1 816 1014
f 1 1014 1013
f 1 1013 1232
f 1 1232 1434
f 1 1434 1433
f 1 1433 1431
f 1 1431 1432
f 1 1432 1430
f 1 1430 1600
f 1 1600 1741
f 1 1741 1823
f 1 1823 1769
f 1 1769 1657
f 1 1657 1492
f 1 1492 1296
f 1 1296 1295
f 1 1295 1077
f 1 1077 1072
f 1 1072 864
f 1 864 673
f 1 673 476
f 1 476 314
f 1 314 199
f 1 199 198
f 1 198 107
f 1 107 47
f 1 47 15
f 1 15 4
f 1 4 14
f 1 14 46
f 1 46 101
f 1 101 186
f 1 186 252
f 1 252 159
f 1 159 81
f 1 81 33
f 1 33 6
f 1 6 2
f 2 6 7
f 2 7 8
f 2 8 9
f 2 9 10
f 2 10 5
f 3 11 12
f 3 12 13
f 4 15 16
f 4 16 17
f 4 17 18
f 4 18 19
f 4 19 20
f 4 20 21
f 4 21 22
f 4 22 23
f 4 23 24
f 4 24 25
f 4 25 26
f 4 26 27
f 4 27 28
f 4 28 29
f 4 29 30
f 4 30 31
f 4 31 14
f 5 10 41
f 5 41 32
f 6 33 7
f 7 34 8
f 7 33 35
f 7 35 36
f 7 36 37
f 7 37 34
f 8 34 9
f 9 34 38
f 9 38 39
f 9 39 40
f 9 40 10
f 10 40 94
f 10 94 41
f 11 32 80
f 11 80 42
f 11 42 12
f 12 42 43
f 12 43 96
f 12 96 44
f 12 44 13
f 13 44 45
f 14 31 46
f 15 47 48
f 15 48 49
f 15 49 16
f 16 49 17
f 17 49 50
f 17 50 51
f 17 51 52
f 17 52 18
f 18 53 54
f 18 54 55
f 18 55 19
f 18 52 53
f 19 55 20
f 20 55 56
f 20 56 57
f 20 57 58
f 20 58 21
f 21 58 121
f 21 121 59
f 21 59 60
f 21 60 22
f 22 60 61
f 22 61 62
f 22 62 65
f 22 65 23
f 23 63 64
f 23 64 24
f 23 65 66
f 23 66 67
f 23 67 68
f 23 68 69
f 23 69 63
f 24 64 25
f 25 64 70
f 25 70 71
f 25 71 26
f 26 71 27
f 27 71 72
f 27 72 73
f 27 73 28
f 28 73 74
f 28 74 75
f 28 75 76
f 28 76 77
f 28 77 29
f 29 77 30
f 30 77 31
f 31 78 46
f 31 77 78
f 32 41 79
f 32 79 80
f 33 81 35
f 34 37 82
f 34 82 38
f 35 83 161
f 35 161 84
f 35 84 36
f 35 81 83
f 36 84 85
f 36 85 37
f 37 85 86
f 37 86 87
f 37 87 88
f 37 88 89
f 37 89 90
f 37 90 82
f 38 91 92
f 38 92 39
f 38 82 90
f 38 90 91
f 39 92 93
f 39 93 94
f 39 94 40
f 41 94 156
f 41 156 79
f 42 80 158
f 42 158 95
f 42 95 43
f 43 95 180
f 43 180 96
f 44 96 45
f 45 96 97
f 45 97 98
f 45 98 99
f 45 99 100
f 46 78 102
f 46 102 103
f 46 103 104
f 46 104 105
f 46 105 106
f 46 106 101
f 47 107 108
f 47 108 109
f 47 109 110
f 47 110 49
f 47 49 48
f 49 110 50
f 50 110 111
f 50 111 51
f 51 112 52
f 51 111 113
f 51 113 112
f 52 112 54
f 52 54 53
f 54 114 115
f 54 115 116
f 54 116 117
f 54 117 118
f 54 118 119
f 54 119 55
f 54 112 114
f 55 119 120
f 55 120 57
f 55 57 56
f 57 121 58
f 57 120 118
f 57 118 122
f 57 122 123
f 57 123 124
f 57 124 125
f 57 125 126
f 57 126 127
f 57 127 59
f 57 59 121
f 59 127 128
f 59 128 60
f 60 128 61
f 61 128 129
f 61 129 130
f 61 130 131
f 61 131 62
f 62 131 135
f 62 135 65
f 63 132 133
f 63 133 134
f 63 134 64
f 63 69 132
f 64 134 70
f 65 135 67
f 65 67 66
f 67 135 136
f 67 136 137
f 67 137 68
f 68 137 69
f 69 138 139
f 69 139 132
f 69 137 140
f 69 140 141
f 69 141 142
f 69 142 138
f 70 134 143
f 70 143 71
f 71 144 145
f 71 145 72
f 71 143 144
f 72 146 73
f 72 145 144
f 72 144 146
f 73 146 74
f 74 147 148
f 74 148 75
f 74 146 149
f 74 149 147
f 75 148 150
f 75 150 151
f 75 151 76
f 76 151 152
f 76 152 77
f 77 152 153
f 77 153 78
f 78 153 154
f 78 154 155
f 78 155 188
f 78 188 102
f 79 156 249
f 79 249 157
f 79 157 158
f 79 158 80
f 81 159 83
f 83 160 161
f 83 159 160
f 84 161 162
f 84 162 163
f 84 163 85
f 85 163 164
f 85 164 165
f 85 165 86
f 86 165 87
f 87 166 167
f 87 167 168
f 87 168 169
f 87 169 170
f 87 170 171
f 87 171 88
f 87 165 172
f 87 172 166
f 88 171 89
f 89 171 90
f 90 171 91
f 91 171 173
f 91 173 174
f 91 174 175
f 91 175 279
f 91 279 176
f 91 176 92
f 92 176 177
f 92 177 93
f 93 177 94
f 94 177 282
f 94 282 178
f 94 178 156
f 95 158 251
f 95 251 179
f 95 179 180
f 96 180 97
f 97 180 98
f 98 180 181
f 98 181 99
f 99 181 182
f 99 182 183
f 99 183 100
f 100 183 184
f 100 184 185
f 101 106 187
f 101 187 186
f 102 188 189
f 102 189 103
f 103 190 191
f 103 191 104
f 103 189 190
f 104 192 193
f 104 193 105
f 104 191 192
f 105 193 194
f 105 194 106
f 106 194 195
f 106 195 196
f 106 196 197
f 106 197 187
f 107 198 109
f 107 109 108
f 109 113 111
f 109 111 110
f 109 198 199
f 109 199 113
f 112 200 114
f 112 113 200
f 113 199 201
f 113 201 202
f 113 202 203
f 113 203 200
f 114 204 205
f 114 205 115
f 114 200 204
f 115 206 207
f 115 207 208
f 115 208 123
f 115 123 116
f 115 205 206
f 116 123 118
f 116 118 117
f 118 123 122
f 118 120 119
f 123 208 209
f 123 209 210
f 123 210 211
f 123 211 124
f 124 211 125
f 125 212 213
f 125 213 214
f 125 214 215
f 125 215 216
f 125 216 217
f 125 217 126
f 125 211 212
f 126 217 218
f 126 218 127
f 127 218 128
f 128 218 129
f 129 219 220
f 129 220 221
f 129 221 222
f 129 222 223
f 129 223 131
f 129 131 130
f 129 218 219
f 131 223 136
f 131 136 135
f 132 224 225
f 132 225 133
f 132 139 226
f 132 226 224
f 133 225 143
f 133 143 134
f 136 223 352
f 136 352 227
f 136 227 228
f 136 228 229
f 136 229 230
f 136 230 231
f 136 231 137
f 137 231 140
f 138 226 139
f 138 142 232
f 138 232 226
f 140 231 230
f 140 230 141
f 141 230 229
f 141 229 233
f 141 233 234
f 141 234 232
f 141 232 142
f 143 225 235
f 143 235 144
f 144 236 149
f 144 149 146
f 144 235 237
f 144 237 236
f 147 149 238
f 147 238 239
f 147 239 240
f 147 240 241
f 147 241 242
f 147 242 148
f 148 242 150
f 149 236 243
f 149 243 238
f 150 242 244
f 150 244 151
f 151 244 152
f 152 245 246
f 152 246 154
f 152 154 153
f 152 244 245
f 154 247 248
f 154 248 155
f 154 246 247
f 155 248 302
f 155 302 188
f 156 178 249
f 157 249 250
f 157 250 158
f 158 250 251
f 159 252 253
f 159 253 160
f 160 253 161
f 161 253 162
f 162 253 254
f 162 254 255
f 162 255 163
f 163 255 256
f 163 256 164
f 164 257 258
f 164 258 165
f 164 256 259
f 164 259 257
f 165 258 257
f 165 257 172
f 166 260 261
f 166 261 262
f 166 262 167
f 166 172 263
f 166 263 264
f 166 264 260
f 167 262 265
f 167 265 168
f 168 266 169
f 168 265 266
f 169 266 418
f 169 418 267
f 169 267 268
f 169 268 170
f 170 268 422
f 170 422 269
f 170 269 270
f 170 270 271
f 170 271 171
f 171 271 272
f 171 272 173
f 172 257 273
f 172 273 274
f 172 274 275
f 172 275 276
f 172 276 263
f 173 272 174
f 174 277 279
f 174 279 175
f 174 272 278
f 174 278 435
f 174 435 277
f 176 280 282
f 176 282 177
f 176 279 437
f 176 437 281
f 176 281 280
f 178 282 283
f 178 283 249
f 179 284 180
f 179 251 396
f 179 396 285
f 179 285 286
f 179 286 287
f 179 287 284
f 180 284 288
f 180 288 181
f 181 288 289
f 181 289 290
f 181 290 182
f 182 290 183
f 183 290 291
f 183 291 184
f 184 291 292
f 184 292 185
f 185 292 293
f 185 293 294
f 186 187 295
f 186 295 296
f 186 296 297
f 186 297 298
f 186 298 252
f 187 197 299
f 187 299 300
f 187 300 295
f 188 301 189
f 188 302 301
f 189 301 303
f 189 303 190
f 190 303 304
f 190 304 191
f 191 304 305
f 191 305 192
f 192 305 304
f 192 304 306
f 192 306 307
f 192 307 193
f 193 307 308
f 193 308 309
f 193 309 194
f 194 309 195
f 195 309 308
f 195 308 307
f 195 307 310
f 195 310 311
f 195 311 196
f 196 311 312
f 196 312 197
f 197 312 313
f 197 313 299
f 199 314 201
f 200 203 315
f 200 315 316
f 200 316 317
f 200 317 318
f 200 318 319
f 200 319 320
f 200 320 321
f 200 321 205
f 200 205 204
f 201 322 323
f 201 323 203
f 201 203 202
f 201 314 322
f 203 323 324
f 203 324 315
f 205 321 325
f 205 325 326
f 205 326 327
f 205 327 489
f 205 489 328
f 205 328 493
f 205 493 329
f 205 329 206
f 206 330 331
f 206 331 207
f 206 329 493
f 206 493 330
f 207 331 332
f 207 332 208
f 208 332 333
f 208 333 209
f 209 333 334
f 209 334 210
f 210 334 502
f 210 502 335
f 210 335 211
f 211 335 336
f 211 336 212
f 212 336 503
f 212 503 337
f 212 337 338
f 212 338 213
f 213 338 339
f 213 339 214
f 214 339 340
f 214 340 215
f 215 340 341
f 215 341 216
f 216 341 510
f 216 510 342
f 216 342 217
f 217 342 343
f 217 343 344
f 217 344 345
f 217 345 346
f 217 346 347
f 217 347 348
f 217 348 218
f 218 348 347
f 218 347 219
f 219 347 349
f 219 349 350
f 219 350 220
f 220 222 221
f 220 350 351
f 220 351 222
f 222 351 352
f 222 352 223
f 224 353 225
f 224 226 354
f 224 354 353
f 225 355 237
f 225 237 235
f 225 353 355
f 226 356 357
f 226 357 354
f 226 232 356
f 227 352 358
f 227 358 228
f 228 358 530
f 228 530 359
f 228 359 360
f 228 360 229
f 229 360 364
f 229 364 233
f 232 234 361
f 232 361 362
f 232 362 363
f 232 363 356
f 233 364 365
f 233 365 234
f 234 365 533
f 234 533 361
f 236 237 243
f 237 355 366
f 237 366 367
f 237 367 368
f 237 368 369
f 237 369 370
f 237 370 371
f 237 371 372
f 237 372 373
f 237 373 243
f 238 243 374
f 238 374 375
f 238 375 376
f 238 376 377
f 238 377 378
f 238 378 379
f 238 379 380
f 238 380 240
f 238 240 239
f 240 380 381
f 240 381 382
f 240 382 383
f 240 383 384
f 240 384 241
f 241 384 385
f 241 385 386
f 241 386 242
f 242 386 244
f 243 373 374
f 244 386 387
f 244 387 245
f 245 247 246
f 245 387 388
f 245 388 389
f 245 389 247
f 247 389 248
f 248 389 302
f 249 283 390
f 249 390 391
f 249 391 392
f 249 392 250
f 250 392 393
f 250 393 394
f 250 394 251
f 251 394 395
f 251 395 396
f 252 397 398
f 252 398 399
f 252 399 400
f 252 400 401
f 252 401 402
f 252 402 403
f 252 403 404
f 252 404 253
f 252 298 405
f 252 405 406
f 252 406 397
f 253 404 254
f 254 404 407
f 254 407 255
f 255 407 408
f 255 408 256
f 256 408 409
f 256 409 259
f 257 259 273
f 259 409 410
f 259 410 273
f 260 264 411
f 260 411 261
f 261 411 592
f 261 592 412
f 261 412 413
f 261 413 262
f 262 413 595
f 262 595 414
f 262 414 415
f 262 415 265
f 263 276 416
f 263 416 411
f 263 411 264
f 265 415 417
f 265 417 266
f 266 417 415
f 266 415 596
f 266 596 418
f 267 418 419
f 267 419 420
f 267 420 607
f 267 607 421
f 267 421 422
f 267 422 268
f 269 423 271
f 269 271 270
f 269 422 423
f 271 423 424
f 271 424 611
f 271 611 425
f 271 425 426
f 271 426 272
f 272 426 278
f 273 427 428
f 273 428 274
f 273 410 429
f 273 429 430
f 273 430 427
f 274 431 432
f 274 432 275
f 274 428 433
f 274 433 434
f 274 434 431
f 275 432 416
f 275 416 276
f 277 435 436
f 277 436 279
f 278 426 425
f 278 425 611
f 278 611 435
f 279 436 437
f 280 281 438
f 280 438 282
f 281 437 439
f 281 439 438
f 282 438 440
f 282 440 283
f 283 440 441
f 283 441 391
f 283 391 390
f 284 287 288
f 285 396 442
f 285 442 286
f 286 442 287
f 287 442 443
f 287 443 444
f 287 444 445
f 287 445 446
f 287 446 288
f 288 446 289
f 289 446 290
f 290 446 447
f 290 447 291
f 291 448 292
f 291 447 448
f 292 448 447
f 292 447 449
f 292 449 293
f 293 450 451
f 293 451 294
f 293 449 452
f 293 452 450
f 295 453 454
f 295 454 455
f 295 455 456
f 295 456 296
f 295 300 457
f 295 457 458
f 295 458 453
f 296 456 459
f 296 459 297
f 297 459 298
f 298 459 460
f 298 460 405
f 299 458 457
f 299 457 300
f 299 313 458
f 301 302 461
f 301 461 462
f 301 462 463
f 301 463 303
f 302 389 461
f 303 463 304
f 304 463 464
f 304 464 465
f 304 465 466
f 304 466 306
f 306 467 307
f 306 466 467
f 307 467 468
f 307 468 310
f 310 468 469
f 310 469 311
f 311 470 471
f 311 471 312
f 311 469 470
f 312 471 472
f 312 472 313
f 313 472 669
f 313 669 473
f 313 473 474
f 313 474 475
f 313 475 458
f 314 476 484
f 314 484 322
f 315 477 478
f 315 478 316
f 315 324 486
f 315 486 477
f 316 478 479
f 316 479 317
f 317 479 480
f 317 480 318
f 318 480 481
f 318 481 319
f 319 481 482
f 319 482 320
f 320 482 483
f 320 483 321
f 321 483 487
f 321 487 325
f 322 484 485
f 322 485 323
f 323 485 486
f 323 486 324
f 325 487 488
f 325 488 326
f 326 488 489
f 326 489 327
f 328 490 491
f 328 491 492
f 328 492 330
f 328 330 493
f 328 489 488
f 328 488 487
f 328 487 494
f 328 494 495
f 328 495 496
f 328 496 490
f 330 492 497
f 330 497 331
f 331 497 332
f 332 498 499
f 332 499 333
f 332 497 498
f 333 499 334
f 334 499 500
f 334 500 501
f 334 501 502
f 335 502 503
f 335 503 336
f 337 503 501
f 337 501 504
f 337 504 505
f 337 505 338
f 338 506 339
f 338 505 506
f 339 506 340
f 340 506 507
f 340 507 508
f 340 508 341
f 341 508 509
f 341 509 510
f 342 510 511
f 342 511 343
f 343 511 512
f 343 512 344
f 344 512 513
f 344 513 345
f 345 513 514
f 345 514 346
f 346 514 693
f 346 693 515
f 346 515 347
f 347 516 517
f 347 517 349
f 347 515 516
f 349 518 519
f 349 519 350
f 349 517 696
f 349 696 518
f 350 519 520
f 350 520 351
f 351 520 521
f 351 521 352
f 352 521 530
f 352 530 358
f 353 354 522
f 353 522 523
f 353 523 524
f 353 524 525
f 353 525 366
f 353 366 355
f 354 357 526
f 354 526 527
f 354 527 522
f 356 363 535
f 356 535 528
f 356 528 529
f 356 529 357
f 357 529 706
f 357 706 526
f 359 530 711
f 359 711 531
f 359 531 532
f 359 532 360
f 360 532 536
f 360 536 364
f 361 533 534
f 361 534 362
f 362 534 535
f 362 535 363
f 364 536 365
f 365 536 537
f 365 537 538
f 365 538 533
f 366 539 540
f 366 540 367
f 366 525 705
f 366 705 539
f 367 540 541
f 367 541 368
f 368 541 542
f 368 542 369
f 369 542 543
f 369 543 370
f 370 543 544
f 370 544 371
f 371 544 545
f 371 545 372
f 372 545 546
f 372 546 373
f 373 546 547
f 373 547 374
f 374 547 548
f 374 548 375
f 375 548 549
f 375 549 376
f 376 549 550
f 376 550 377
f 377 550 551
f 377 551 378
f 378 551 552
f 378 552 379
f 379 552 553
f 379 553 380
f 380 553 554
f 380 554 381
f 381 554 555
f 381 555 382
f 382 555 556
f 382 556 383
f 383 556 557
f 383 557 384
f 384 557 558
f 384 558 385
f 385 558 736
f 385 736 559
f 385 559 386
f 386 559 388
f 386 388 387
f 388 559 560
f 388 560 561
f 388 561 389
f 389 562 461
f 389 561 563
f 389 563 562
f 391 441 564
f 391 564 565
f 391 565 566
f 391 566 567
f 391 567 392
f 392 567 393
f 393 566 568
f 393 568 569
f 393 569 570
f 393 570 571
f 393 571 394
f 393 567 566
f 394 571 572
f 394 572 395
f 395 572 442
f 395 442 396
f 397 573 574
f 397 574 398
f 397 406 575
f 397 575 573
f 398 574 576
f 398 576 577
f 398 577 578
f 398 578 399
f 399 578 579
f 399 579 580
f 399 580 400
f 400 580 581
f 400 581 401
f 401 581 402
f 402 582 583
f 402 583 584
f 402 584 585
f 402 585 403
f 402 581 586
f 402 586 582
f 403 585 587
f 403 587 407
f 403 407 404
f 405 460 588
f 405 588 406
f 406 588 575
f 407 587 408
f 408 587 409
f 409 587 589
f 409 589 590
f 409 590 410
f 410 590 591
f 410 591 429
f 411 416 592
f 412 419 413
f 412 592 593
f 412 593 594
f 412 594 419
f 413 419 595
f 414 595 596
f 414 596 415
f 416 432 431
f 416 431 597
f 416 597 598
f 416 598 599
f 416 599 600
f 416 600 601
f 416 601 592
f 418 596 419
f 419 594 602
f 419 602 603
f 419 603 604
f 419 604 605
f 419 605 606
f 419 606 420
f 419 596 595
f 420 606 608
f 420 608 607
f 421 609 423
f 421 423 422
f 421 607 624
f 421 624 609
f 423 609 610
f 423 610 424
f 424 610 436
f 424 436 611
f 427 612 428
f 427 430 613
f 427 613 612
f 428 612 614
f 428 614 615
f 428 615 788
f 428 788 616
f 428 616 433
f 429 591 617
f 429 617 618
f 429 618 619
f 429 619 430
f 430 619 620
f 430 620 613
f 431 434 621
f 431 621 597
f 433 616 434
f 434 616 788
f 434 788 621
f 435 611 436
f 436 610 439
f 436 439 437
f 438 439 622
f 438 622 623
f 438 623 441
f 438 441 440
f 439 610 609
f 439 609 624
f 439 624 625
f 439 625 626
f 439 626 622
f 441 623 627
f 441 627 564
f 442 572 628
f 442 628 629
f 442 629 443
f 443 629 630
f 443 630 631
f 443 631 444
f 444 631 445
f 445 632 446
f 445 631 633
f 445 633 632
f 446 634 447
f 446 632 634
f 447 634 449
f 449 634 635
f 449 635 636
f 449 636 452
f 450 452 451
f 451 452 637
f 452 636 637
f 453 458 475
f 453 475 454
f 454 638 639
f 454 639 640
f 454 640 641
f 454 641 642
f 454 642 455
f 454 475 474
f 454 474 638
f 455 642 643
f 455 643 456
f 456 643 459
f 459 644 645
f 459 645 646
f 459 646 460
f 459 643 644
f 460 646 647
f 460 647 588
f 461 648 649
f 461 649 650
f 461 650 462
f 461 562 648
f 462 651 652
f 462 652 653
f 462 653 463
f 462 650 649
f 462 649 651
f 463 653 464
f 464 653 465
f 465 654 655
f 465 655 656
f 465 656 657
f 465 657 466
f 465 653 658
f 465 658 654
f 466 657 467
f 467 657 659
f 467 659 660
f 467 660 661
f 467 661 662
f 467 662 468
f 468 662 661
f 468 661 663
f 468 663 664
f 468 664 469
f 469 664 665
f 469 665 470
f 470 666 667
f 470 667 471
f 470 665 857
f 470 857 666
f 471 667 668
f 471 668 472
f 472 668 862
f 472 862 669
f 473 669 670
f 473 670 474
f 474 670 671
f 474 671 672
f 474 672 638
f 476 673 484
f 477 486 674
f 477 674 478
f 478 674 675
f 478 675 676
f 478 676 479
f 479 676 480
f 480 676 481
f 481 676 482
f 482 676 677
f 482 677 483
f 483 677 678
f 483 678 494
f 483 494 487
f 484 679 680
f 484 680 485
f 484 673 679
f 485 680 486
f 486 680 674
f 490 681 682
f 490 682 683
f 490 683 498
f 490 498 497
f 490 497 492
f 490 492 491
f 490 496 684
f 490 684 681
f 494 684 495
f 494 678 684
f 495 684 496
f 498 683 499
f 499 683 500
f 500 683 685
f 500 685 501
f 501 685 686
f 501 686 687
f 501 687 504
f 501 503 502
f 504 688 505
f 504 687 686
f 504 686 688
f 505 688 506
f 506 688 507
f 507 688 508
f 508 689 690
f 508 690 509
f 508 688 689
f 509 691 692
f 509 692 513
f 509 513 512
f 509 512 511
f 509 511 510
f 509 690 689
f 509 689 691
f 513 692 694
f 513 694 514
f 514 694 693
f 515 693 695
f 515 695 516
f 516 695 696
f 516 696 517
f 518 696 697
f 518 697 698
f 518 698 699
f 518 699 519
f 519 699 520
f 520 699 700
f 520 700 701
f 520 701 521
f 521 701 711
f 521 711 530
f 522 527 707
f 522 707 702
f 522 702 703
f 522 703 523
f 523 703 704
f 523 704 524
f 524 704 705
f 524 705 525
f 526 706 707
f 526 707 527
f 528 535 716
f 528 716 708
f 528 708 709
f 528 709 529
f 529 709 710
f 529 710 706
f 531 711 712
f 531 712 713
f 531 713 532
f 532 713 714
f 532 714 715
f 532 715 536
f 533 538 534
f 534 538 535
f 535 538 716
f 536 715 717
f 536 717 537
f 537 717 538
f 538 717 718
f 538 718 716
f 539 719 720
f 539 720 721
f 539 721 722
f 539 722 540
f 539 705 719
f 540 722 541
f 541 722 542
f 542 722 543
f 543 722 544
f 544 723 724
f 544 724 545
f 544 722 723
f 545 724 725
f 545 725 546
f 546 725 726
f 546 726 547
f 547 726 548
f 548 727 728
f 548 728 549
f 548 726 727
f 549 728 550
f 550 728 551
f 551 728 552
f 552 729 553
f 552 728 729
f 553 729 730
f 553 730 731
f 553 731 554
f 554 731 732
f 554 732 555
f 555 732 556
f 556 732 557
f 557 733 558
f 557 732 733
f 558 734 735
f 558 735 736
f 558 733 734
f 559 736 737
f 559 737 560
f 560 737 925
f 560 925 738
f 560 738 561
f 561 738 739
f 561 739 740
f 561 740 741
f 561 741 742
f 561 742 562
f 561 562 563
f 562 742 743
f 562 743 744
f 562 744 745
f 562 745 746
f 562 746 649
f 562 649 648
f 564 627 747
f 564 747 565
f 565 747 748
f 565 748 749
f 565 749 566
f 566 749 568
f 568 749 750
f 568 750 751
f 568 751 569
f 569 751 752
f 569 752 753
f 569 753 570
f 570 753 571
f 571 753 754
f 571 754 572
f 572 754 755
f 572 755 628
f 573 756 757
f 573 757 758
f 573 758 759
f 573 759 574
f 573 575 756
f 574 759 576
f 575 588 760
f 575 760 761
f 575 761 756
f 576 759 577
f 577 759 762
f 577 762 763
f 577 763 579
f 577 579 578
f 579 764 765
f 579 765 580
f 579 763 764
f 580 765 764
f 580 764 766
f 580 766 581
f 581 766 764
f 581 764 767
f 581 767 586
f 582 768 583
f 582 586 768
f 583 769 770
f 583 770 584
f 583 768 771
f 583 771 772
f 583 772 769
f 584 770 585
f 585 770 587
f 586 767 773
f 586 773 768
f 587 770 769
f 587 769 589
f 588 647 760
f 589 774 590
f 589 769 774
f 590 774 775
f 590 775 776
f 590 776 591
f 591 776 617
f 592 601 593
f 593 777 778
f 593 778 594
f 593 601 600
f 593 600 599
f 593 599 597
f 593 597 779
f 593 779 777
f 594 778 777
f 594 777 602
f 597 599 598
f 597 621 796
f 597 796 779
f 602 777 780
f 602 780 603
f 603 608 605
f 603 605 604
f 603 780 608
f 605 608 606
f 607 608 624
f 608 781 624
f 608 780 782
f 608 782 783
f 608 783 784
f 608 784 785
f 608 785 786
f 608 786 781
f 612 613 620
f 612 620 614
f 614 620 793
f 614 793 787
f 614 787 615
f 615 787 788
f 617 789 618
f 617 776 790
f 617 790 983
f 617 983 791
f 617 791 794
f 617 794 789
f 618 789 619
f 619 789 620
f 620 792 793
f 620 789 794
f 620 794 795
f 620 795 792
f 621 788 981
f 621 981 796
f 622 626 797
f 622 797 623
f 623 797 626
f 623 626 627
f 624 781 625
f 625 781 798
f 625 798 626
f 626 798 799
f 626 799 627
f 627 799 800
f 627 800 801
f 627 801 747
f 628 755 944
f 628 944 802
f 628 802 803
f 628 803 629
f 629 803 804
f 629 804 805
f 629 805 630
f 630 805 806
f 630 806 631
f 631 806 807
f 631 807 633
f 632 635 634
f 632 633 808
f 632 808 635
f 633 807 809
f 633 809 810
f 633 810 1003
f 633 1003 808
f 635 808 811
f 635 811 812
f 635 812 813
f 635 813 636
f 636 813 814
f 636 814 637
f 637 814 815
f 637 815 816
f 638 672 671
f 638 671 817
f 638 817 639
f 639 817 818
f 639 818 819
f 639 819 820
f 639 820 821
f 639 821 822
f 639 822 823
f 639 823 824
f 639 824 825
f 639 825 640
f 640 825 641
f 641 825 642
f 642 825 824
f 642 824 826
f 642 826 827
f 642 827 828
f 642 828 829
f 642 829 643
f 643 829 644
f 644 829 830
f 644 830 645
f 645 830 646
f 646 830 831
f 646 831 647
f 647 831 832
f 647 832 760
f 649 746 833
f 649 833 834
f 649 834 835
f 649 835 836
f 649 836 651
f 651 837 839
f 651 839 652
f 651 836 1041
f 651 1041 837
f 652 838 653
f 652 839 1044
f 652 1044 838
f 653 838 840
f 653 840 841
f 653 841 658
f 654 842 843
f 654 843 655
f 654 658 850
f 654 850 842
f 655 843 845
f 655 845 656
f 656 844 657
f 656 845 1049
f 656 1049 844
f 657 844 846
f 657 846 847
f 657 847 848
f 657 848 849
f 657 849 660
f 657 660 659
f 658 841 1047
f 658 1047 850
f 660 851 852
f 660 852 853
f 660 853 854
f 660 854 855
f 660 855 661
f 660 849 851
f 661 855 856
f 661 856 665
f 661 665 664
f 661 664 663
f 665 856 1061
f 665 1061 857
f 666 858 859
f 666 859 667
f 666 857 860
f 666 860 858
f 667 859 861
f 667 861 668
f 668 861 1070
f 668 1070 862
f 669 862 1071
f 669 1071 863
f 669 863 671
f 669 671 670
f 671 863 817
f 673 864 679
f 674 865 675
f 674 680 865
f 675 865 866
f 675 866 867
f 675 867 676
f 676 867 866
f 676 866 868
f 676 868 677
f 677 868 866
f 677 866 678
f 678 866 684
f 679 869 870
f 679 870 680
f 679 864 869
f 680 870 865
f 681 871 682
f 681 684 872
f 681 872 873
f 681 873 871
f 682 871 874
f 682 874 875
f 682 875 683
f 683 875 876
f 683 876 686
f 683 686 685
f 684 866 877
f 684 877 878
f 684 878 872
f 686 876 688
f 688 879 880
f 688 880 689
f 688 876 881
f 688 881 879
f 689 880 694
f 689 694 692
f 689 692 691
f 693 694 882
f 693 882 697
f 693 697 695
f 694 880 883
f 694 883 882
f 695 697 696
f 697 882 884
f 697 884 883
f 697 883 885
f 697 885 698
f 698 885 886
f 698 886 699
f 699 886 887
f 699 887 700
f 700 887 888
f 700 888 889
f 700 889 701
f 701 889 890
f 701 890 711
f 702 707 710
f 702 710 891
f 702 891 892
f 702 892 703
f 703 892 704
f 704 892 705
f 705 892 893
f 705 893 719
f 706 710 707
f 708 716 894
f 708 894 709
f 709 894 895
f 709 895 896
f 709 896 710
f 710 895 897
f 710 897 891
f 710 896 895
f 711 890 898
f 711 898 712
f 712 898 899
f 712 899 900
f 712 900 713
f 713 900 901
f 713 901 714
f 714 901 902
f 714 902 903
f 714 903 904
f 714 904 715
f 715 904 905
f 715 905 717
f 716 718 717
f 716 717 894
f 717 905 906
f 717 906 907
f 717 907 894
f 719 908 720
f 719 893 908
f 720 908 909
f 720 909 721
f 721 909 910
f 721 910 722
f 722 909 911
f 722 911 723
f 722 910 909
f 723 911 909
f 723 909 724
f 724 909 912
f 724 912 913
f 724 913 725
f 725 913 726
f 726 913 914
f 726 914 727
f 727 914 728
f 728 914 915
f 728 915 729
f 729 915 914
f 729 914 730
f 730 914 916
f 730 916 731
f 731 916 917
f 731 917 732
f 732 917 918
f 732 918 733
f 733 919 920
f 733 920 734
f 733 918 919
f 734 920 921
f 734 921 735
f 735 737 736
f 735 921 922
f 735 922 923
f 735 923 924
f 735 924 737
f 737 924 925
f 738 925 926
f 738 926 739
f 739 926 927
f 739 927 740
f 740 927 928
f 740 928 741
f 741 928 929
f 741 929 742
f 742 929 930
f 742 930 743
f 743 930 931
f 743 931 744
f 744 931 932
f 744 932 745
f 745 932 933
f 745 933 746
f 746 933 1038
f 746 1038 833
f 747 801 934
f 747 934 935
f 747 935 748
f 748 935 750
f 748 750 749
f 750 935 936
f 750 936 937
f 750 937 938
f 750 938 751
f 751 938 939
f 751 939 940
f 751 940 752
f 752 940 753
f 753 940 941
f 753 941 942
f 753 942 943
f 753 943 754
f 754 943 755
f 755 943 944
f 756 945 757
f 756 761 945
f 757 945 758
f 758 946 947
f 758 947 759
f 758 945 946
f 759 947 762
f 760 832 948
f 760 948 761
f 761 949 945
f 761 948 949
f 762 947 763
f 763 947 950
f 763 950 951
f 763 951 952
f 763 952 953
f 763 953 954
f 763 954 764
f 764 954 771
f 764 771 767
f 767 771 773
f 768 773 771
f 769 772 955
f 769 955 956
f 769 956 957
f 769 957 958
f 769 958 774
f 771 954 959
f 771 959 960
f 771 960 961
f 771 961 956
f 771 956 772
f 772 956 955
f 774 962 963
f 774 963 775
f 774 958 962
f 775 963 964
f 775 964 965
f 775 965 966
f 775 966 967
f 775 967 776
f 776 967 790
f 777 779 968
f 777 968 780
f 779 796 968
f 780 968 969
f 780 969 970
f 780 970 971
f 780 971 972
f 780 972 973
f 780 973 974
f 780 974 782
f 781 786 975
f 781 975 976
f 781 976 977
f 781 977 798
f 782 974 783
f 783 974 978
f 783 978 784
f 784 978 785
f 785 978 979
f 785 979 786
f 786 976 975
f 786 979 976
f 787 793 968
f 787 968 980
f 787 980 788
f 788 980 981
f 790 967 966
f 790 966 982
f 790 982 1200
f 790 1200 983
f 791 984 795
f 791 795 794
f 791 983 985
f 791 985 984
f 792 984 793
f 792 795 984
f 793 984 968
f 796 981 968
f 798 977 976
f 798 976 986
f 798 986 987
f 798 987 799
f 799 987 801
f 799 801 800
f 801 987 988
f 801 988 989
f 801 989 990
f 801 990 991
f 801 991 992
f 801 992 934
f 802 944 993
f 802 993 994
f 802 994 803
f 803 994 995
f 803 995 996
f 803 996 997
f 803 997 804
f 804 997 998
f 804 998 805
f 805 998 999
f 805 999 806
f 806 999 1000
f 806 1000 1001
f 806 1001 807
f 807 1001 1002
f 807 1002 809
f 808 1003 1004
f 808 1004 811
f 809 1002 1005
f 809 1005 810
f 810 1005 1006
f 810 1006 1003
f 811 1004 812
f 812 1004 813
f 813 1007 815
f 813 815 814
f 813 1004 1008
f 813 1008 1009
f 813 1009 1010
f 813 1010 1011
f 813 1011 1007
f 815 1007 1012
f 815 1012 1013
f 815 1013 1014
f 815 1014 816
f 817 863 1071
f 817 1071 1015
f 817 1015 1016
f 817 1016 818
f 818 1016 1017
f 818 1017 819
f 819 1017 1018
f 819 1018 820
f 820 1018 1019
f 820 1019 821
f 821 1019 1020
f 821 1020 822
f 822 1020 1021
f 822 1021 823
f 823 1021 1238
f 823 1238 1022
f 823 1022 824
f 824 1023 1024
f 824 1024 1025
f 824 1025 1026
f 824 1026 827
f 824 827 826
f 824 1022 1027
f 824 1027 1023
f 827 1028 1029
f 827 1029 1030
f 827 1030 1031
f 827 1031 1032
f 827 1032 828
f 827 1026 1028
f 828 1032 829
f 829 1033 1034
f 829 1034 830
f 829 1032 1033
f 830 1034 831
f 831 1035 1036
f 831 1036 832
f 831 1034 1037
f 831 1037 1035
f 832 1036 948
f 833 1038 1039
f 833 1039 834
f 834 1039 1040
f 834 1040 835
f 835 1040 1041
f 835 1041 836
f 837 1042 839
f 837 1041 1043
f 837 1043 1042
f 838 1044 1046
f 838 1046 840
f 839 1042 1045
f 839 1045 1044
f 840 1046 1047
f 840 1047 841
f 842 1048 843
f 842 850 1048
f 843 1048 845
f 844 1049 1051
f 844 1051 846
f 845 1048 1050
f 845 1050 1271
f 845 1271 1049
f 846 1051 1052
f 846 1052 847
f 847 1052 1053
f 847 1053 848
f 848 1053 1054
f 848 1054 849
f 849 1054 1056
f 849 1056 851
f 850 1055 1048
f 850 1047 1045
f 850 1045 1055
f 851 1056 1057
f 851 1057 852
f 852 1057 1058
f 852 1058 853
f 853 1058 1059
f 853 1059 854
f 854 1059 1060
f 854 1060 855
f 855 1060 1061
f 855 1061 856
f 857 1061 1065
f 857 1065 860
f 858 1062 1063
f 858 1063 859
f 858 860 1064
f 858 1064 1062
f 859 1063 861
f 860 1065 1066
f 860 1066 1067
f 860 1067 1064
f 861 1068 1069
f 861 1069 1070
f 861 1063 1068
f 862 1070 1291
f 862 1291 1071
f 864 1072 869
f 865 1073 1074
f 865 1074 866
f 865 870 1075
f 865 1075 1073
f 866 1074 877
f 869 1076 870
f 869 1072 1077
f 869 1077 1076
f 870 1076 1075
f 871 873 1078
f 871 1078 874
f 872 878 873
f 873 878 1079
f 873 1079 1078
f 874 1080 875
f 874 1078 1081
f 874 1081 1080
f 875 1080 876
f 876 1080 881
f 877 1074 1082
f 877 1082 878
f 878 1082 1079
f 879 881 1083
f 879 1083 880
f 880 1084 886
f 880 886 883
f 880 1083 1084
f 881 1085 1083
f 881 1080 1086
f 881 1086 1087
f 881 1087 1085
f 882 883 884
f 883 886 885
f 886 1084 1088
f 886 1088 1089
f 886 1089 887
f 887 1089 1090
f 887 1090 888
f 888 1090 1091
f 888 1091 1092
f 888 1092 889
f 889 1092 1093
f 889 1093 890
f 890 1093 1094
f 890 1094 1100
f 890 1100 898
f 891 1095 1096
f 891 1096 892
f 891 897 895
f 891 895 1095
f 892 1096 1095
f 892 1095 1097
f 892 1097 893
f 893 1097 1095
f 893 1095 908
f 894 907 1098
f 894 1098 1099
f 894 1099 1095
f 894 1095 895
f 898 1100 899
f 899 1100 1101
f 899 1101 1102
f 899 1102 1103
f 899 1103 900
f 900 1103 1104
f 900 1104 1105
f 900 1105 901
f 901 904 903
f 901 903 902
f 901 1105 904
f 904 1105 1106
f 904 1106 905
f 905 1106 1107
f 905 1107 906
f 906 1107 1108
f 906 1108 907
f 907 1108 1098
f 908 1109 1110
f 908 1110 909
f 908 1095 1099
f 908 1099 1111
f 908 1111 1109
f 909 1110 912
f 912 1112 1113
f 912 1113 1114
f 912 1114 913
f 912 1110 1112
f 913 1114 1115
f 913 1115 914
f 914 1115 916
f 916 1116 1117
f 916 1117 1118
f 916 1118 917
f 916 1115 1116
f 917 1118 919
f 917 919 918
f 919 1118 1119
f 919 1119 1120
f 919 1120 1121
f 919 1121 920
f 920 1121 1122
f 920 1122 922
f 920 922 921
f 922 1123 1124
f 922 1124 1125
f 922 1125 1126
f 922 1126 923
f 922 1122 1123
f 923 1126 924
f 924 1126 1127
f 924 1127 1128
f 924 1128 928
f 924 928 927
f 924 927 926
f 924 926 925
f 928 1128 1129
f 928 1129 1130
f 928 1130 929
f 929 1130 930
f 930 1131 931
f 930 1130 1131
f 931 1132 1133
f 931 1133 1134
f 931 1134 932
f 931 1131 1132
f 932 1134 933
f 933 1134 1135
f 933 1135 1043
f 933 1043 1038
f 934 992 1136
f 934 1136 1137
f 934 1137 1138
f 934 1138 1139
f 934 1139 936
f 934 936 935
f 936 1139 1140
f 936 1140 1141
f 936 1141 937
f 937 1141 938
f 938 1141 1142
f 938 1142 1143
f 938 1143 939
f 939 1143 1144
f 939 1144 1145
f 939 1145 940
f 940 1145 1146
f 940 1146 941
f 941 1146 942
f 942 1146 1147
f 942 1147 943
f 943 1147 1148
f 943 1148 993
f 943 993 944
f 945 1149 946
f 945 949 1154
f 945 1154 1149
f 946 1150 947
f 946 1149 1349
f 946 1349 1150
f 947 1150 1151
f 947 1151 950
f 948 1036 949
f 949 1036 1152
f 949 1152 1153
f 949 1153 1154
f 950 1155 951
f 950 1151 1156
f 950 1156 1155
f 951 1155 1157
f 951 1157 1158
f 951 1158 1159
f 951 1159 1160
f 951 1160 1161
f 951 1161 1162
f 951 1162 953
f 951 953 952
f 953 1163 1164
f 953 1164 1165
f 953 1165 1166
f 953 1166 954
f 953 1162 1163
f 954 1166 1165
f 954 1165 959
f 956 961 1167
f 956 1167 1168
f 956 1168 957
f 957 1168 1169
f 957 1169 958
f 958 1169 1170
f 958 1170 1171
f 958 1171 1172
f 958 1172 1173
f 958 1173 1174
f 958 1174 1175
f 958 1175 1176
f 958 1176 962
f 959 1165 1177
f 959 1177 1178
f 959 1178 1179
f 959 1179 960
f 960 1179 1180
f 960 1180 961
f 961 1181 1167
f 961 1180 1181
f 962 1182 964
f 962 964 963
f 962 1176 1183
f 962 1183 1182
f 964 1182 1184
f 964 1184 1185
f 964 1185 1186
f 964 1186 965
f 965 1186 1187
f 965 1187 966
f 966 1187 1200
f 966 1200 982
f 968 981 980
f 968 984 1188
f 968 1188 1189
f 968 1189 1190
f 968 1190 969
f 969 1190 1191
f 969 1191 971
f 969 971 970
f 971 1192 974
f 971 974 972
f 971 1191 1189
f 971 1189 1193
f 971 1193 1194
f 971 1194 1192
f 972 974 973
f 974 1192 978
f 976 979 1195
f 976 1195 1196
f 976 1196 986
f 978 1192 1197
f 978 1197 1198
f 978 1198 979
f 979 1198 1199
f 979 1199 1195
f 983 1200 1201
f 983 1201 985
f 984 985 1202
f 984 1202 1203
f 984 1203 1189
f 984 1189 1188
f 985 1201 1202
f 986 1196 987
f 987 1196 988
f 988 1196 1204
f 988 1204 1205
f 988 1205 989
f 989 1205 1206
f 989 1206 991
f 989 991 990
f 991 1206 1207
f 991 1207 1208
f 991 1208 1136
f 991 1136 992
f 993 1148 1209
f 993 1209 1210
f 993 1210 994
f 994 1210 1211
f 994 1211 1212
f 994 1212 995
f 995 1212 1213
f 995 1213 996
f 996 1213 1214
f 996 1214 1215
f 996 1215 997
f 997 1215 1216
f 997 1216 1217
f 997 1217 998
f 998 1217 999
f 999 1217 1218
f 999 1218 1219
f 999 1219 1220
f 999 1220 1221
f 999 1221 1000
f 1000 1221 1001
f 1001 1221 1222
f 1001 1222 1002
f 1002 1222 1224
f 1002 1224 1005
f 1003 1006 1004
f 1004 1006 1223
f 1004 1223 1008
f 1005 1224 1006
f 1006 1224 1225
f 1006 1225 1223
f 1007 1226 1012
f 1007 1011 1227
f 1007 1227 1226
f 1008 1223 1228
f 1008 1228 1229
f 1008 1229 1230
f 1008 1230 1009
f 1009 1230 1010
f 1010 1230 1011
f 1011 1231 1012
f 1011 1012 1227
f 1011 1230 1231
f 1012 1226 1227
f 1012 1231 1013
f 1013 1231 1232
f 1015 1233 1234
f 1015 1234 1016
f 1015 1071 1291
f 1015 1291 1233
f 1016 1234 1235
f 1016 1235 1017
f 1017 1235 1018
f 1018 1235 1019
f 1019 1235 1020
f 1020 1235 1021
f 1021 1236 1237
f 1021 1237 1238
f 1021 1235 1236
f 1022 1238 1243
f 1022 1243 1027
f 1023 1239 1240
f 1023 1240 1024
f 1023 1027 1243
f 1023 1243 1239
f 1024 1240 1241
f 1024 1241 1025
f 1025 1241 1242
f 1025 1242 1026
f 1026 1242 1244
f 1026 1244 1028
f 1028 1244 1245
f 1028 1245 1029
f 1029 1245 1246
f 1029 1246 1030
f 1030 1246 1248
f 1030 1248 1031
f 1031 1247 1032
f 1031 1248 1445
f 1031 1445 1247
f 1032 1247 1249
f 1032 1249 1250
f 1032 1250 1033
f 1033 1250 1251
f 1033 1251 1034
f 1034 1251 1037
f 1035 1252 1036
f 1035 1037 1252
f 1036 1253 1254
f 1036 1254 1152
f 1036 1252 1253
f 1037 1251 1255
f 1037 1255 1256
f 1037 1256 1257
f 1037 1257 1258
f 1037 1258 1259
f 1037 1259 1260
f 1037 1260 1252
f 1038 1043 1039
f 1039 1043 1040
f 1040 1043 1041
f 1042 1261 1262
f 1042 1262 1045
f 1042 1043 1263
f 1042 1263 1261
f 1043 1264 1265
f 1043 1265 1263
f 1043 1135 1266
f 1043 1266 1264
f 1044 1045 1046
f 1045 1267 1268
f 1045 1268 1055
f 1045 1047 1046
f 1045 1262 1269
f 1045 1269 1267
f 1048 1270 1050
f 1048 1055 1270
f 1049 1271 1272
f 1049 1272 1051
f 1050 1270 1271
f 1051 1272 1052
f 1052 1272 1053
f 1053 1272 1273
f 1053 1273 1274
f 1053 1274 1054
f 1054 1274 1275
f 1054 1275 1056
f 1055 1268 1267
f 1055 1267 1270
f 1056 1275 1276
f 1056 1276 1057
f 1057 1276 1058
f 1058 1276 1059
f 1059 1276 1277
f 1059 1277 1060
f 1060 1277 1065
f 1060 1065 1061
f 1062 1278 1063
f 1062 1064 1279
f 1062 1279 1278
f 1063 1280 1281
f 1063 1281 1068
f 1063 1278 1280
f 1064 1067 1282
f 1064 1282 1279
f 1065 1277 1283
f 1065 1283 1066
f 1066 1283 1284
f 1066 1284 1285
f 1066 1285 1286
f 1066 1286 1067
f 1067 1286 1282
f 1068 1281 1287
f 1068 1287 1069
f 1069 1287 1288
f 1069 1288 1289
f 1069 1289 1070
f 1070 1289 1290
f 1070 1290 1291
f 1073 1292 1074
f 1073 1075 1293
f 1073 1293 1292
f 1074 1292 1082
f 1075 1076 1293
f 1076 1294 1293
f 1076 1077 1295
f 1076 1295 1296
f 1076 1296 1294
f 1078 1079 1297
f 1078 1297 1298
f 1078 1298 1081
f 1079 1082 1299
f 1079 1299 1297
f 1080 1081 1086
f 1081 1298 1300
f 1081 1300 1087
f 1081 1087 1086
f 1082 1292 1293
f 1082 1293 1299
f 1083 1085 1301
f 1083 1301 1084
f 1084 1301 1302
f 1084 1302 1088
f 1085 1087 1303
f 1085 1303 1301
f 1087 1304 1303
f 1087 1300 1304
f 1088 1302 1089
f 1089 1302 1305
f 1089 1305 1090
f 1090 1305 1091
f 1091 1305 1306
f 1091 1306 1092
f 1092 1306 1307
f 1092 1307 1093
f 1093 1307 1308
f 1093 1308 1094
f 1094 1308 1309
f 1094 1309 1310
f 1094 1310 1311
f 1094 1311 1100
f 1098 1108 1312
f 1098 1312 1313
f 1098 1313 1099
f 1099 1313 1111
f 1100 1311 1314
f 1100 1314 1315
f 1100 1315 1101
f 1101 1315 1316
f 1101 1316 1317
f 1101 1317 1102
f 1102 1317 1103
f 1103 1317 1318
f 1103 1318 1104
f 1104 1318 1105
f 1105 1318 1319
f 1105 1319 1106
f 1106 1319 1312
f 1106 1312 1107
f 1107 1312 1108
f 1109 1320 1321
f 1109 1321 1112
f 1109 1112 1110
f 1109 1111 1322
f 1109 1322 1323
f 1109 1323 1320
f 1111 1313 1322
f 1112 1321 1113
f 1113 1324 1325
f 1113 1325 1326
f 1113 1326 1114
f 1113 1321 1324
f 1114 1326 1115
f 1115 1326 1116
f 1116 1327 1117
f 1116 1326 1328
f 1116 1328 1327
f 1117 1327 1329
f 1117 1329 1118
f 1118 1329 1119
f 1119 1329 1330
f 1119 1330 1120
f 1120 1331 1332
f 1120 1332 1121
f 1120 1330 1331
f 1121 1332 1122
f 1122 1332 1123
f 1123 1332 1333
f 1123 1333 1334
f 1123 1334 1124
f 1124 1334 1335
f 1124 1335 1125
f 1125 1336 1337
f 1125 1337 1126
f 1125 1335 1336
f 1126 1337 1128
f 1126 1128 1127
f 1128 1337 1129
f 1129 1337 1130
f 1130 1337 1338
f 1130 1338 1131
f 1131 1338 1132
f 1132 1338 1133
f 1133 1338 1134
f 1134 1338 1135
f 1135 1338 1264
f 1135 1264 1266
f 1136 1208 1339
f 1136 1339 1340
f 1136 1340 1137
f 1137 1340 1138
f 1138 1340 1341
f 1138 1341 1139
f 1139 1341 1342
f 1139 1342 1140
f 1140 1142 1141
f 1140 1342 1142
f 1142 1342 1343
f 1142 1343 1143
f 1143 1343 1344
f 1143 1344 1144
f 1144 1344 1345
f 1144 1345 1145
f 1145 1345 1346
f 1145 1346 1146
f 1146 1346 1347
f 1146 1347 1147
f 1147 1347 1348
f 1147 1348 1209
f 1147 1209 1148
f 1149 1154 1354
f 1149 1354 1350
f 1149 1350 1531
f 1149 1531 1349
f 1150 1156 1151
f 1150 1349 1351
f 1150 1351 1156
f 1152 1352 1153
f 1152 1254 1352
f 1153 1353 1354
f 1153 1354 1154
f 1153 1352 1537
f 1153 1537 1353
f 1155 1156 1356
f 1155 1356 1355
f 1155 1355 1357
f 1155 1357 1157
f 1156 1351 1536
f 1156 1536 1356
f 1157 1357 1358
f 1157 1358 1158
f 1158 1358 1359
f 1158 1359 1159
f 1159 1359 1360
f 1159 1360 1160
f 1160 1360 1361
f 1160 1361 1161
f 1161 1361 1362
f 1161 1362 1162
f 1162 1362 1545
f 1162 1545 1363
f 1162 1363 1364
f 1162 1364 1163
f 1163 1364 1365
f 1163 1365 1366
f 1163 1366 1164
f 1164 1366 1367
f 1164 1367 1550
f 1164 1550 1368
f 1164 1368 1551
f 1164 1551 1369
f 1164 1369 1370
f 1164 1370 1371
f 1164 1371 1165
f 1165 1372 1373
f 1165 1373 1177
f 1165 1371 1374
f 1165 1374 1372
f 1167 1375 1376
f 1167 1376 1168
f 1167 1181 1377
f 1167 1377 1375
f 1168 1376 1378
f 1168 1378 1379
f 1168 1379 1169
f 1169 1379 1380
f 1169 1380 1170
f 1170 1380 1172
f 1170 1172 1171
f 1172 1381 1173
f 1172 1380 1382
f 1172 1382 1383
f 1172 1383 1384
f 1172 1384 1381
f 1173 1381 1183
f 1173 1183 1174
f 1174 1183 1175
f 1175 1183 1176
f 1177 1373 1385
f 1177 1385 1178
f 1178 1386 1179
f 1178 1385 1386
f 1179 1387 1388
f 1179 1388 1180
f 1179 1386 1387
f 1180 1388 1181
f 1181 1388 1377
f 1182 1183 1389
f 1182 1389 1390
f 1182 1390 1391
f 1182 1391 1184
f 1183 1381 1390
f 1183 1390 1389
f 1184 1391 1390
f 1184 1390 1392
f 1184 1392 1393
f 1184 1393 1394
f 1184 1394 1395
f 1184 1395 1396
f 1184 1396 1185
f 1185 1396 1186
f 1186 1397 1187
f 1186 1396 1397
f 1187 1397 1200
f 1189 1203 1202
f 1189 1202 1193
f 1189 1191 1190
f 1192 1194 1398
f 1192 1398 1399
f 1192 1399 1400
f 1192 1400 1197
f 1193 1202 1401
f 1193 1401 1402
f 1193 1402 1194
f 1194 1402 1403
f 1194 1403 1398
f 1195 1199 1404
f 1195 1404 1405
f 1195 1405 1207
f 1195 1207 1196
f 1196 1207 1406
f 1196 1406 1204
f 1197 1400 1407
f 1197 1407 1198
f 1198 1407 1408
f 1198 1408 1199
f 1199 1408 1404
f 1200 1397 1201
f 1201 1397 1409
f 1201 1409 1202
f 1202 1409 1410
f 1202 1410 1411
f 1202 1411 1412
f 1202 1412 1401
f 1204 1406 1207
f 1204 1207 1205
f 1205 1207 1206
f 1207 1405 1413
f 1207 1413 1414
f 1207 1414 1415
f 1207 1415 1416
f 1207 1416 1417
f 1207 1417 1208
f 1208 1417 1339
f 1209 1348 1418
f 1209 1418 1419
f 1209 1419 1420
f 1209 1420 1210
f 1210 1420 1211
f 1211 1420 1421
f 1211 1421 1212
f 1212 1421 1422
f 1212 1422 1213
f 1213 1422 1423
f 1213 1423 1424
f 1213 1424 1214
f 1214 1424 1425
f 1214 1425 1215
f 1215 1425 1426
f 1215 1426 1216
f 1216 1426 1217
f 1217 1426 1427
f 1217 1427 1218
f 1218 1427 1428
f 1218 1428 1219
f 1219 1428 1429
f 1219 1429 1220
f 1220 1429 1430
f 1220 1430 1221
f 1221 1430 1222
f 1222 1430 1224
f 1223 1225 1431
f 1223 1431 1228
f 1224 1430 1225
f 1225 1432 1431
f 1225 1430 1432
f 1228 1431 1230
f 1228 1230 1229
f 1230 1433 1434
f 1230 1434 1231
f 1230 1431 1433
f 1231 1434 1232
f 1233 1291 1435
f 1233 1435 1436
f 1233 1436 1234
f 1234 1436 1437
f 1234 1437 1438
f 1234 1438 1235
f 1235 1438 1437
f 1235 1437 1439
f 1235 1439 1440
f 1235 1440 1236
f 1236 1441 1237
f 1236 1440 1437
f 1236 1437 1441
f 1237 1441 1442
f 1237 1442 1443
f 1237 1443 1238
f 1238 1443 1243
f 1239 1443 1240
f 1239 1243 1443
f 1240 1443 1241
f 1241 1443 1242
f 1242 1443 1444
f 1242 1444 1244
f 1244 1444 1245
f 1245 1444 1246
f 1246 1444 1248
f 1247 1445 1447
f 1247 1447 1249
f 1248 1444 1446
f 1248 1446 1612
f 1248 1612 1445
f 1249 1447 1448
f 1249 1448 1250
f 1250 1255 1251
f 1250 1448 1454
f 1250 1454 1255
f 1252 1260 1449
f 1252 1449 1450
f 1252 1450 1451
f 1252 1451 1452
f 1252 1452 1453
f 1252 1453 1253
f 1253 1453 1352
f 1253 1352 1254
f 1255 1454 1455
f 1255 1455 1256
f 1256 1455 1456
f 1256 1456 1257
f 1257 1456 1457
f 1257 1457 1258
f 1258 1457 1458
f 1258 1458 1259
f 1259 1458 1459
f 1259 1459 1260
f 1260 1459 1619
f 1260 1619 1449
f 1261 1460 1461
f 1261 1461 1267
f 1261 1267 1262
f 1261 1263 1265
f 1261 1265 1264
f 1261 1264 1462
f 1261 1462 1460
f 1262 1267 1269
f 1264 1463 1462
f 1264 1338 1463
f 1267 1461 1270
f 1270 1464 1465
f 1270 1465 1271
f 1270 1461 1466
f 1270 1466 1464
f 1271 1465 1272
f 1272 1465 1467
f 1272 1467 1273
f 1273 1467 1465
f 1273 1465 1274
f 1274 1465 1468
f 1274 1468 1275
f 1275 1468 1469
f 1275 1469 1276
f 1276 1468 1470
f 1276 1470 1277
f 1276 1469 1468
f 1277 1470 1468
f 1277 1468 1283
f 1278 1279 1473
f 1278 1473 1471
f 1278 1471 1472
f 1278 1472 1280
f 1279 1282 1473
f 1280 1474 1281
f 1280 1472 1475
f 1280 1475 1476
f 1280 1476 1474
f 1281 1474 1477
f 1281 1477 1478
f 1281 1478 1287
f 1282 1286 1479
f 1282 1479 1473
f 1283 1468 1480
f 1283 1480 1284
f 1284 1286 1285
f 1284 1480 1481
f 1284 1481 1482
f 1284 1482 1286
f 1286 1482 1479
f 1287 1478 1483
f 1287 1483 1485
f 1287 1485 1288
f 1288 1484 1289
f 1288 1485 1484
f 1289 1484 1290
f 1290 1484 1486
f 1290 1486 1487
f 1290 1487 1488
f 1290 1488 1435
f 1290 1435 1291
f 1293 1294 1489
f 1293 1489 1299
f 1294 1296 1490
f 1294 1490 1491
f 1294 1491 1489
f 1296 1492 1490
f 1297 1299 1493
f 1297 1493 1298
f 1298 1494 1495
f 1298 1495 1300
f 1298 1493 1496
f 1298 1496 1494
f 1299 1489 1493
f 1300 1495 1304
f 1301 1303 1302
f 1302 1303 1305
f 1303 1497 1305
f 1303 1304 1497
f 1304 1498 1497
f 1304 1495 1498
f 1305 1497 1306
f 1306 1497 1499
f 1306 1499 1307
f 1307 1499 1308
f 1308 1499 1500
f 1308 1500 1309
f 1309 1500 1310
f 1310 1500 1311
f 1311 1500 1501
f 1311 1501 1503
f 1311 1503 1314
f 1312 1319 1502
f 1312 1502 1323
f 1312 1323 1313
f 1313 1323 1322
f 1314 1503 1504
f 1314 1504 1315
f 1315 1504 1316
f 1316 1504 1505
f 1316 1505 1506
f 1316 1506 1317
f 1317 1506 1507
f 1317 1507 1318
f 1318 1507 1319
f 1319 1507 1502
f 1320 1323 1502
f 1320 1502 1508
f 1320 1508 1509
f 1320 1509 1324
f 1320 1324 1321
f 1324 1509 1510
f 1324 1510 1511
f 1324 1511 1325
f 1325 1511 1327
f 1325 1327 1328
f 1325 1328 1326
f 1327 1512 1329
f 1327 1511 1512
f 1329 1512 1330
f 1330 1512 1332
f 1330 1332 1331
f 1332 1513 1514
f 1332 1514 1515
f 1332 1515 1516
f 1332 1516 1517
f 1332 1517 1334
f 1332 1334 1333
f 1332 1512 1518
f 1332 1518 1519
f 1332 1519 1513
f 1334 1517 1335
f 1335 1517 1520
f 1335 1520 1336
f 1336 1520 1521
f 1336 1521 1522
f 1336 1522 1337
f 1337 1522 1523
f 1337 1523 1338
f 1338 1523 1463
f 1339 1417 1416
f 1339 1416 1524
f 1339 1524 1525
f 1339 1525 1340
f 1340 1525 1341
f 1341 1525 1526
f 1341 1526 1342
f 1342 1526 1527
f 1342 1527 1343
f 1343 1527 1344
f 1344 1527 1528
f 1344 1528 1345
f 1345 1528 1529
f 1345 1529 1346
f 1346 1529 1530
f 1346 1530 1347
f 1347 1530 1348
f 1348 1530 1418
f 1349 1531 1536
f 1349 1536 1351
f 1350 1354 1538
f 1350 1538 1532
f 1350 1532 1533
f 1350 1533 1534
f 1350 1534 1535
f 1350 1535 1531
f 1352 1453 1623
f 1352 1623 1537
f 1353 1538 1354
f 1353 1537 1538
f 1355 1356 1539
f 1355 1539 1542
f 1355 1542 1357
f 1356 1540 1539
f 1356 1536 1541
f 1356 1541 1540
f 1357 1542 1543
f 1357 1543 1358
f 1358 1543 1544
f 1358 1544 1359
f 1359 1544 1360
f 1360 1544 1361
f 1361 1544 1362
f 1362 1544 1546
f 1362 1546 1545
f 1363 1545 1547
f 1363 1547 1364
f 1364 1547 1696
f 1364 1696 1548
f 1364 1548 1549
f 1364 1549 1365
f 1365 1549 1366
f 1366 1549 1367
f 1367 1549 1703
f 1367 1703 1550
f 1368 1550 1546
f 1368 1546 1551
f 1369 1551 1552
f 1369 1552 1370
f 1370 1374 1371
f 1370 1552 1704
f 1370 1704 1553
f 1370 1553 1554
f 1370 1554 1555
f 1370 1555 1374
f 1372 1554 1556
f 1372 1556 1373
f 1372 1374 1555
f 1372 1555 1554
f 1373 1556 1385
f 1375 1377 1557
f 1375 1557 1710
f 1375 1710 1558
f 1375 1558 1559
f 1375 1559 1376
f 1376 1559 1560
f 1376 1560 1378
f 1377 1388 1557
f 1378 1560 1561
f 1378 1561 1379
f 1379 1561 1715
f 1379 1715 1562
f 1379 1562 1383
f 1379 1383 1380
f 1380 1383 1382
f 1381 1384 1565
f 1381 1565 1563
f 1381 1563 1392
f 1381 1392 1390
f 1383 1564 1565
f 1383 1565 1384
f 1383 1562 1715
f 1383 1715 1564
f 1385 1566 1567
f 1385 1567 1386
f 1385 1556 1566
f 1386 1568 1387
f 1386 1567 1568
f 1387 1557 1388
f 1387 1568 1721
f 1387 1721 1569
f 1387 1569 1710
f 1387 1710 1557
f 1392 1563 1570
f 1392 1570 1393
f 1393 1571 1394
f 1393 1570 1572
f 1393 1572 1573
f 1393 1573 1565
f 1393 1565 1574
f 1393 1574 1575
f 1393 1575 1576
f 1393 1576 1577
f 1393 1577 1571
f 1394 1571 1577
f 1394 1577 1395
f 1395 1409 1396
f 1395 1577 1409
f 1396 1409 1397
f 1398 1403 1399
f 1399 1403 1402
f 1399 1402 1400
f 1400 1402 1578
f 1400 1578 1579
f 1400 1579 1408
f 1400 1408 1407
f 1401 1412 1580
f 1401 1580 1402
f 1402 1580 1581
f 1402 1581 1582
f 1402 1582 1578
f 1404 1408 1579
f 1404 1579 1405
f 1405 1579 1413
f 1409 1577 1583
f 1409 1583 1584
f 1409 1584 1585
f 1409 1585 1410
f 1410 1586 1411
f 1410 1585 1586
f 1411 1581 1412
f 1411 1586 1585
f 1411 1585 1587
f 1411 1587 1581
f 1412 1581 1580
f 1413 1579 1588
f 1413 1588 1589
f 1413 1589 1590
f 1413 1590 1414
f 1414 1590 1591
f 1414 1591 1415
f 1415 1591 1524
f 1415 1524 1416
f 1418 1530 1592
f 1418 1592 1593
f 1418 1593 1419
f 1419 1593 1594
f 1419 1594 1420
f 1420 1594 1595
f 1420 1595 1421
f 1421 1595 1422
f 1422 1595 1596
f 1422 1596 1597
f 1422 1597 1598
f 1422 1598 1423
f 1423 1598 1424
f 1424 1598 1599
f 1424 1599 1425
f 1425 1599 1600
f 1425 1600 1426
f 1426 1600 1427
f 1427 1600 1428
f 1428 1600 1429
f 1429 1600 1430
f 1435 1488 1601
f 1435 1601 1436
f 1436 1601 1602
f 1436 1602 1603
f 1436 1603 1441
f 1436 1441 1437
f 1437 1440 1439
f 1441 1603 1604
f 1441 1604 1605
f 1441 1605 1606
f 1441 1606 1442
f 1442 1606 1607
f 1442 1607 1608
f 1442 1608 1443
f 1443 1608 1607
f 1443 1607 1609
f 1443 1609 1444
f 1444 1609 1606
f 1444 1606 1610
f 1444 1610 1611
f 1444 1611 1446
f 1445 1612 1447
f 1446 1611 1606
f 1446 1606 1613
f 1446 1613 1612
f 1447 1614 1615
f 1447 1615 1448
f 1447 1612 1614
f 1448 1615 1616
f 1448 1616 1617
f 1448 1617 1618
f 1448 1618 1454
f 1449 1619 1620
f 1449 1620 1450
f 1450 1620 1621
f 1450 1621 1451
f 1451 1621 1622
f 1451 1622 1452
f 1452 1622 1623
f 1452 1623 1453
f 1454 1618 1455
f 1455 1624 1456
f 1455 1618 1624
f 1456 1624 1625
f 1456 1625 1626
f 1456 1626 1457
f 1457 1626 1627
f 1457 1627 1458
f 1458 1627 1628
f 1458 1628 1459
f 1459 1629 1630
f 1459 1630 1631
f 1459 1631 1619
f 1459 1628 1629
f 1460 1632 1461
f 1460 1462 1633
f 1460 1633 1632
f 1461 1632 1466
f 1462 1463 1634
f 1462 1634 1633
f 1463 1523 1635
f 1463 1635 1634
f 1464 1466 1636
f 1464 1636 1465
f 1465 1637 1468
f 1465 1636 1637
f 1466 1632 1638
f 1466 1638 1639
f 1466 1639 1640
f 1466 1640 1641
f 1466 1641 1636
f 1468 1637 1642
f 1468 1642 1480
f 1471 1473 1643
f 1471 1643 1644
f 1471 1644 1472
f 1472 1644 1475
f 1473 1479 1643
f 1474 1476 1647
f 1474 1647 1645
f 1474 1645 1646
f 1474 1646 1477
f 1475 1644 1647
f 1475 1647 1476
f 1477 1646 1648
f 1477 1648 1478
f 1478 1648 1483
f 1479 1482 1649
f 1479 1649 1643
f 1480 1642 1481
f 1481 1642 1650
f 1481 1650 1651
f 1481 1651 1482
f 1482 1651 1649
f 1483 1648 1653
f 1483 1653 1485
f 1484 1485 1652
f 1484 1652 1486
f 1485 1653 1652
f 1486 1652 1654
f 1486 1654 1488
f 1486 1488 1487
f 1488 1654 1601
f 1489 1491 1655
f 1489 1655 1493
f 1490 1656 1491
f 1490 1492 1656
f 1491 1656 1767
f 1491 1767 1655
f 1492 1657 1656
f 1493 1655 1496
f 1494 1658 1659
f 1494 1659 1495
f 1494 1496 1660
f 1494 1660 1661
f 1494 1661 1658
f 1495 1659 1498
f 1496 1655 1660
f 1497 1498 1499
f 1498 1662 1500
f 1498 1500 1499
f 1498 1659 1662
f 1500 1662 1501
f 1501 1662 1663
f 1501 1663 1503
f 1502 1507 1508
f 1503 1663 1771
f 1503 1771 1770
f 1503 1770 1772
f 1503 1772 1841
f 1503 1841 1842
f 1503 1842 1823
f 1503 1823 1741
f 1503 1741 1599
f 1503 1599 1598
f 1503 1598 1740
f 1503 1740 1822
f 1503 1822 1874
f 1503 1874 1911
f 1503 1911 1939
f 1503 1939 1940
f 1503 1940 1921
f 1503 1921 1920
f 1503 1920 1919
f 1503 1919 1918
f 1503 1918 1916
f 1503 1916 1882
f 1503 1882 1837
f 1503 1837 1762
f 1503 1762 1645
f 1503 1645 1647
f 1503 1647 1764
f 1503 1764 1836
f 1503 1836 1777
f 1503 1777 1671
f 1503 1671 1670
f 1503 1670 1776
f 1503 1776 1774
f 1503 1774 1773
f 1503 1773 1664
f 1503 1664 1505
f 1503 1505 1504
f 1505 1664 1506
f 1506 1664 1665
f 1506 1665 1666
f 1506 1666 1507
f 1507 1666 1508
f 1508 1666 1509
f 1509 1665 1667
f 1509 1667 1668
f 1509 1668 1510
f 1509 1666 1665
f 1510 1668 1669
f 1510 1669 1511
f 1511 1669 1512
f 1512 1669 1518
f 1513 1670 1671
f 1513 1671 1514
f 1513 1519 1672
f 1513 1672 1670
f 1514 1671 1673
f 1514 1673 1515
f 1515 1673 1674
f 1515 1674 1516
f 1516 1674 1675
f 1516 1675 1517
f 1517 1675 1676
f 1517 1676 1520
f 1518 1669 1677
f 1518 1677 1519
f 1519 1677 1672
f 1520 1676 1678
f 1520 1678 1521
f 1521 1635 1522
f 1521 1678 1635
f 1522 1635 1523
f 1524 1591 1679
f 1524 1679 1680
f 1524 1680 1525
f 1525 1680 1681
f 1525 1681 1526
f 1526 1681 1527
f 1527 1681 1682
f 1527 1682 1528
f 1528 1682 1683
f 1528 1683 1529
f 1529 1683 1530
f 1530 1683 1592
f 1531 1535 1541
f 1531 1541 1536
f 1532 1538 1684
f 1532 1684 1533
f 1533 1685 1534
f 1533 1684 1685
f 1534 1685 1686
f 1534 1686 1535
f 1535 1686 1541
f 1537 1623 1687
f 1537 1687 1688
f 1537 1688 1689
f 1537 1689 1538
f 1538 1689 1690
f 1538 1690 1684
f 1539 1540 1691
f 1539 1691 1542
f 1540 1692 1691
f 1540 1541 1692
f 1541 1686 1692
f 1542 1691 1543
f 1543 1691 1693
f 1543 1693 1694
f 1543 1694 1544
f 1544 1694 1693
f 1544 1693 1695
f 1544 1695 1546
f 1545 1546 1547
f 1546 1696 1547
f 1546 1695 1697
f 1546 1697 1698
f 1546 1698 1699
f 1546 1699 1700
f 1546 1700 1701
f 1546 1701 1702
f 1546 1702 1551
f 1546 1550 1703
f 1546 1703 1696
f 1548 1696 1703
f 1548 1703 1549
f 1551 1702 1552
f 1552 1702 1705
f 1552 1705 1706
f 1552 1706 1704
f 1553 1704 1707
f 1553 1707 1554
f 1554 1707 1800
f 1554 1800 1708
f 1554 1708 1556
f 1556 1708 1800
f 1556 1800 1709
f 1556 1709 1718
f 1556 1718 1566
f 1558 1711 1559
f 1558 1710 1712
f 1558 1712 1713
f 1558 1713 1711
f 1559 1711 1560
f 1560 1711 1714
f 1560 1714 1561
f 1561 1714 1716
f 1561 1716 1715
f 1563 1572 1570
f 1563 1565 1573
f 1563 1573 1572
f 1564 1715 1716
f 1564 1716 1717
f 1564 1717 1565
f 1565 1717 1574
f 1566 1718 1806
f 1566 1806 1719
f 1566 1719 1720
f 1566 1720 1567
f 1567 1720 1568
f 1568 1720 1807
f 1568 1807 1721
f 1569 1721 1722
f 1569 1722 1723
f 1569 1723 1710
f 1574 1717 1724
f 1574 1724 1575
f 1575 1724 1577
f 1575 1577 1576
f 1577 1724 1583
f 1578 1582 1725
f 1578 1725 1726
f 1578 1726 1727
f 1578 1727 1579
f 1579 1727 1588
f 1581 1587 1728
f 1581 1728 1729
f 1581 1729 1582
f 1582 1729 1730
f 1582 1730 1725
f 1583 1724 1731
f 1583 1731 1732
f 1583 1732 1584
f 1584 1732 1585
f 1585 1732 1587
f 1587 1732 1733
f 1587 1733 1734
f 1587 1734 1728
f 1588 1727 1726
f 1588 1726 1735
f 1588 1735 1589
f 1589 1735 1591
f 1589 1591 1590
f 1591 1735 1679
f 1592 1683 1736
f 1592 1736 1737
f 1592 1737 1593
f 1593 1737 1738
f 1593 1738 1594
f 1594 1738 1739
f 1594 1739 1595
f 1595 1739 1596
f 1596 1739 1740
f 1596 1740 1597
f 1597 1740 1598
f 1599 1741 1600
f 1601 1654 1742
f 1601 1742 1602
f 1602 1742 1743
f 1602 1743 1603
f 1603 1743 1604
f 1604 1743 1744
f 1604 1744 1745
f 1604 1745 1746
f 1604 1746 1605
f 1605 1746 1747
f 1605 1747 1613
f 1605 1613 1606
f 1606 1611 1610
f 1606 1609 1607
f 1612 1613 1614
f 1613 1747 1748
f 1613 1748 1749
f 1613 1749 1614
f 1614 1749 1615
f 1615 1749 1616
f 1616 1749 1750
f 1616 1750 1617
f 1617 1750 1618
f 1618 1750 1751
f 1618 1751 1624
f 1619 1631 1620
f 1620 1631 1621
f 1621 1752 1753
f 1621 1753 1622
f 1621 1631 1752
f 1622 1753 1623
f 1623 1753 1687
f 1624 1751 1625
f 1625 1751 1626
f 1626 1751 1627
f 1627 1751 1628
f 1628 1754 1629
f 1628 1751 1754
f 1629 1754 1630
f 1630 1754 1631
f 1631 1754 1752
f 1632 1633 1755
f 1632 1755 1756
f 1632 1756 1639
f 1632 1639 1638
f 1633 1634 1757
f 1633 1757 1758
f 1633 1758 1755
f 1634 1635 1678
f 1634 1678 1757
f 1636 1650 1642
f 1636 1642 1637
f 1636 1641 1640
f 1636 1640 1650
f 1639 1759 1651
f 1639 1651 1640
f 1639 1756 1759
f 1640 1651 1650
f 1643 1649 1760
f 1643 1760 1644
f 1644 1760 1761
f 1644 1761 1647
f 1645 1762 1646
f 1646 1762 1763
f 1646 1763 1648
f 1647 1761 1764
f 1648 1763 1765
f 1648 1765 1653
f 1649 1651 1759
f 1649 1759 1760
f 1652 1653 1766
f 1652 1766 1654
f 1653 1765 1766
f 1654 1766 1744
f 1654 1744 1742
f 1655 1767 1660
f 1656 1657 1768
f 1656 1768 1767
f 1657 1769 1768
f 1658 1770 1771
f 1658 1771 1659
f 1658 1661 1772
f 1658 1772 1770
f 1659 1771 1663
f 1659 1663 1662
f 1660 1767 1772
f 1660 1772 1661
f 1664 1773 1665
f 1665 1773 1774
f 1665 1774 1775
f 1665 1775 1667
f 1667 1775 1668
f 1668 1775 1672
f 1668 1672 1677
f 1668 1677 1669
f 1670 1672 1775
f 1670 1775 1776
f 1671 1777 1673
f 1673 1777 1674
f 1674 1777 1778
f 1674 1778 1675
f 1675 1778 1779
f 1675 1779 1676
f 1676 1779 1758
f 1676 1758 1678
f 1678 1758 1757
f 1679 1735 1780
f 1679 1780 1781
f 1679 1781 1680
f 1680 1781 1782
f 1680 1782 1681
f 1681 1782 1783
f 1681 1783 1682
f 1682 1783 1683
f 1683 1783 1736
f 1684 1690 1784
f 1684 1784 1785
f 1684 1785 1685
f 1685 1785 1786
f 1685 1786 1686
f 1686 1786 1787
f 1686 1787 1692
f 1687 1753 1788
f 1687 1788 1789
f 1687 1789 1688
f 1688 1789 1689
f 1689 1789 1690
f 1690 1789 1790
f 1690 1790 1784
f 1691 1791 1792
f 1691 1792 1793
f 1691 1793 1693
f 1691 1692 1794
f 1691 1794 1791
f 1692 1787 1794
f 1693 1697 1695
f 1693 1793 1700
f 1693 1700 1697
f 1697 1700 1698
f 1698 1700 1699
f 1700 1795 1702
f 1700 1702 1701
f 1700 1793 1795
f 1702 1795 1705
f 1704 1706 1707
f 1705 1796 1706
f 1705 1795 1796
f 1706 1797 1798
f 1706 1798 1799
f 1706 1799 1718
f 1706 1718 1709
f 1706 1709 1800
f 1706 1800 1707
f 1706 1796 1801
f 1706 1801 1797
f 1710 1723 1712
f 1711 1802 1714
f 1711 1713 1802
f 1712 1723 1803
f 1712 1803 1713
f 1713 1804 1802
f 1713 1803 1805
f 1713 1805 1804
f 1714 1802 1716
f 1716 1802 1724
f 1716 1724 1717
f 1718 1799 1806
f 1719 1806 1807
f 1719 1807 1720
f 1721 1807 1799
f 1721 1799 1803
f 1721 1803 1722
f 1722 1803 1723
f 1724 1802 1808
f 1724 1808 1809
f 1724 1809 1731
f 1725 1730 1810
f 1725 1810 1726
f 1726 1810 1735
f 1728 1734 1729
f 1729 1734 1811
f 1729 1811 1812
f 1729 1812 1810
f 1729 1810 1730
f 1731 1809 1813
f 1731 1813 1732
f 1732 1813 1809
f 1732 1809 1814
f 1732 1814 1815
f 1732 1815 1733
f 1733 1815 1734
f 1734 1815 1816
f 1734 1816 1817
f 1734 1817 1812
f 1734 1812 1811
f 1735 1810 1780
f 1736 1783 1818
f 1736 1818 1819
f 1736 1819 1737
f 1737 1819 1820
f 1737 1820 1738
f 1738 1820 1739
f 1739 1820 1821
f 1739 1821 1740
f 1740 1821 1822
f 1742 1744 1743
f 1744 1766 1824
f 1744 1824 1825
f 1744 1825 1746
f 1744 1746 1745
f 1746 1825 1826
f 1746 1826 1747
f 1747 1826 1748
f 1748 1827 1828
f 1748 1828 1829
f 1748 1829 1749
f 1748 1826 1827
f 1749 1829 1750
f 1750 1830 1751
f 1750 1829 1830
f 1751 1830 1831
f 1751 1831 1754
f 1752 1754 1753
f 1753 1754 1788
f 1754 1831 1832
f 1754 1832 1788
f 1755 1758 1756
f 1756 1758 1833
f 1756 1833 1834
f 1756 1834 1759
f 1758 1779 1833
f 1759 1834 1760
f 1760 1834 1835
f 1760 1835 1761
f 1761 1835 1881
f 1761 1881 1836
f 1761 1836 1764
f 1762 1837 1763
f 1763 1837 1838
f 1763 1838 1765
f 1765 1838 1839
f 1765 1839 1824
f 1765 1824 1766
f 1767 1840 1772
f 1767 1768 1840
f 1768 1841 1840
f 1768 1769 1842
f 1768 1842 1841
f 1769 1823 1842
f 1772 1840 1841
f 1774 1776 1775
f 1777 1843 1778
f 1777 1836 1843
f 1778 1843 1833
f 1778 1833 1779
f 1780 1810 1844
f 1780 1844 1781
f 1781 1844 1845
f 1781 1845 1782
f 1782 1845 1846
f 1782 1846 1783
f 1783 1846 1818
f 1784 1790 1847
f 1784 1847 1848
f 1784 1848 1849
f 1784 1849 1785
f 1785 1850 1786
f 1785 1849 1851
f 1785 1851 1850
f 1786 1852 1787
f 1786 1850 1852
f 1787 1852 1853
f 1787 1853 1794
f 1788 1854 1789
f 1788 1832 1855
f 1788 1855 1854
f 1789 1854 1790
f 1790 1854 1856
f 1790 1856 1847
f 1791 1794 1853
f 1791 1853 1857
f 1791 1857 1858
f 1791 1858 1792
f 1792 1858 1859
f 1792 1859 1793
f 1793 1859 1860
f 1793 1860 1795
f 1795 1861 1862
f 1795 1862 1797
f 1795 1797 1796
f 1795 1860 1861
f 1796 1797 1801
f 1797 1863 1799
f 1797 1799 1798
f 1797 1862 1863
f 1799 1863 1803
f 1799 1807 1806
f 1802 1809 1808
f 1802 1804 1809
f 1803 1863 1805
f 1804 1864 1814
f 1804 1814 1809
f 1804 1805 1864
f 1805 1863 1865
f 1805 1865 1866
f 1805 1866 1864
f 1810 1812 1844
f 1812 1817 1867
f 1812 1867 1844
f 1814 1864 1868
f 1814 1868 1815
f 1815 1868 1869
f 1815 1869 1817
f 1815 1817 1816
f 1817 1869 1867
f 1818 1846 1870
f 1818 1870 1871
f 1818 1871 1819
f 1819 1871 1821
f 1819 1821 1820
f 1821 1871 1872
f 1821 1872 1873
f 1821 1873 1874
f 1821 1874 1822
f 1824 1839 1827
f 1824 1827 1825
f 1825 1827 1826
f 1827 1875 1876
f 1827 1876 1828
f 1827 1839 1875
f 1828 1876 1877
f 1828 1877 1829
f 1829 1877 1830
f 1830 1878 1831
f 1830 1877 1878
f 1831 1879 1832
f 1831 1878 1879
f 1832 1879 1880
f 1832 1880 1855
f 1833 1881 1835
f 1833 1835 1834
f 1833 1843 1881
f 1836 1881 1843
f 1837 1882 1883
f 1837 1883 1838
f 1838 1883 1875
f 1838 1875 1839
f 1844 1867 1884
f 1844 1884 1845
f 1845 1884 1870
f 1845 1870 1846
f 1847 1856 1885
f 1847 1885 1886
f 1847 1886 1848
f 1848 1886 1887
f 1848 1887 1849
f 1849 1887 1888
f 1849 1888 1889
f 1849 1889 1890
f 1849 1890 1851
f 1850 1851 1891
f 1850 1891 1892
f 1850 1892 1852
f 1851 1890 1893
f 1851 1893 1891
f 1852 1892 1894
f 1852 1894 1853
f 1853 1894 1895
f 1853 1895 1857
f 1854 1855 1880
f 1854 1880 1856
f 1856 1880 1896
f 1856 1896 1885
f 1857 1895 1858
f 1858 1895 1897
f 1858 1897 1859
f 1859 1897 1898
f 1859 1898 1860
f 1860 1898 1861
f 1861 1898 1899
f 1861 1899 1862
f 1862 1899 1900
f 1862 1900 1863
f 1863 1900 1865
f 1864 1866 1901
f 1864 1901 1868
f 1865 1900 1902
f 1865 1902 1903
f 1865 1903 1866
f 1866 1903 1901
f 1867 1869 1904
f 1867 1904 1884
f 1868 1901 1905
f 1868 1905 1906
f 1868 1906 1869
f 1869 1906 1904
f 1870 1884 1907
f 1870 1907 1872
f 1870 1872 1871
f 1872 1907 1908
f 1872 1908 1909
f 1872 1909 1910
f 1872 1910 1873
f 1873 1910 1911
f 1873 1911 1874
f 1875 1912 1913
f 1875 1913 1914
f 1875 1914 1876
f 1875 1883 1912
f 1876 1914 1896
f 1876 1896 1915
f 1876 1915 1877
f 1877 1915 1878
f 1878 1915 1879
f 1879 1915 1880
f 1880 1915 1896
f 1882 1916 1883
f 1883 1916 1912
f 1884 1904 1907
f 1885 1896 1914
f 1885 1914 1913
f 1885 1913 1886
f 1886 1913 1917
f 1886 1917 1887
f 1887 1917 1888
f 1888 1917 1918
f 1888 1918 1889
f 1889 1918 1919
f 1889 1919 1920
f 1889 1920 1921
f 1889 1921 1922
f 1889 1922 1890
f 1890 1922 1893
f 1891 1893 1923
f 1891 1923 1892
f 1892 1923 1924
f 1892 1924 1894
f 1893 1922 1923
f 1894 1924 1925
f 1894 1925 1895
f 1895 1925 1926
f 1895 1926 1897
f 1897 1926 1898
f 1898 1927 1899
f 1898 1926 1927
f 1899 1927 1928
f 1899 1928 1929
f 1899 1929 1902
f 1899 1902 1900
f 1901 1903 1930
f 1901 1930 1931
f 1901 1931 1906
f 1901 1906 1905
f 1902 1929 1928
f 1902 1928 1932
f 1902 1932 1933
f 1902 1933 1903
f 1903 1933 1934
f 1903 1934 1930
f 1904 1906 1935
f 1904 1935 1907
f 1906 1931 1935
f 1907 1935 1908
f 1908 1935 1936
f 1908 1936 1909
f 1909 1936 1937
f 1909 1937 1938
f 1909 1938 1910
f 1910 1938 1939
f 1910 1939 1911
f 1912 1916 1917
f 1912 1917 1913
f 1916 1918 1917
f 1921 1940 1941
f 1921 1941 1922
f 1922 1941 1923
f 1923 1941 1942
f 1923 1942 1924
f 1924 1942 1943
f 1924 1943 1925
f 1925 1943 1928
f 1925 1928 1926
f 1926 1928 1927
f 1928 1943 1932
f 1930 1934 1931
f 1931 1934 1936
f 1931 1936 1935
f 1932 1943 1944
f 1932 1944 1945
f 1932 1945 1934
f 1932 1934 1933
f 1934 1937 1936
f 1934 1945 1937
f 1937 1945 1938
f 1938 1945 1946
f 1938 1946 1939
f 1939 1946 1940
f 1940 1946 1947
f 1940 1947 1941
f 1941 1947 1948
f 1941 1948 1942
f 1942 1948 1944
f 1942 1944 1943
f 1944 1948 1947
f 1944 1947 1945
f 1945 1947 1946
