# https://github.com/mikedh/trimesh
v 0.02519196 0.03806326 0.02652663
v 0.02519196 0.02870683 0.02652663
v 0.02519196 0.03856775 0.02651259
v 0.02462801 0.03856775 0.02651727
v 0.02361834 0.03856775 0.02652195
v 0.02059389 0.03856775 0.02652663
v 0.02059389 0.02870683 0.02652663
v 0.02519196 0.02870683 0.01952318
v 0.02519196 0.03907101 0.02645177
v 0.02462801 0.03907101 0.02646113
v 0.02361834 0.03907101 0.02647517
v 0.02109873 0.03907101 0.02649856
v 0.02059389 0.03907101 0.02650324
v 0.01958423 0.03907101 0.02650791
v 0.01756945 0.03907101 0.02651259
v 0.01706462 0.03856775 0.02652663
v 0.01706462 0.02949433 0.02652663
v 0.01605495 0.02949433 0.02651727
v 0.01504529 0.02949433 0.02648920
v 0.01404017 0.02902798 0.02638628
v 0.01576388 0.02873759 0.02632078
v 0.02008906 0.02870683 0.02649856
v 0.02515558 0.02870683 0.01953721
v -0.00713094 0.02872283 -0.01930221
v -0.00562099 0.02872283 -0.01980747
v -0.00360166 0.02872283 -0.02031273
v 0.00395717 0.02872283 -0.02031273
v 0.00597196 0.02872283 -0.01980747
v 0.00849157 0.02872283 -0.01879695
v 0.00950123 0.02872283 -0.01829637
v 0.01202085 0.02872283 -0.01678060
v 0.02361834 0.02872283 -0.00568830
v 0.02412317 0.02872283 -0.00518772
v 0.02462801 0.02872283 -0.00468246
v 0.02512829 0.02872283 -0.00417720
v 0.02519196 0.02872283 -0.00411170
v 0.02519196 0.03942046 0.02635821
v 0.02361834 0.03947337 0.02637692
v 0.02311351 0.03949060 0.02638160
v 0.02109873 0.03955950 0.02639563
v 0.01958423 0.03957550 0.02641435
v 0.01807428 0.03957550 0.02642838
v 0.01655979 0.03907101 0.02651259
v 0.01605495 0.03856775 0.02651727
v 0.01555012 0.03050208 0.02650791
v 0.01454501 0.03050208 0.02647517
v 0.01404017 0.02949433 0.02645177
v 0.01353534 0.02906120 0.02637224
v 0.00967861 0.02873390 0.02582020
v 0.01000606 0.02873144 0.02582488
v 0.01000606 0.02872406 0.02556289
v 0.00748645 0.02872283 0.02505763
v 0.01915217 0.02870683 0.02633014
v 0.02479173 0.02870683 0.01968224
v -0.00612127 0.02872529 -0.01980747
v -0.00914572 0.02872283 -0.01829637
v -0.00965055 0.02872406 -0.01829637
v -0.00864543 0.02872406 -0.01879695
v -0.00410649 0.02872406 -0.02031273
v -0.00360166 0.02873021 -0.02057940
v -0.00043168 0.02873636 -0.02107062
v -0.00007239 0.02872898 -0.02081331
v 0.00043244 0.02873636 -0.02106594
v 0.00395717 0.02873021 -0.02057940
v 0.00597196 0.02873021 -0.02007414
v 0.00627213 0.02873267 -0.02006478
v 0.00748645 0.02872406 -0.01930221
v 0.00878264 0.02873267 -0.01905894
v 0.00978776 0.02873267 -0.01855836
v 0.01077923 0.02873267 -0.01804842
v 0.01051090 0.02872406 -0.01779111
v 0.01097480 0.02872898 -0.01775369
v 0.01228918 0.02873267 -0.01704258
v 0.01248475 0.02872898 -0.01674317
v 0.01454501 0.02872652 -0.01476424
v 0.02519196 0.02872898 -0.00457953
v 0.02519196 0.03967148 0.02625060
v 0.02361834 0.03972562 0.02627867
v 0.02210384 0.03977730 0.02630207
v 0.02043471 0.03983144 0.02632078
v 0.02008906 0.03983882 0.02632546
v 0.01958423 0.03984866 0.02633014
v 0.01907940 0.03985605 0.02633481
v 0.01807428 0.03986835 0.02633949
v 0.01756945 0.03987081 0.02633949
v 0.01706462 0.03987204 0.02633949
v 0.01605495 0.03957550 0.02642838
v 0.01605495 0.03907101 0.02650791
v 0.01504529 0.03856775 0.02649856
v 0.01504529 0.03302329 0.02649388
v 0.01454501 0.03705551 0.02647984
v 0.01404017 0.03201431 0.02645645
v 0.01353534 0.02949433 0.02642370
v 0.01252568 0.02918302 0.02633481
v 0.01303051 0.02911411 0.02635353
v 0.00950578 0.02894800 0.02589505
v 0.00899640 0.02905382 0.02587166
v 0.00670419 0.02873513 0.02531494
v 0.00698162 0.02873267 0.02531962
v 0.00748645 0.02873021 0.02532898
v 0.00698162 0.02872529 0.02505763
v 0.00496229 0.02872283 0.02455238
v 0.01912033 0.02870683 0.02606815
v 0.00143756 0.02872283 0.02354654
v -0.00007239 0.02872283 0.02304128
v -0.00259200 0.02872283 0.02203544
v -0.00662611 0.02872283 0.02001908
v -0.00763577 0.02872283 0.01951382
v -0.01015538 0.02872283 0.01800273
v -0.01166988 0.02872283 0.01699221
v -0.01418949 0.02872283 0.01497585
v -0.01519916 0.02872283 0.01396533
v -0.01670911 0.02872283 0.01194898
v -0.01771877 0.02872283 0.01043788
v -0.01822360 0.02872283 0.00943204
v -0.01923327 0.02872283 0.00741100
v -0.01973355 0.02872283 0.00589991
v -0.02023838 0.02872283 0.00388355
v -0.02074321 0.02872283 0.00036077
v 0.01919310 0.02870683 0.02517459
v -0.01267500 0.02872283 -0.01627534
v -0.01116505 0.02872283 -0.01728586
v -0.00751298 0.02873267 -0.01956888
v -0.00639416 0.02873513 -0.02006478
v -0.00612127 0.02873267 -0.02006946
v -0.01116505 0.02873021 -0.01766480
v -0.01011445 0.02872898 -0.01825427
v -0.00991888 0.02873390 -0.01855368
v -0.00891377 0.02873390 -0.01905894
v -0.00410649 0.02873144 -0.02057472
v -0.00076824 0.02873882 -0.02104723
v -0.00158688 0.02902183 -0.02113611
v -0.00108205 0.02900091 -0.02115015
v -0.00059086 0.02894062 -0.02114547
v -0.00007239 0.02898984 -0.02116886
v -0.00007239 0.02873636 -0.02107062
v -0.00442486 0.02873390 -0.02057004
v 0.00070078 0.02873759 -0.02106594
v 0.00433012 0.02873267 -0.02057004
v 0.00645405 0.02896523 -0.02014431
v 0.00775934 0.02873390 -0.01955952
v 0.00466667 0.02874251 -0.02051390
v 0.00496229 0.02906490 -0.02062150
v 0.00896911 0.02897507 -0.01914315
v 0.00931476 0.02913257 -0.01908233
v 0.00997423 0.02898245 -0.01863789
v 0.01030624 0.02914488 -0.01857707
v 0.01097480 0.02903783 -0.01810924
v 0.01185257 0.02909319 -0.01759462
v 0.01240288 0.02898984 -0.01712679
v 0.01331704 0.02915841 -0.01655604
v 0.01479515 0.02873759 -0.01501687
v 0.01499526 0.02873390 -0.01471746
v 0.02519196 0.02873021 -0.00462632
v 0.02519196 0.03973546 0.02621318
v 0.02361834 0.04007999 0.02606815
v 0.02210384 0.04007999 0.02612429
v 0.02077127 0.03982282 0.02631610
v 0.02008906 0.04009106 0.02617575
v 0.01907940 0.04010829 0.02618979
v 0.01857457 0.04011567 0.02619446
v 0.01807428 0.04012060 0.02619914
v 0.01756945 0.04012306 0.02619914
v 0.01655979 0.03987204 0.02633949
v 0.01605495 0.03987081 0.02633949
v 0.01555012 0.03986466 0.02633949
v 0.01504529 0.03957550 0.02640967
v 0.01555012 0.03907101 0.02649856
v 0.01504529 0.03907101 0.02648452
v 0.01454501 0.03856775 0.02647984
v 0.01404017 0.03856775 0.02645645
v 0.01303051 0.03453553 0.02639095
v 0.01252568 0.02949433 0.02634885
v 0.01223915 0.02922855 0.02632078
v 0.00858708 0.02914611 0.02583891
v 0.00651317 0.02896277 0.02538044
v 0.00597196 0.02913257 0.02534301
v 0.00446656 0.02895046 0.02489389
v 0.00463938 0.02873267 0.02481436
v 0.00496229 0.02873021 0.02482372
v 0.00294751 0.02872406 0.02405179
v 0.01911123 0.02870683 0.02559564
v 0.00143756 0.02873021 0.02381788
v 0.00113739 0.02873267 0.02380852
v -0.00007239 0.02873021 0.02331262
v -0.00036346 0.02873267 0.02330326
v -0.00287852 0.02873267 0.02229274
v -0.00392002 0.02873267 0.02179217
v -0.00493878 0.02873267 0.02129159
v -0.00595300 0.02873267 0.02078633
v -0.00662611 0.02873021 0.02034188
v -0.00791775 0.02873267 0.01977581
v -0.00910479 0.02872898 0.01897114
v -0.00864543 0.02872406 0.01900856
v -0.01166988 0.02873021 0.01734776
v -0.01213378 0.02872898 0.01695478
v -0.01414401 0.02872898 0.01543900
v -0.01368466 0.02872406 0.01548111
v -0.01465339 0.02872898 0.01493375
v -0.01515368 0.02872898 0.01442849
v -0.01570399 0.02872406 0.01346475
v -0.01721394 0.02872406 0.01144840
v -0.01805987 0.02873021 0.01043788
v -0.01859654 0.02873021 0.00943204
v -0.01949250 0.02873267 0.00773849
v -0.01973355 0.02872652 0.00640516
v -0.01876482 0.02872898 0.00896421
v -0.01899222 0.02873267 0.00881918
v -0.02050672 0.02873021 0.00438881
v -0.02023838 0.02872406 0.00438881
v -0.02074321 0.02872406 0.00086603
v -0.02100700 0.02873021 0.00036077
v -0.02074321 0.02872283 -0.00014449
v -0.02023838 0.02872283 -0.00417720
v -0.01973355 0.02872283 -0.00619356
v -0.01872843 0.02872283 -0.00871517
v -0.01822360 0.02872283 -0.00972569
v -0.01620427 0.02872283 -0.01274788
v -0.01570399 0.02872283 -0.01325314
v -0.01519916 0.02872283 -0.01375840
v -0.01317983 0.02872283 -0.01577476
v -0.01313890 0.02872898 -0.01623791
v -0.01267500 0.02873021 -0.01664493
v -0.01415765 0.02872898 -0.01523675
v -0.00784953 0.02874129 -0.01951742
v -0.00804509 0.02907720 -0.01962034
v -0.00693992 0.02916087 -0.02007881
v -0.00658517 0.02899230 -0.02012092
v -0.00511616 0.02911780 -0.02060279
v -0.01144703 0.02873267 -0.01755252
v -0.01294788 0.02873267 -0.01654200
v -0.01004168 0.02898984 -0.01861918
v -0.00941406 0.02921009 -0.01905894
v -0.01090126 0.02873882 -0.01803439
v -0.00910933 0.02902183 -0.01911040
v -0.00209172 0.02906982 -0.02111740
v -0.00108205 0.02949433 -0.02123904
v -0.00057722 0.02949433 -0.02125775
v 0.00043244 0.02898984 -0.02116418
v -0.00007239 0.02949433 -0.02126243
v 0.00043244 0.02949433 -0.02126243
v -0.00459768 0.02895169 -0.02064489
v -0.00259200 0.02916579 -0.02108465
v 0.00089635 0.02894431 -0.02114079
v 0.00143756 0.02901568 -0.02114079
v 0.00194240 0.02904890 -0.02112208
v 0.00448020 0.02894185 -0.02065893
v 0.00244268 0.02912642 -0.02109869
v 0.00683608 0.02911657 -0.02009753
v 0.00528065 0.02916825 -0.02057940
v 0.00795035 0.02900337 -0.01962034
v 0.00275649 0.02920271 -0.02107530
v 0.00827781 0.02918056 -0.01956888
v 0.00899640 0.02949433 -0.01926946
v 0.00934660 0.02949433 -0.01910105
v 0.00960129 0.02949433 -0.01897473
v 0.01000606 0.02949433 -0.01876421
v 0.01033352 0.02949433 -0.01859111
v 0.01126587 0.02923839 -0.01804374
v 0.01333068 0.02949433 -0.01657007
v 0.01358537 0.02949433 -0.01635955
v 0.01388099 0.02949433 -0.01610692
v 0.01413113 0.02949433 -0.01588704
v 0.01384916 0.02910304 -0.01607885
v 0.01250294 0.02949433 -0.01720165
v 0.01275308 0.02949433 -0.01701451
v 0.01303051 0.02949433 -0.01680399
v 0.01437673 0.02908089 -0.01559698
v 0.01486337 0.02898984 -0.01508237
v 0.02519196 0.02904398 -0.00508012
v 0.02519196 0.02886064 -0.00492573
v 0.02519196 0.02875974 -0.00474795
v 0.02492363 0.02873267 -0.00495380
v 0.02519196 0.04008614 0.02600265
v 0.02361834 0.04037776 0.02585763
v 0.02210384 0.04041468 0.02589037
v 0.02109873 0.04043436 0.02590909
v 0.01958423 0.04046143 0.02593248
v 0.01907940 0.04046882 0.02593716
v 0.01807428 0.04047866 0.02594651
v 0.01756945 0.04048235 0.02594651
v 0.01655979 0.04048481 0.02594651
v 0.01605495 0.04012306 0.02619914
v 0.01463597 0.03984128 0.02632546
v 0.01555012 0.04011690 0.02619914
v 0.01504529 0.04010583 0.02619446
v 0.01429941 0.03982652 0.02632078
v 0.01449498 0.03962595 0.02637692
v 0.01404017 0.03955335 0.02637692
v 0.01454501 0.03907101 0.02646581
v 0.01404017 0.03907101 0.02644242
v 0.01353534 0.03907101 0.02641435
v 0.01303051 0.03856775 0.02639095
v 0.01252568 0.03453553 0.02635353
v 0.01222096 0.02949433 0.02632546
v 0.01196627 0.02949433 0.02630207
v 0.01151601 0.02949433 0.02625528
v 0.01101573 0.02949433 0.02619914
v 0.01000606 0.02949433 0.02608219
v 0.00950123 0.02949433 0.02601201
v 0.00899640 0.02949433 0.02593248
v 0.00798673 0.02949433 0.02576874
v 0.00748645 0.02949433 0.02567985
v 0.00570362 0.02922485 0.02531494
v 0.00395717 0.02910550 0.02484711
v 0.00266553 0.02873390 0.02430910
v 0.00294751 0.02873144 0.02431378
v 0.00095547 0.02896400 0.02388337
v 0.00056889 0.02911534 0.02383659
v -0.00054993 0.02897630 0.02337344
v -0.00183702 0.02873759 0.02278865
v -0.00425658 0.02876220 0.02167988
v -0.00527534 0.02875482 0.02118398
v -0.00628955 0.02875236 0.02068808
v -0.00890922 0.02873390 0.01927055
v -0.01043281 0.02873267 0.01826471
v -0.01194276 0.02873267 0.01725419
v -0.01363463 0.02873144 0.01593958
v -0.01394845 0.02873390 0.01574310
v -0.01445783 0.02873267 0.01524252
v -0.01546294 0.02873267 0.01423200
v -0.01565851 0.02873021 0.01392323
v -0.01717301 0.02872898 0.01190687
v -0.01747318 0.02873390 0.01171506
v -0.01798256 0.02873267 0.01073261
v -0.01849193 0.02873267 0.00978759
v -0.01998824 0.02873636 0.00666247
v -0.01999734 0.02873390 0.00640516
v -0.01895583 0.02874005 0.00915602
v -0.02049762 0.02873267 0.00470693
v -0.02099791 0.02873513 0.00168942
v -0.02100245 0.02873267 0.00136661
v -0.02100700 0.02873144 0.00086603
v -0.02113890 0.02898984 0.00036077
v -0.02100700 0.02873021 -0.00064974
v -0.02074321 0.02872529 -0.00115500
v -0.02100245 0.02873144 -0.00115500
v -0.02050672 0.02873021 -0.00417720
v -0.02000188 0.02873021 -0.00619356
v -0.01999734 0.02873267 -0.00649297
v -0.01949705 0.02873144 -0.00770465
v -0.01898767 0.02873267 -0.00899587
v -0.01848284 0.02873267 -0.01000171
v -0.01771877 0.02872529 -0.01073153
v -0.01616789 0.02872898 -0.01321104
v -0.01516732 0.02872898 -0.01423091
v -0.01670911 0.02872529 -0.01224263
v -0.01466249 0.02872898 -0.01473617
v -0.01447602 0.02873267 -0.01504962
v -0.01397119 0.02873267 -0.01554552
v -0.00837710 0.02949433 -0.01955016
v -0.00763577 0.02949433 -0.01984958
v -0.00722645 0.02949433 -0.02000396
v -0.00662611 0.02949433 -0.02020513
v -0.00612127 0.02949433 -0.02036419
v -0.00537994 0.02922362 -0.02056536
v -0.00410649 0.02949433 -0.02086477
v -0.00286033 0.02923224 -0.02107062
v -0.01394845 0.02920394 -0.01603674
v -0.01239757 0.02874005 -0.01700516
v -0.01481257 0.02880650 -0.01488588
v -0.01430774 0.02881388 -0.01538646
v -0.01447602 0.02915103 -0.01555020
v -0.01102861 0.02907474 -0.01811392
v -0.01066022 0.02949433 -0.01839930
v -0.01040553 0.02949433 -0.01854433
v -0.01015084 0.02949433 -0.01868467
v -0.00967784 0.02949433 -0.01893730
v -0.00942315 0.02949433 -0.01906362
v -0.00914572 0.02949433 -0.01919461
v -0.00864543 0.02949433 -0.01942853
v -0.01195641 0.02915964 -0.01756188
v -0.00209172 0.02949433 -0.02116418
v -0.00158688 0.02949433 -0.02120629
v -0.00108205 0.04007999 -0.02123904
v -0.00057722 0.04007999 -0.02125775
v -0.00007239 0.03403104 -0.02126711
v 0.00093728 0.02949433 -0.02124839
v 0.00043244 0.04007999 -0.02126243
v 0.00143756 0.02949433 -0.02121565
v 0.00194240 0.02949433 -0.02117822
v 0.00597196 0.02949433 -0.02041097
v 0.00647679 0.02949433 -0.02025659
v 0.00689066 0.02949433 -0.02011624
v 0.00714535 0.02949433 -0.02002735
v 0.00748645 0.02949433 -0.01990572
v 0.00395717 0.02949433 -0.02089284
v 0.00446201 0.02949433 -0.02078992
v 0.00496229 0.02949433 -0.02067764
v 0.00531704 0.02949433 -0.02058875
v 0.00556718 0.02949433 -0.02052325
v 0.00244268 0.02949433 -0.02112676
v 0.00304302 0.02949433 -0.02104723
v 0.00345234 0.02949433 -0.02098641
v 0.00798673 0.02949433 -0.01970923
v 0.00855069 0.02949433 -0.01947063
v 0.00899640 0.04007999 -0.01926946
v 0.00934660 0.04007999 -0.01910105
v 0.00960129 0.04007999 -0.01897473
v 0.01000606 0.04007999 -0.01876421
v 0.01033352 0.04007999 -0.01859111
v 0.01101573 0.02949433 -0.01819345
v 0.01126587 0.04033716 -0.01804374
v 0.01152056 0.02949433 -0.01787532
v 0.01189805 0.02949433 -0.01762269
v 0.01214819 0.02949433 -0.01745428
v 0.01333068 0.04007999 -0.01657007
v 0.01358537 0.04007999 -0.01635955
v 0.01388099 0.04007999 -0.01610692
v 0.01413113 0.04007999 -0.01588704
v 0.01441766 0.02949433 -0.01563441
v 0.01250294 0.04007999 -0.01720165
v 0.01275308 0.04007999 -0.01701451
v 0.01303051 0.04007999 -0.01680399
v 0.01466780 0.02949433 -0.01540049
v 0.01493159 0.02949433 -0.01515254
v 0.02519196 0.02942419 -0.00520175
v 0.02488269 0.02922855 -0.00544035
v 0.02519196 0.04033962 0.02582020
v 0.02512829 0.04034085 0.02582488
v 0.02159901 0.04067676 0.02562839
v 0.02109873 0.04068661 0.02563775
v 0.02008906 0.04045405 0.02592312
v 0.02059389 0.04069645 0.02564710
v 0.01958423 0.04071368 0.02566582
v 0.01907940 0.04072106 0.02567517
v 0.01807428 0.04073090 0.02568453
v 0.01756945 0.04073460 0.02568921
v 0.01706462 0.04073583 0.02569389
v 0.01605495 0.04073583 0.02569389
v 0.01605495 0.04048358 0.02594651
v 0.01555012 0.04048112 0.02594651
v 0.01449498 0.04003692 0.02621318
v 0.01504529 0.04047620 0.02594184
v 0.01404017 0.04007999 0.02617108
v 0.01454501 0.04046882 0.02593248
v 0.01404017 0.04046020 0.02592312
v 0.01353534 0.04044790 0.02591377
v 0.01353534 0.04007999 0.02614768
v 0.01252568 0.04007999 0.02608219
v 0.01353534 0.03975515 0.02630207
v 0.01353534 0.03950290 0.02636289
v 0.01303051 0.03944138 0.02634885
v 0.01228008 0.03930603 0.02632078
v 0.01303051 0.03907101 0.02638160
v 0.01222551 0.03896888 0.02632546
v 0.01252568 0.03856775 0.02635353
v 0.01219822 0.03403104 0.02632546
v 0.01221641 0.02999759 0.02632546
v 0.01196172 0.03050208 0.02630207
v 0.01151601 0.02999759 0.02625996
v 0.01051090 0.03100656 0.02614300
v 0.01051090 0.03655102 0.02614768
v 0.01000606 0.03856775 0.02608219
v 0.00899640 0.03503879 0.02593716
v 0.00950123 0.03907101 0.02601201
v 0.00849157 0.03554204 0.02585763
v 0.00825052 0.03201431 0.02581552
v 0.00798673 0.03352655 0.02577342
v 0.00698162 0.03755878 0.02558628
v 0.00698162 0.03100656 0.02558160
v 0.00597196 0.02949433 0.02537576
v 0.00569452 0.02949433 0.02531494
v 0.00544438 0.02949433 0.02525880
v 0.00496229 0.02949433 0.02514184
v 0.00367520 0.02920886 0.02481436
v 0.00208793 0.02913257 0.02433249
v 0.00247451 0.02897507 0.02436992
v 0.00093728 0.02949433 0.02400033
v -0.00007239 0.02949433 0.02365882
v -0.00090468 0.02913626 0.02332198
v 0.00143756 0.02949433 0.02416408
v -0.00235095 0.02922732 0.02279333
v -0.00341065 0.02914611 0.02231146
v -0.00446124 0.02909812 0.02182959
v -0.00547545 0.02909197 0.02132901
v -0.00648057 0.02908950 0.02082843
v -0.00746295 0.02911042 0.02031382
v -0.00843623 0.02915349 0.01978984
v -0.01000075 0.02908458 0.01881675
v -0.01137426 0.02874129 0.01770799
v -0.01343452 0.02873759 0.01623900
v -0.01480803 0.02898984 0.01508813
v -0.01530831 0.02898984 0.01457819
v -0.01595868 0.02873513 0.01372206
v -0.01652718 0.02908212 0.01329633
v -0.01699108 0.02914980 0.01274429
v -0.01754595 0.02898984 0.01181798
v -0.01800530 0.02912765 0.01125191
v -0.01853741 0.02908212 0.01030221
v -0.01841462 0.02874498 0.01012443
v -0.01953344 0.02909319 0.00829053
v -0.02000188 0.02918056 0.00720048
v -0.02003827 0.02900337 0.00686364
v -0.02049762 0.02922116 0.00566599
v -0.02052946 0.02911780 0.00539465
v -0.02057949 0.02895292 0.00488003
v -0.01904680 0.02907597 0.00931976
v -0.02101155 0.02917564 0.00321455
v -0.02103429 0.02909812 0.00287771
v -0.02107522 0.02894431 0.00186251
v -0.02111616 0.02898984 0.00136661
v -0.02112980 0.02898984 0.00086603
v -0.02106158 0.02902921 0.00237713
v -0.02126169 0.02949433 0.00036077
v -0.02113890 0.02898984 -0.00064974
v -0.02099791 0.02873513 -0.00153863
v -0.02049762 0.02873390 -0.00468246
v -0.02049307 0.02873759 -0.00493977
v -0.02007010 0.02896646 -0.00667542
v -0.01948796 0.02873513 -0.00797132
v -0.01905589 0.02899599 -0.00918768
v -0.01797346 0.02873636 -0.01098883
v -0.01767784 0.02873144 -0.01119000
v -0.01899677 0.02916825 -0.00951049
v -0.01666817 0.02873144 -0.01270110
v -0.01646806 0.02873267 -0.01301923
v -0.01547659 0.02873267 -0.01404378
v -0.01498085 0.02873267 -0.01454904
v -0.00837710 0.04007999 -0.01955016
v -0.00763577 0.04007999 -0.01984958
v -0.00722645 0.04007999 -0.02000396
v -0.00662611 0.04007999 -0.02020513
v -0.00612127 0.04007999 -0.02036419
v -0.00564373 0.02949433 -0.02050454
v -0.00511616 0.02949433 -0.02064021
v -0.00461133 0.02949433 -0.02076185
v -0.00410649 0.04007999 -0.02086477
v -0.00360166 0.02949433 -0.02095834
v -0.00286943 0.02949433 -0.02107062
v -0.00312412 0.02949433 -0.02103787
v -0.01420768 0.02949433 -0.01582154
v -0.01395754 0.02949433 -0.01604142
v -0.01341178 0.02949433 -0.01650925
v -0.01282963 0.02949433 -0.01695837
v -0.01252491 0.02907597 -0.01710808
v -0.01305703 0.02898984 -0.01662621
v -0.01448966 0.02949433 -0.01556891
v -0.01498085 0.02914241 -0.01505430
v -0.01531741 0.02881142 -0.01438062
v -0.01499904 0.02949433 -0.01507301
v -0.01108318 0.02949433 -0.01815134
v -0.01066022 0.04007999 -0.01839930
v -0.01040553 0.04007999 -0.01854433
v -0.01015084 0.04007999 -0.01868467
v -0.00967784 0.04007999 -0.01893730
v -0.00942315 0.04007999 -0.01906362
v -0.00914572 0.04007999 -0.01919461
v -0.00864543 0.04007999 -0.01942853
v -0.01197460 0.02949433 -0.01757591
v -0.01166988 0.02949433 -0.01777708
v -0.01133787 0.02949433 -0.01799228
v -0.01257494 0.02949433 -0.01714551
v -0.01222474 0.02949433 -0.01739814
v -0.00209172 0.04007999 -0.02116418
v -0.00158688 0.04007999 -0.02120629
v -0.00108205 0.04058448 -0.02120161
v -0.00057722 0.04058448 -0.02122032
v -0.00007239 0.04007999 -0.02126711
v 0.00093728 0.04007999 -0.02124839
v 0.00043244 0.04058448 -0.02122500
v 0.00143756 0.04007999 -0.02121565
v 0.00194240 0.04007999 -0.02117822
v 0.00597196 0.04007999 -0.02041097
v 0.00647679 0.04007999 -0.02025659
v 0.00689066 0.04007999 -0.02011624
v 0.00714535 0.04007999 -0.02002735
v 0.00748645 0.04007999 -0.01990572
v 0.00395717 0.04007999 -0.02089284
v 0.00446201 0.04007999 -0.02078992
v 0.00496229 0.04007999 -0.02067764
v 0.00531704 0.04007999 -0.02058875
v 0.00556718 0.04007999 -0.02052325
v 0.00244268 0.04007999 -0.02112676
v 0.00304302 0.04007999 -0.02104723
v 0.00345234 0.04007999 -0.02098641
v 0.00798673 0.04007999 -0.01970923
v 0.00855069 0.04007999 -0.01947063
v 0.00899640 0.04058448 -0.01922736
v 0.00931021 0.04058448 -0.01907765
v 0.00827781 0.04044421 -0.01956888
v 0.00956036 0.04058448 -0.01895134
v 0.01000606 0.04058448 -0.01872210
v 0.01029714 0.04058448 -0.01856772
v 0.01101573 0.04007999 -0.01819345
v 0.01121584 0.04067307 -0.01801100
v 0.01186621 0.04058448 -0.01760398
v 0.01211635 0.04058448 -0.01743088
v 0.01214819 0.04007999 -0.01745428
v 0.01189805 0.04007999 -0.01762269
v 0.01152056 0.04007999 -0.01787532
v 0.01054728 0.04058448 -0.01842269
v 0.01026076 0.04083673 -0.01854900
v 0.01331704 0.04047989 -0.01655604
v 0.01385370 0.04058448 -0.01608353
v 0.01410839 0.04058448 -0.01586365
v 0.01441766 0.04007999 -0.01563441
v 0.01247110 0.04058448 -0.01717825
v 0.01272579 0.04058448 -0.01699112
v 0.01466780 0.04007999 -0.01540049
v 0.01493159 0.04007999 -0.01515254
v 0.02519196 0.02949433 -0.00520643
v 0.02519196 0.04060047 0.02552547
v 0.02512829 0.04057094 0.02556289
v 0.02311351 0.04064231 0.02559096
v 0.02210384 0.04066692 0.02561435
v 0.02428690 0.04083303 0.02530558
v 0.02311351 0.04085518 0.02533833
v 0.02260868 0.04086379 0.02535237
v 0.02159901 0.04087979 0.02537576
v 0.02109873 0.04088717 0.02538512
v 0.01958423 0.04090563 0.02541319
v 0.01907940 0.04090932 0.02542254
v 0.01807428 0.04091670 0.02543658
v 0.01706462 0.04092162 0.02544126
v 0.01504529 0.04072845 0.02568453
v 0.01605495 0.04092162 0.02544126
v 0.01504529 0.04091670 0.02543190
v 0.01454501 0.04072106 0.02567985
v 0.01303051 0.04043436 0.02589973
v 0.01404017 0.04071245 0.02567049
v 0.01353534 0.04070015 0.02566114
v 0.01252568 0.04066938 0.02563775
v 0.01202085 0.04039622 0.02586698
v 0.01151601 0.04037284 0.02584827
v 0.01076559 0.04033223 0.02581552
v 0.01151601 0.04007999 0.02600733
v 0.01303051 0.03969363 0.02628335
v 0.01248020 0.03955950 0.02627867
v 0.01151601 0.03957550 0.02619446
v 0.01101573 0.03957550 0.02614300
v 0.01051090 0.03957550 0.02608686
v 0.01101573 0.03907101 0.02620382
v 0.01151601 0.03907101 0.02625528
v 0.01151601 0.03856775 0.02625996
v 0.01194808 0.03856775 0.02630207
v 0.01220277 0.03856775 0.02632546
v 0.01219822 0.03755878 0.02632546
v 0.01194808 0.03352655 0.02630207
v 0.01051090 0.03856775 0.02614768
v 0.00899640 0.03907101 0.02593716
v 0.01051090 0.03907101 0.02614300
v 0.00950123 0.03957550 0.02596055
v 0.00858253 0.03948814 0.02584359
v 0.00824597 0.03921374 0.02581552
v 0.00849157 0.03856775 0.02585763
v 0.00803676 0.03905625 0.02578277
v 0.00823688 0.03554204 0.02581552
v 0.00804131 0.03455522 0.02578277
v 0.00698162 0.03907101 0.02558628
v 0.00647679 0.03604654 0.02548336
v 0.00568998 0.03302329 0.02531962
v 0.00543983 0.03050208 0.02525880
v 0.00496229 0.03655102 0.02514652
v 0.00446201 0.03755878 0.02502489
v 0.00395717 0.02999759 0.02489389
v 0.00366155 0.02949433 0.02481904
v 0.00341141 0.02949433 0.02474886
v 0.00244268 0.02949433 0.02446816
v 0.00178776 0.02949433 0.02427635
v 0.00050067 0.03755878 0.02385998
v 0.00025052 0.03655102 0.02377577
v 0.00143756 0.03201431 0.02416875
v -0.00007239 0.03655102 0.02366349
v -0.00057722 0.02949433 0.02347636
v -0.00094561 0.02949433 0.02334069
v -0.00158688 0.02949433 0.02309274
v -0.00209172 0.02949433 0.02289625
v -0.00235550 0.02949433 0.02279333
v -0.00309683 0.02949433 0.02247520
v -0.00369262 0.02949433 0.02221789
v -0.00410649 0.02949433 0.02203544
v -0.00451127 0.02949433 0.02185299
v -0.00511616 0.02949433 0.02156293
v -0.00578472 0.02949433 0.02123545
v -0.00612127 0.02949433 0.02106703
v -0.00653515 0.02949433 0.02085650
v -0.00713094 0.02949433 0.02053837
v -0.00845442 0.02949433 0.01980388
v -0.00870911 0.02949433 0.01965417
v -0.00938677 0.02949433 0.01925184
v -0.00965055 0.02949433 0.01909277
v -0.01005078 0.02949433 0.01884950
v -0.01092855 0.02919779 0.01826471
v -0.00775857 0.02949433 0.02019686
v -0.00814060 0.02949433 0.01998633
v -0.01151980 0.02907843 0.01782027
v -0.01351184 0.02898984 0.01629982
v -0.01376198 0.02898984 0.01607526
v -0.01403941 0.02898984 0.01582263
v -0.01428955 0.02898984 0.01558403
v -0.01243395 0.02921501 0.01724952
v -0.01298881 0.02911042 0.01678636
v -0.01489899 0.02949433 0.01518170
v -0.01514458 0.02949433 0.01492907
v -0.01539472 0.02949433 0.01466708
v -0.01580405 0.02898984 0.01405890
v -0.01603145 0.02898984 0.01380627
v -0.01656357 0.02949433 0.01333844
v -0.01588591 0.02949433 0.01414311
v -0.01635436 0.02949433 0.01359107
v -0.01681371 0.02949433 0.01301563
v -0.01700473 0.02949433 0.01276300
v -0.01723668 0.02949433 0.01245423
v -0.01744589 0.02949433 0.01216886
v -0.01786431 0.02949433 0.01153261
v -0.01802804 0.02949433 0.01127998
v -0.01823270 0.02949433 0.01094314
v -0.01842826 0.02949433 0.01061098
v -0.01856926 0.02949433 0.01035835
v -0.01896038 0.02949433 0.00964256
v -0.01956073 0.02949433 0.00834667
v -0.01930149 0.02949433 0.00892678
v -0.01945157 0.02949433 0.00859930
v -0.01973355 0.02949433 0.00791626
v -0.01991092 0.02949433 0.00747182
v -0.02001098 0.02949433 0.00721919
v -0.02011559 0.02949433 0.00691042
v -0.02027477 0.02949433 0.00640516
v -0.02042485 0.02949433 0.00592330
v -0.02049762 0.02949433 0.00567067
v -0.02057039 0.02949433 0.00539465
v -0.02069318 0.02949433 0.00489407
v -0.02080689 0.02949433 0.00438881
v -0.02090694 0.02949433 0.00388355
v -0.02097516 0.02949433 0.00351396
v -0.02102065 0.02949433 0.00326133
v -0.02107068 0.02949433 0.00287771
v -0.02112980 0.02949433 0.00237713
v -0.02118437 0.02949433 0.00187187
v -0.02122076 0.02949433 0.00136661
v -0.02124805 0.02949433 0.00086603
v -0.02126169 0.04007999 0.00036077
v -0.02126169 0.02949433 -0.00014449
v -0.02125714 0.02949433 -0.00064974
v -0.02112525 0.02898984 -0.00115500
v -0.02107977 0.02894062 -0.00168833
v -0.02107522 0.02900706 -0.00216084
v -0.02097516 0.02874005 -0.00187546
v -0.02054310 0.02898737 -0.00513625
v -0.02051581 0.02915472 -0.00551988
v -0.02104793 0.02906490 -0.00266610
v -0.02101609 0.02915349 -0.00307311
v -0.02002463 0.02912027 -0.00705437
v -0.01953798 0.02902060 -0.00816781
v -0.01949250 0.02920886 -0.00848125
v -0.01848739 0.02920148 -0.01049761
v -0.01803259 0.02898984 -0.01108708
v -0.01749592 0.02914364 -0.01203678
v -0.01696379 0.02873636 -0.01249993
v -0.01916505 0.02949433 -0.00922043
v -0.01901042 0.02949433 -0.00952920
v -0.00941406 0.04038760 -0.01905894
v -0.00864543 0.04058448 -0.01938642
v -0.00833162 0.04058448 -0.01952677
v -0.00807693 0.04058448 -0.01962969
v -0.00763577 0.04058448 -0.01980747
v -0.00693992 0.04047989 -0.02007881
v -0.00564373 0.04007999 -0.02050454
v -0.00612127 0.04058448 -0.02032209
v -0.00537994 0.04036300 -0.02056536
v -0.00511616 0.04007999 -0.02064021
v -0.00461133 0.04007999 -0.02076185
v -0.00410649 0.04058448 -0.02082267
v -0.00360166 0.04007999 -0.02095834
v -0.00286943 0.04007999 -0.02107062
v -0.00312412 0.04007999 -0.02103787
v -0.01420768 0.04007999 -0.01582154
v -0.01395754 0.04007999 -0.01604142
v -0.01341178 0.04007999 -0.01650925
v -0.01282963 0.04007999 -0.01695837
v -0.01448966 0.04007999 -0.01556891
v -0.01548113 0.02914857 -0.01454904
v -0.01525373 0.02949433 -0.01481570
v -0.01499904 0.04007999 -0.01507301
v -0.01108318 0.04007999 -0.01815134
v -0.01105135 0.04058448 -0.01812795
v -0.01066022 0.04058448 -0.01835719
v -0.01036914 0.04058448 -0.01852093
v -0.01011445 0.04058448 -0.01866128
v -0.01197460 0.04007999 -0.01757591
v -0.01166988 0.04007999 -0.01777708
v -0.01133787 0.04007999 -0.01799228
v -0.01257494 0.04007999 -0.01714551
v -0.01222474 0.04007999 -0.01739814
v -0.00286033 0.04034946 -0.02107062
v -0.00213720 0.04063247 -0.02111740
v -0.00158688 0.04058448 -0.02116886
v -0.00200075 0.04085888 -0.02108465
v -0.00158688 0.04088102 -0.02109869
v -0.00108205 0.04090071 -0.02111740
v -0.00057722 0.04091301 -0.02112676
v -0.00007239 0.04058448 -0.02122968
v 0.00093728 0.04058448 -0.02120629
v 0.00143756 0.04058448 -0.02117822
v 0.00043244 0.04091424 -0.02112676
v 0.00093728 0.04090563 -0.02111740
v 0.00194240 0.04058448 -0.02114079
v 0.00275649 0.04039868 -0.02107530
v 0.00597196 0.04058448 -0.02036887
v 0.00528065 0.04046020 -0.02057940
v 0.00647679 0.04058448 -0.02021449
v 0.00684063 0.04058448 -0.02009753
v 0.00709077 0.04058448 -0.02000864
v 0.00748645 0.04058448 -0.01986361
v 0.00395717 0.04058448 -0.02085542
v 0.00446201 0.04058448 -0.02075249
v 0.00345234 0.04058448 -0.02094430
v 0.00846428 0.04060047 -0.01946595
v 0.00821868 0.04078012 -0.01954548
v 0.00926474 0.04084534 -0.01905894
v 0.00802767 0.04060047 -0.01964841
v 0.01181164 0.04086871 -0.01756656
v 0.01000606 0.04090440 -0.01861450
v 0.01087929 0.04091055 -0.01811392
v 0.01307599 0.04062262 -0.01671510
v 0.01327610 0.04081581 -0.01652329
v 0.01350351 0.04062262 -0.01637358
v 0.01381277 0.04086133 -0.01605078
v 0.01439037 0.04058448 -0.01561102
v 0.01490430 0.04058448 -0.01512447
v 0.02519196 0.04055987 -0.00515965
v 0.02519196 0.04007999 -0.00520643
v 0.02519196 0.04081335 0.02527284
v 0.02512829 0.04081457 0.02527751
v 0.02411862 0.04065954 0.02551611
v 0.02512829 0.04094993 0.02502489
v 0.02260868 0.04101145 0.02505763
v 0.02159901 0.04103852 0.02505763
v 0.02109873 0.04105083 0.02505763
v 0.02059389 0.04106190 0.02505763
v 0.01958423 0.04107913 0.02505763
v 0.01907940 0.04108651 0.02505763
v 0.01857457 0.04091424 0.02542722
v 0.01807428 0.04109881 0.02505763
v 0.01756945 0.04110250 0.02505763
v 0.01706462 0.04110496 0.02505763
v 0.01454501 0.04091301 0.02542722
v 0.01404017 0.04090932 0.02541786
v 0.01605495 0.04110496 0.02505763
v 0.01555012 0.04110250 0.02505763
v 0.01504529 0.04109881 0.02505763
v 0.01454501 0.04109389 0.02505763
v 0.01303051 0.04089702 0.02539915
v 0.01252568 0.04088963 0.02538512
v 0.01151601 0.04086626 0.02535237
v 0.01101573 0.04085272 0.02533366
v 0.01066553 0.04084288 0.02531962
v 0.01151601 0.04062508 0.02560500
v 0.01032898 0.04083057 0.02530558
v 0.01051090 0.04030763 0.02580149
v 0.01051090 0.04005538 0.02592312
v 0.01096570 0.04013044 0.02593248
v 0.01000606 0.04081704 0.02528687
v 0.00950123 0.04079242 0.02525880
v 0.00950123 0.04054018 0.02549272
v 0.00899640 0.04051065 0.02545997
v 0.00849157 0.04047620 0.02542722
v 0.01202085 0.03957550 0.02623657
v 0.01000606 0.04000247 0.02589505
v 0.00908736 0.03987943 0.02583891
v 0.01000606 0.03957550 0.02602605
v 0.00875081 0.03982406 0.02581552
v 0.00895092 0.03962349 0.02587634
v 0.00798673 0.03957550 0.02573131
v 0.00748645 0.03957550 0.02564710
v 0.00698162 0.03957550 0.02555354
v 0.00647679 0.03957550 0.02545529
v 0.00570362 0.03937124 0.02531494
v 0.00647679 0.03907101 0.02548336
v 0.00568998 0.03755878 0.02531962
v 0.00496229 0.03907101 0.02514652
v 0.00446201 0.03907101 0.02502489
v 0.00366155 0.03907101 0.02481904
v 0.00294751 0.03907101 0.02462255
v 0.00340686 0.03100656 0.02474886
v 0.00244268 0.03806326 0.02447752
v 0.00294751 0.03251880 0.02461787
v 0.00178322 0.03100656 0.02427635
v 0.00202881 0.03352655 0.02435121
v 0.00050067 0.03957550 0.02385998
v 0.00093728 0.03806326 0.02400501
v 0.00025052 0.03957550 0.02377577
v 0.00177866 0.03755878 0.02427635
v 0.00143756 0.03907101 0.02416875
v -0.00007239 0.03957550 0.02366349
v -0.00057722 0.03655102 0.02348104
v -0.00120940 0.03957550 0.02324712
v -0.00158688 0.03856775 0.02310210
v -0.00235550 0.03100656 0.02279800
v -0.00370627 0.03907101 0.02222257
v -0.00410649 0.03302329 0.02204012
v -0.00476596 0.03957550 0.02173602
v -0.00511616 0.03806326 0.02156761
v -0.00579382 0.03705551 0.02124012
v -0.00578927 0.03453553 0.02124012
v -0.00612127 0.03201431 0.02107170
v -0.00653515 0.03403104 0.02086118
v -0.00678529 0.03151105 0.02072551
v -0.00751298 0.03907101 0.02034188
v -0.00775857 0.03100656 0.02020154
v -0.00871366 0.03957550 0.01965885
v -0.00914117 0.03755878 0.01940622
v -0.00939131 0.03503879 0.01925652
v -0.01005078 0.04007999 0.01884950
v -0.01030547 0.03352655 0.01869044
v -0.01030092 0.03151105 0.01869044
v -0.01066022 0.03100656 0.01845652
v -0.01119234 0.02949433 0.01810565
v -0.00965055 0.03453553 0.01909745
v -0.01182906 0.02949433 0.01768460
v -0.00776312 0.03554204 0.02020154
v -0.00814060 0.04007999 0.01999101
v -0.01383929 0.02949433 0.01615011
v -0.01412127 0.02949433 0.01589748
v -0.01437141 0.02949433 0.01566824
v -0.01217471 0.02949433 0.01744133
v -0.01243850 0.02949433 0.01725419
v -0.01269319 0.02949433 0.01706706
v -0.01302065 0.02949433 0.01681443
v -0.01327079 0.02949433 0.01661326
v -0.01358461 0.02949433 0.01636063
v -0.01489899 0.04007999 0.01518170
v -0.01514458 0.04007999 0.01492907
v -0.01539472 0.04007999 0.01466708
v -0.01656357 0.04007999 0.01333844
v -0.01588591 0.04007999 0.01414311
v -0.01635436 0.04007999 0.01359107
v -0.01681371 0.04007999 0.01301563
v -0.01700473 0.04007999 0.01276300
v -0.01723668 0.04007999 0.01245423
v -0.01744589 0.04007999 0.01216886
v -0.01786431 0.04007999 0.01153261
v -0.01802804 0.04007999 0.01127998
v -0.01823270 0.04007999 0.01094314
v -0.01842826 0.04007999 0.01061098
v -0.01856926 0.04007999 0.01035835
v -0.01896038 0.04007999 0.00964256
v -0.01956073 0.04007999 0.00834667
v -0.01930149 0.04007999 0.00892678
v -0.01945157 0.04007999 0.00859930
v -0.01973355 0.04007999 0.00791626
v -0.01991092 0.04007999 0.00747182
v -0.02001098 0.04007999 0.00721919
v -0.02011559 0.04007999 0.00691042
v -0.02027477 0.04007999 0.00640516
v -0.02042485 0.04007999 0.00592330
v -0.02049762 0.04007999 0.00567067
v -0.02057039 0.04007999 0.00539465
v -0.02069318 0.04007999 0.00489407
v -0.02080689 0.04007999 0.00438881
v -0.02090694 0.04007999 0.00388355
v -0.02097516 0.04007999 0.00351396
v -0.02102065 0.04007999 0.00326133
v -0.02107068 0.04007999 0.00287771
v -0.02112980 0.04007999 0.00237713
v -0.02118437 0.04007999 0.00187187
v -0.02122076 0.04007999 0.00136661
v -0.02124805 0.04007999 0.00086603
v -0.02122530 0.04058448 0.00036077
v -0.02126169 0.04007999 -0.00014449
v -0.02125714 0.04007999 -0.00064974
v -0.02123440 0.02949433 -0.00115500
v -0.02119802 0.02949433 -0.00165558
v -0.02085237 0.02949433 -0.00417720
v -0.02074321 0.02949433 -0.00468246
v -0.02062497 0.02949433 -0.00518772
v -0.02052491 0.02949433 -0.00555730
v -0.02034299 0.02949433 -0.00619356
v -0.02018381 0.02949433 -0.00669881
v -0.02115708 0.02949433 -0.00216084
v -0.02109796 0.02949433 -0.00266610
v -0.02102974 0.02949433 -0.00314797
v -0.02099336 0.02949433 -0.00340060
v -0.02094788 0.02949433 -0.00367194
v -0.02004282 0.02949433 -0.00710583
v -0.01995186 0.02949433 -0.00735378
v -0.01981997 0.02949433 -0.00770465
v -0.01961530 0.02949433 -0.00820991
v -0.01949705 0.02949433 -0.00849061
v -0.01938335 0.02949433 -0.00874324
v -0.01887852 0.02949433 -0.00978183
v -0.01864202 0.02949433 -0.01022627
v -0.01849193 0.02949433 -0.01050697
v -0.01834185 0.02949433 -0.01075960
v -0.01793708 0.02949433 -0.01143328
v -0.01773241 0.02949433 -0.01174205
v -0.01734128 0.02949433 -0.01231280
v -0.01708659 0.02949433 -0.01266367
v -0.01689557 0.02949433 -0.01291163
v -0.01596777 0.02919409 -0.01402507
v -0.01702747 0.02898984 -0.01258414
v -0.01916505 0.04007999 -0.00922043
v -0.01901042 0.04007999 -0.00952920
v -0.00960962 0.04056725 -0.01892795
v -0.00936403 0.04072352 -0.01903087
v -0.00917756 0.04056725 -0.01914315
v -0.00798142 0.04088348 -0.01959227
v -0.00686715 0.04081581 -0.02005542
v -0.00711729 0.04062262 -0.01999460
v -0.00667159 0.04062262 -0.02014899
v -0.00557551 0.04055249 -0.02048583
v -0.00528898 0.04070015 -0.02054197
v -0.00512071 0.04055249 -0.02060746
v -0.00461133 0.04058448 -0.02071974
v -0.00360166 0.04058448 -0.02091623
v -0.00495243 0.04086626 -0.02058407
v -0.01394845 0.04039868 -0.01603674
v -0.01337994 0.04058448 -0.01648586
v -0.01279779 0.04058448 -0.01693498
v -0.01254765 0.04058448 -0.01712211
v -0.01447602 0.04048973 -0.01555020
v -0.01549933 0.02949433 -0.01456307
v -0.01525373 0.04007999 -0.01481570
v -0.01548113 0.04049712 -0.01454904
v -0.01497630 0.04058448 -0.01504494
v -0.01130149 0.04058448 -0.01796889
v -0.01191547 0.04081335 -0.01753381
v -0.01097858 0.04088348 -0.01808117
v -0.01002349 0.04090440 -0.01860982
v -0.01195641 0.04047743 -0.01756188
v -0.00233731 0.04083426 -0.02106594
v -0.00305590 0.04054387 -0.02100980
v -0.00360166 0.04099791 -0.02071974
v -0.00309683 0.04102129 -0.02076185
v -0.00259200 0.04103606 -0.02079460
v -0.00158688 0.04109512 -0.02081331
v -0.00108205 0.04111727 -0.02081331
v -0.00007239 0.04091670 -0.02112676
v -0.00057722 0.04113080 -0.02081331
v -0.00007239 0.04113572 -0.02081331
v 0.00143756 0.04088840 -0.02110337
v 0.00194240 0.04086256 -0.02108465
v 0.00223347 0.04084288 -0.02107062
v 0.00043244 0.04113327 -0.02081331
v 0.00093728 0.04112219 -0.02081331
v 0.00143756 0.04110373 -0.02081331
v 0.00241994 0.04057340 -0.02109401
v 0.00257002 0.04073460 -0.02105191
v 0.00293387 0.04057340 -0.02102383
v 0.00545803 0.04061032 -0.02050922
v 0.00518969 0.04079612 -0.02055600
v 0.00676786 0.04085395 -0.02007414
v 0.00499867 0.04061032 -0.02063086
v 0.00485314 0.04087979 -0.02059343
v 0.00788213 0.04090317 -0.01961098
v 0.00899640 0.04090809 -0.01911976
v 0.01151601 0.04094747 -0.01766012
v 0.01199810 0.04098438 -0.01728118
v 0.01238469 0.04091424 -0.01711276
v 0.00946030 0.04097577 -0.01880163
v 0.01046087 0.04095854 -0.01828702
v 0.01103392 0.04103729 -0.01781918
v 0.01293955 0.04094132 -0.01665428
v 0.01353534 0.04094623 -0.01616774
v 0.01400379 0.04095362 -0.01574669
v 0.01433580 0.04087856 -0.01556423
v 0.01484972 0.04088471 -0.01506833
v 0.02519196 0.04090686 -0.00501930
v 0.02519196 0.04094870 0.02502021
v 0.02519196 0.04097207 0.02496407
v 0.02519196 0.04113942 0.02455238
v 0.02412317 0.04116280 0.02455238
v 0.02311351 0.04118248 0.02455238
v 0.02210384 0.04119971 0.02455238
v 0.02109873 0.04121448 0.02455238
v 0.02008906 0.04122432 0.02455238
v 0.01958423 0.04122801 0.02455238
v 0.01857457 0.04123416 0.02455238
v 0.01756945 0.04123786 0.02455238
v 0.01655979 0.04123909 0.02455238
v 0.01404017 0.04108774 0.02505763
v 0.01303051 0.04107051 0.02505763
v 0.01605495 0.04123909 0.02455238
v 0.01504529 0.04123662 0.02455238
v 0.01454501 0.04123539 0.02455238
v 0.01404017 0.04123293 0.02455238
v 0.01303051 0.04122678 0.02455238
v 0.01202085 0.04121694 0.02455238
v 0.01252568 0.04105821 0.02505763
v 0.01202085 0.04104344 0.02505763
v 0.01151601 0.04102499 0.02505763
v 0.01101573 0.04100407 0.02505763
v 0.01050180 0.04095485 0.02510442
v 0.01000606 0.04096961 0.02503424
v 0.00950123 0.04095854 0.02500617
v 0.00899640 0.04094500 0.02497342
v 0.00849157 0.04092901 0.02494068
v 0.00798673 0.04091055 0.02490793
v 0.01000606 0.04025472 0.02577342
v 0.00899640 0.04076290 0.02522605
v 0.00748645 0.04088840 0.02487518
v 0.00666326 0.04084534 0.02481904
v 0.00849157 0.04072845 0.02519331
v 0.00798673 0.04068907 0.02516056
v 0.00798673 0.04043682 0.02538979
v 0.00950123 0.04019073 0.02574535
v 0.00895092 0.04006030 0.02573131
v 0.00849157 0.04007999 0.02565646
v 0.00798673 0.04007999 0.02558160
v 0.00748645 0.04007999 0.02550207
v 0.00697707 0.04011198 0.02540383
v 0.00647679 0.03997909 0.02537108
v 0.00610840 0.03989173 0.02533366
v 0.00577184 0.03970716 0.02530091
v 0.00595376 0.03955458 0.02535237
v 0.00496229 0.03957550 0.02513249
v 0.00543983 0.03907101 0.02525880
v 0.00569452 0.03907101 0.02531494
v 0.00597196 0.03907101 0.02537576
v 0.00446201 0.03957550 0.02501085
v 0.00395717 0.03957550 0.02488453
v 0.00367975 0.03957550 0.02481436
v 0.00294751 0.03957550 0.02461319
v 0.00244268 0.03957550 0.02447284
v 0.00244268 0.03907101 0.02447752
v 0.00093728 0.03957550 0.02400501
v 0.00031875 0.04007999 0.02375238
v -0.00007239 0.04007999 0.02362139
v 0.00177866 0.03907101 0.02427635
v 0.00178322 0.03957550 0.02427635
v -0.00091377 0.04007999 0.02332665
v -0.00057722 0.03957550 0.02348104
v -0.00116391 0.04007999 0.02323309
v -0.00158688 0.04007999 0.02307403
v -0.00235095 0.03987451 0.02279333
v -0.00158688 0.03957550 0.02310210
v -0.00235550 0.03554204 0.02279800
v -0.00309683 0.03957550 0.02248456
v -0.00370627 0.03957550 0.02222257
v -0.00410649 0.03957550 0.02204012
v -0.00476141 0.04007999 0.02173602
v -0.00511616 0.04007999 0.02156761
v -0.00579382 0.03957550 0.02124012
v -0.00653969 0.03907101 0.02086118
v -0.00751298 0.04007999 0.02034188
v -0.00871366 0.04007999 0.01965885
v -0.00914117 0.04007999 0.01940622
v -0.00939131 0.04007999 0.01925652
v -0.00965055 0.04007999 0.01909745
v -0.01093765 0.04041468 0.01826939
v -0.01030547 0.04007999 0.01869044
v -0.01066022 0.03503879 0.01846120
v -0.01094220 0.03201431 0.01827407
v -0.01157437 0.03352655 0.01785770
v -0.01182906 0.04007999 0.01768460
v -0.01119689 0.03604654 0.01811033
v -0.00843623 0.04044298 0.01979452
v -0.01383929 0.04007999 0.01615011
v -0.01412127 0.04007999 0.01589748
v -0.01437141 0.04007999 0.01566824
v -0.01217471 0.04007999 0.01744133
v -0.01243850 0.04007999 0.01725419
v -0.01269319 0.04007999 0.01706706
v -0.01302065 0.04007999 0.01681443
v -0.01327079 0.04007999 0.01661326
v -0.01358461 0.04007999 0.01636063
v -0.01434413 0.04058448 0.01564485
v -0.01461701 0.04058448 0.01539222
v -0.01486715 0.04058448 0.01515363
v -0.01511730 0.04058448 0.01490100
v -0.01537198 0.04058448 0.01463901
v -0.01654083 0.04058448 0.01331037
v -0.01560848 0.04058448 0.01438638
v -0.01585862 0.04058448 0.01411036
v -0.01607693 0.04058448 0.01386241
v -0.01679097 0.04058448 0.01298756
v -0.01698654 0.04058448 0.01273493
v -0.01719120 0.04058448 0.01245423
v -0.01741860 0.04058448 0.01213611
v -0.01759143 0.04058448 0.01188348
v -0.01784157 0.04058448 0.01149986
v -0.01800530 0.04058448 0.01124723
v -0.01818722 0.04058448 0.01094314
v -0.01840552 0.04058448 0.01057355
v -0.01855106 0.04058448 0.01032092
v -0.01876027 0.04058448 0.00993262
v -0.01893765 0.04058448 0.00960046
v -0.01906044 0.04058448 0.00934783
v -0.01953798 0.04058448 0.00829989
v -0.02000188 0.04042821 0.00720048
v -0.01925601 0.04058448 0.00892678
v -0.01942883 0.04058448 0.00855251
v -0.02049762 0.04036422 0.00566599
v -0.02065680 0.04058448 0.00489407
v -0.02076595 0.04058448 0.00438881
v -0.02101155 0.04043682 0.00321455
v -0.02109342 0.04058448 0.00237713
v -0.02114799 0.04058448 0.00187187
v -0.02118437 0.04058448 0.00136661
v -0.02121167 0.04058448 0.00086603
v -0.02108432 0.04094500 0.00086603
v -0.02108886 0.04095116 0.00036077
v -0.02109342 0.04095239 -0.00014449
v -0.02122530 0.04058448 -0.00014449
v -0.02121621 0.04058448 -0.00064974
v -0.02119802 0.04058448 -0.00115500
v -0.02123440 0.04007999 -0.00115500
v -0.02119802 0.04007999 -0.00165558
v -0.02085237 0.04007999 -0.00417720
v -0.02074321 0.04007999 -0.00468246
v -0.02062497 0.04007999 -0.00518772
v -0.02052491 0.04007999 -0.00555730
v -0.02034299 0.04007999 -0.00619356
v -0.02018381 0.04007999 -0.00669881
v -0.02115708 0.04007999 -0.00216084
v -0.02109796 0.04007999 -0.00266610
v -0.02102974 0.04007999 -0.00314797
v -0.02099336 0.04007999 -0.00340060
v -0.02094788 0.04007999 -0.00367194
v -0.02004282 0.04007999 -0.00710583
v -0.01995186 0.04007999 -0.00735378
v -0.01981997 0.04007999 -0.00770465
v -0.01961530 0.04007999 -0.00820991
v -0.01949705 0.04007999 -0.00849061
v -0.01938335 0.04007999 -0.00874324
v -0.01887852 0.04007999 -0.00978183
v -0.01864202 0.04007999 -0.01022627
v -0.01849193 0.04007999 -0.01050697
v -0.01834185 0.04007999 -0.01075960
v -0.01793708 0.04007999 -0.01143328
v -0.01773241 0.04007999 -0.01174205
v -0.01734128 0.04007999 -0.01231280
v -0.01708659 0.04007999 -0.01266367
v -0.01689557 0.04007999 -0.01291163
v -0.01644532 0.02949433 -0.01348706
v -0.01621337 0.02949433 -0.01375840
v -0.01597687 0.02949433 -0.01403442
v -0.01574947 0.02949433 -0.01428705
v -0.01949250 0.04038884 -0.00848125
v -0.01899677 0.04046636 -0.00951049
v -0.01848739 0.04039991 -0.01049761
v -0.00902747 0.04090440 -0.01911040
v -0.00864543 0.04097823 -0.01919929
v -0.00763577 0.04094870 -0.01965777
v -0.00653515 0.04089702 -0.02010688
v -0.00461133 0.04091055 -0.02062150
v -0.00612127 0.04095977 -0.02017238
v -0.01391661 0.04073460 -0.01600399
v -0.01419404 0.04061155 -0.01577944
v -0.01248398 0.04088348 -0.01708001
v -0.01214288 0.04062016 -0.01740749
v -0.01494902 0.04084041 -0.01502155
v -0.01443963 0.04082565 -0.01551745
v -0.01549933 0.04007999 -0.01456307
v -0.01570854 0.04062508 -0.01426834
v -0.01544930 0.04083303 -0.01451161
v -0.01527193 0.04063247 -0.01473617
v -0.01596777 0.04041591 -0.01402507
v -0.01157892 0.04093270 -0.01764141
v -0.01066022 0.04095977 -0.01817474
v -0.00965055 0.04098069 -0.01870339
v -0.00410649 0.04096346 -0.02067296
v -0.00461133 0.04112711 -0.02031273
v -0.00410649 0.04118248 -0.02031273
v -0.00360166 0.04121817 -0.02031273
v -0.00309683 0.04124155 -0.02031273
v -0.00259200 0.04125631 -0.02031273
v -0.00209172 0.04126493 -0.02031273
v -0.00158688 0.04126985 -0.02031273
v -0.00108205 0.04127354 -0.02031273
v -0.00057722 0.04127477 -0.02031273
v 0.00043244 0.04127477 -0.02031273
v 0.00093728 0.04127354 -0.02031273
v 0.00194240 0.04107298 -0.02081331
v 0.00241994 0.04100284 -0.02085542
v 0.00294751 0.04102622 -0.02077121
v 0.00345234 0.04100653 -0.02073378
v 0.00395717 0.04097454 -0.02068700
v 0.00446201 0.04092778 -0.02064021
v 0.00143756 0.04127108 -0.02031273
v 0.00194240 0.04126738 -0.02031273
v 0.00244268 0.04126000 -0.02031273
v 0.00294751 0.04124647 -0.02031273
v 0.00345234 0.04122678 -0.02031273
v 0.00647679 0.04090686 -0.02011624
v 0.00748645 0.04097207 -0.01968583
v 0.00597196 0.04097700 -0.02019109
v 0.00849157 0.04099914 -0.01923204
v 0.01151601 0.04115910 -0.01728586
v 0.01254387 0.04103237 -0.01680399
v 0.00899640 0.04111850 -0.01879695
v 0.01000606 0.04111112 -0.01829637
v 0.01307599 0.04105944 -0.01632680
v 0.01353534 0.04115295 -0.01577476
v 0.01452227 0.04097084 -0.01525079
v 0.02519196 0.04110620 -0.00467778
v 0.02519196 0.04115418 0.02449156
v 0.02519196 0.04124647 0.02405179
v 0.02462801 0.04125139 0.02405179
v 0.02361834 0.04125877 0.02405179
v 0.02109873 0.04127108 0.02405179
v 0.02008906 0.04127354 0.02405179
v 0.01857457 0.04127477 0.02405179
v 0.01151601 0.04120956 0.02455238
v 0.01101573 0.04120094 0.02455238
v 0.01051090 0.04118987 0.02455238
v 0.01353534 0.04127477 0.02405179
v 0.01252568 0.04127354 0.02405179
v 0.01151601 0.04127108 0.02405179
v 0.01000606 0.04126369 0.02405179
v 0.00950123 0.04126000 0.02405179
v 0.00899640 0.04125508 0.02405179
v 0.01000606 0.04117756 0.02455238
v 0.00950123 0.04116157 0.02455238
v 0.00899640 0.04114311 0.02455238
v 0.00849157 0.04112096 0.02455238
v 0.00798673 0.04109389 0.02455238
v 0.00748645 0.04106313 0.02455238
v 0.00698162 0.04102499 0.02455238
v 0.00748645 0.04039007 0.02535237
v 0.00648589 0.04095854 0.02459448
v 0.00597196 0.04096469 0.02450091
v 0.00546712 0.04094255 0.02445413
v 0.00496229 0.04091547 0.02440735
v 0.00446201 0.04088102 0.02436056
v 0.00632670 0.04081950 0.02478629
v 0.00748645 0.04064231 0.02512781
v 0.00714535 0.04035315 0.02532430
v 0.00680879 0.04030148 0.02529623
v 0.00647679 0.04023134 0.02526816
v 0.00595376 0.04006768 0.02523073
v 0.00546712 0.04007999 0.02512781
v 0.00426644 0.04029655 0.02479565
v 0.00444382 0.04010952 0.02489857
v 0.00395717 0.03992987 0.02484243
v 0.00369794 0.03983144 0.02480968
v 0.00208793 0.03994833 0.02433249
v 0.00203336 0.03957550 0.02435121
v 0.00057344 0.04007999 0.02383659
v 0.00065530 0.04034700 0.02380852
v -0.00085465 0.04035069 0.02330326
v -0.00231911 0.04021042 0.02277929
v -0.00212355 0.04005784 0.02286818
v -0.00235550 0.03957550 0.02279333
v -0.00209172 0.03957550 0.02290093
v -0.00254652 0.04005784 0.02269976
v -0.00309683 0.04007999 0.02247052
v -0.00344248 0.04007999 0.02232549
v -0.00260564 0.03957550 0.02269040
v -0.00369262 0.04007999 0.02221789
v -0.00445669 0.04043929 0.02182491
v -0.00548000 0.04047866 0.02133369
v -0.00578927 0.04007999 0.02124012
v -0.00612127 0.04007999 0.02107170
v -0.00653969 0.03957550 0.02086118
v -0.00678984 0.04007999 0.02072551
v -0.00746749 0.04049219 0.02031850
v -0.00965055 0.04058448 0.01904131
v -0.01000985 0.04058448 0.01882143
v -0.01088307 0.04075059 0.01823196
v -0.01112866 0.04058325 0.01810565
v -0.01179268 0.04058448 0.01766121
v -0.01243395 0.04037284 0.01724952
v -0.01157437 0.04007999 0.01785770
v -0.01120143 0.04007999 0.01811033
v -0.01066022 0.04007999 0.01846120
v -0.01069205 0.04058325 0.01839102
v -0.01094674 0.03554204 0.01827407
v -0.00836346 0.04077889 0.01974774
v -0.00862269 0.04060047 0.01964482
v -0.00909114 0.04058448 0.01937347
v -0.01355732 0.04058448 0.01633724
v -0.01380746 0.04058448 0.01612672
v -0.01409398 0.04058448 0.01587409
v -0.01299336 0.04058448 0.01679104
v -0.01324350 0.04058448 0.01658987
v -0.01402576 0.04090686 0.01580859
v -0.01453969 0.04091670 0.01532205
v -0.01504453 0.04091917 0.01482147
v -0.01553571 0.04091301 0.01431621
v -0.01649535 0.04087610 0.01325891
v -0.01696379 0.04083673 0.01270686
v -0.01602235 0.04089948 0.01379223
v -0.01797801 0.04084657 0.01120980
v -0.01851013 0.04087856 0.01025075
v -0.01901951 0.04088471 0.00926362
v -0.01950615 0.04086749 0.00822503
v -0.01997460 0.04076413 0.00712563
v -0.01969262 0.04058448 0.00791626
v -0.02006556 0.04059063 0.00693849
v -0.01990183 0.04059063 0.00738761
v -0.02023384 0.04058448 0.00640516
v -0.02040666 0.04055372 0.00585780
v -0.02047033 0.04070015 0.00556775
v -0.02051581 0.04086626 0.00523091
v -0.02086601 0.04058448 0.00388355
v -0.02098426 0.04077274 0.00305081
v -0.02103429 0.04059679 0.00288239
v -0.02095697 0.04059679 0.00338297
v -0.02100700 0.04085395 0.00271397
v -0.02102520 0.04087979 0.00237713
v -0.02105248 0.04091055 0.00187187
v -0.02107068 0.04093147 0.00136661
v -0.02074321 0.04112834 0.00187187
v -0.02074321 0.04115049 0.00136661
v -0.02074321 0.04116526 0.00086603
v -0.02074321 0.04117141 0.00036077
v -0.02074321 0.04117264 -0.00014449
v -0.02074321 0.04116772 -0.00064974
v -0.02108432 0.04094747 -0.00064974
v -0.02107522 0.04093762 -0.00115500
v -0.02106158 0.04091917 -0.00165558
v -0.02103884 0.04089333 -0.00216084
v -0.02116163 0.04058448 -0.00165558
v -0.02081143 0.04058448 -0.00417720
v -0.02070228 0.04058448 -0.00468246
v -0.02051581 0.04049096 -0.00551988
v -0.02030205 0.04058448 -0.00619356
v -0.02014287 0.04058448 -0.00669881
v -0.02002463 0.04058448 -0.00705437
v -0.02112070 0.04058448 -0.00216084
v -0.02101609 0.04049712 -0.00307311
v -0.02090694 0.04058448 -0.00367194
v -0.01977903 0.04058448 -0.00770465
v -0.01791434 0.04058448 -0.01139585
v -0.01768694 0.04058448 -0.01174205
v -0.01749137 0.04058448 -0.01202742
v -0.01731399 0.04058448 -0.01228005
v -0.01706385 0.04058448 -0.01263093
v -0.01687283 0.04058448 -0.01288355
v -0.01644532 0.04007999 -0.01348706
v -0.01621337 0.04007999 -0.01375840
v -0.01597687 0.04007999 -0.01403442
v -0.01574947 0.04007999 -0.01428705
v -0.01956527 0.04056848 -0.00823798
v -0.01946522 0.04072598 -0.00842511
v -0.01937426 0.04056848 -0.00867774
v -0.01909682 0.04061401 -0.00926253
v -0.01897403 0.04080227 -0.00945902
v -0.01887852 0.04061401 -0.00969762
v -0.01858744 0.04057464 -0.01025902
v -0.01845555 0.04073583 -0.01045083
v -0.01806897 0.04058448 -0.01114322
v -0.00917756 0.04103975 -0.01883906
v -0.00864543 0.04119725 -0.01879695
v -0.00763577 0.04116649 -0.01930221
v -0.00814515 0.04102252 -0.01933496
v -0.00713094 0.04101391 -0.01975601
v -0.00562099 0.04101022 -0.02024256
v -0.00612127 0.04117879 -0.01980747
v -0.01303884 0.04091670 -0.01661685
v -0.01266135 0.04099669 -0.01678060
v -0.01217471 0.04096592 -0.01718761
v -0.01507181 0.04092778 -0.01476424
v -0.01469432 0.04092655 -0.01514318
v -0.01410308 0.04094747 -0.01566716
v -0.01358006 0.04093762 -0.01614434
v -0.01593594 0.04075182 -0.01398764
v -0.01654992 0.04092040 -0.01311747
v -0.01607693 0.04093885 -0.01365548
v -0.01559938 0.04094870 -0.01417477
v -0.01641803 0.04058448 -0.01345899
v -0.01613151 0.04058448 -0.01379583
v -0.01115595 0.04100653 -0.01780047
v -0.01017812 0.04103483 -0.01832912
v -0.00562099 0.04123047 -0.01980747
v -0.00511616 0.04125877 -0.01980747
v -0.00461133 0.04127231 -0.01980747
v -0.00410649 0.04127600 -0.01980747
v -0.00360166 0.04127723 -0.01980747
v 0.00345234 0.04127723 -0.01980747
v 0.00446201 0.04127477 -0.01980747
v 0.00395717 0.04119479 -0.02031273
v 0.00446201 0.04114680 -0.02031273
v 0.00546712 0.04102129 -0.02026595
v 0.00496229 0.04126493 -0.01980747
v 0.00546712 0.04124155 -0.01980747
v 0.00647679 0.04111973 -0.01980747
v 0.00748645 0.04119233 -0.01930221
v 0.00802767 0.04104221 -0.01934900
v 0.00695433 0.04099914 -0.01982618
v 0.01202085 0.04121571 -0.01678060
v 0.01051090 0.04120832 -0.01779111
v 0.00849157 0.04121939 -0.01879695
v 0.00950123 0.04122432 -0.01829637
v 0.01404017 0.04117510 -0.01526950
v 0.01252568 0.04124401 -0.01627534
v 0.02512829 0.04113080 -0.00468246
v 0.02519196 0.04125139 -0.00417720
v 0.02519196 0.04127600 0.02354654
v 0.02412317 0.04127723 0.02354654
v 0.00849157 0.04124770 0.02405179
v 0.00798673 0.04123909 0.02405179
v 0.00748645 0.04122924 0.02405179
v 0.00849157 0.04127723 0.02354654
v 0.00798673 0.04127600 0.02354654
v 0.00698162 0.04127354 0.02354654
v 0.00647679 0.04126985 0.02354654
v 0.00597196 0.04126369 0.02354654
v 0.00698162 0.04121448 0.02405179
v 0.00647679 0.04119602 0.02405179
v 0.00597196 0.04117264 0.02405179
v 0.00546712 0.04114188 0.02405179
v 0.00496229 0.04110496 0.02405179
v 0.00597196 0.04078874 0.02475354
v 0.00597196 0.04053649 0.02496875
v 0.00446201 0.04105698 0.02405179
v 0.00345234 0.04096961 0.02399565
v 0.00410271 0.04085395 0.02432314
v 0.00294751 0.04093885 0.02393484
v 0.00546712 0.04048481 0.02491728
v 0.00496229 0.04042083 0.02486582
v 0.00460300 0.04036792 0.02482840
v 0.00395717 0.04018212 0.02475822
v 0.00294751 0.04045159 0.02437928
v 0.00257912 0.04038269 0.02433249
v 0.00224256 0.04028425 0.02429039
v 0.00349783 0.04003200 0.02469272
v 0.00242449 0.04010214 0.02438863
v 0.00193330 0.04010214 0.02424828
v 0.00143756 0.04052173 0.02392080
v 0.00093728 0.04041468 0.02384595
v 0.00093728 0.04066692 0.02367285
v -0.00020428 0.04078504 0.02325180
v -0.00057722 0.04043313 0.02335005
v -0.00172332 0.04077643 0.02274654
v -0.00156869 0.04059802 0.02290560
v -0.00198256 0.04043929 0.02284479
v -0.00340155 0.04038392 0.02230678
v -0.00411104 0.04059802 0.02190445
v -0.00428387 0.04077520 0.02175006
v -0.00534356 0.04081457 0.02126819
v -0.00637597 0.04083549 0.02077229
v -0.00648512 0.04049958 0.02082843
v -0.00653969 0.04007999 0.02085650
v -0.00737653 0.04082811 0.02026703
v -0.00994617 0.04086503 0.01878401
v -0.01147431 0.04087979 0.01778752
v -0.01238847 0.04070875 0.01721677
v -0.01220200 0.04055864 0.01738051
v -0.01263406 0.04055864 0.01706706
v -0.00899108 0.04089579 0.01931733
v -0.01295243 0.04085641 0.01675829
v -0.01349364 0.04088840 0.01628578
v -0.01367102 0.04099299 0.01598169
v -0.01418949 0.04101145 0.01548579
v -0.01470342 0.04102006 0.01498521
v -0.01520825 0.04101760 0.01447995
v -0.01570399 0.04100529 0.01396533
v -0.01619518 0.04097946 0.01344136
v -0.01668182 0.04093516 0.01290803
v -0.01705476 0.04091547 0.01245423
v -0.01753230 0.04090563 0.01179927
v -0.01805987 0.04092040 0.01094314
v -0.01859654 0.04095239 0.00993262
v -0.01909682 0.04095485 0.00892678
v -0.01956982 0.04093024 0.00791626
v -0.02002917 0.04088963 0.00678879
v -0.02055220 0.04091424 0.00489407
v -0.02009285 0.04095239 0.00640516
v -0.02060677 0.04096838 0.00438881
v -0.02065680 0.04100407 0.00388355
v -0.02070228 0.04102745 0.00337829
v -0.02078869 0.04101145 0.00288239
v -0.02074321 0.04109389 0.00237713
v -0.02023838 0.04122432 0.00388355
v -0.02023838 0.04124770 0.00337829
v -0.02023838 0.04126123 0.00287771
v -0.02023838 0.04126985 0.00237713
v -0.02023838 0.04127354 0.00187187
v -0.02023838 0.04127600 0.00136661
v -0.02023838 0.04127600 -0.00115500
v -0.02023838 0.04127477 -0.00165558
v -0.02023838 0.04127231 -0.00216084
v -0.02023838 0.04126493 -0.00266610
v -0.02074321 0.04115665 -0.00115500
v -0.02074321 0.04113819 -0.00165558
v -0.02074321 0.04110866 -0.00216084
v -0.02072047 0.04103360 -0.00317136
v -0.02067954 0.04101514 -0.00367194
v -0.02101609 0.04086379 -0.00257721
v -0.02048852 0.04082688 -0.00543099
v -0.02099336 0.04083303 -0.00291405
v -0.02056584 0.04062878 -0.00523450
v -0.01999734 0.04085272 -0.00698419
v -0.02104793 0.04063247 -0.00271288
v -0.02097516 0.04063247 -0.00321346
v -0.01746863 0.04084041 -0.01199467
v -0.01661814 0.04058448 -0.01320636
v -0.01701382 0.04088963 -0.01256543
v -0.01953344 0.04089825 -0.00808827
v -0.01905134 0.04091547 -0.00912218
v -0.01854651 0.04091424 -0.01011399
v -0.01801894 0.04089210 -0.01106837
v -0.00965055 0.04119971 -0.01829637
v -0.00914572 0.04125877 -0.01829637
v -0.00814060 0.04125385 -0.01879695
v -0.00713094 0.04123416 -0.01930221
v -0.01319802 0.04103237 -0.01629873
v -0.01217471 0.04117879 -0.01678060
v -0.01171536 0.04105698 -0.01733264
v -0.01469432 0.04112588 -0.01476424
v -0.01423952 0.04106190 -0.01531628
v -0.01372105 0.04105205 -0.01581218
v -0.01623156 0.04103606 -0.01327186
v -0.01671365 0.04100284 -0.01273853
v -0.01574037 0.04105328 -0.01379583
v -0.01524919 0.04106313 -0.01431044
v -0.01066022 0.04117510 -0.01779111
v -0.00662611 0.04126493 -0.01930221
v -0.00612127 0.04127600 -0.01930221
v -0.00562099 0.04127723 -0.01930221
v 0.00546712 0.04127723 -0.01930221
v 0.00597196 0.04127600 -0.01930221
v 0.00647679 0.04126985 -0.01930221
v 0.00597196 0.04119725 -0.01980747
v 0.00698162 0.04124647 -0.01930221
v 0.01101573 0.04125139 -0.01728586
v 0.00798673 0.04126246 -0.01879695
v 0.00899640 0.04126738 -0.01829637
v 0.01000606 0.04126369 -0.01779111
v 0.01303051 0.04125754 -0.01577476
v 0.01454501 0.04118248 -0.01476424
v 0.01151601 0.04126861 -0.01678060
v 0.02512829 0.04126123 -0.00417720
v 0.02519196 0.04127600 -0.00367194
v 0.01353534 0.04126369 -0.01526950
v 0.02519196 0.04127723 0.02304128
v 0.00546712 0.04125631 0.02354654
v 0.00496229 0.04124647 0.02354654
v 0.00496229 0.04127723 0.02304128
v 0.00446201 0.04127600 0.02304128
v 0.00395717 0.04127354 0.02304128
v 0.00345234 0.04126738 0.02304128
v 0.00446201 0.04123047 0.02354654
v 0.00395717 0.04120956 0.02354654
v 0.00345234 0.04118002 0.02354654
v 0.00294751 0.04113942 0.02354654
v 0.00546712 0.04073706 0.02470676
v 0.00244268 0.04108651 0.02354654
v 0.00376616 0.04082196 0.02428571
v 0.00244268 0.04089948 0.02387402
v 0.00206064 0.04086379 0.02383191
v 0.00143756 0.04097330 0.02349507
v 0.00496229 0.04067307 0.02465998
v 0.00345234 0.04078135 0.02424828
v 0.00345234 0.04052911 0.02444477
v 0.00294751 0.04070383 0.02418746
v 0.00172864 0.04082565 0.02378981
v 0.00143756 0.04077397 0.02374303
v 0.00013228 0.04084903 0.02330794
v -0.00057722 0.04068538 0.02319098
v -0.00138677 0.04085395 0.02280736
v -0.00286033 0.04084288 0.02229274
v -0.00305590 0.04056479 0.02235824
v -0.00319689 0.04071983 0.02222257
v -0.00394731 0.04087487 0.02182023
v -0.00500701 0.04089579 0.02133837
v -0.00603941 0.04090809 0.02085182
v -0.00703998 0.04091301 0.02035124
v -0.00802690 0.04090932 0.01983663
v -0.00965055 0.04093885 0.01886821
v -0.01013265 0.04098684 0.01850798
v -0.01054651 0.04092162 0.01833956
v -0.01116505 0.04095854 0.01789044
v -0.01205191 0.04092408 0.01733373
v -0.00864543 0.04096961 0.01941558
v -0.01267500 0.04093762 0.01686121
v -0.01314345 0.04095731 0.01646823
v -0.01317983 0.04118617 0.01598169
v -0.01267500 0.04114557 0.01648695
v -0.01368466 0.04120832 0.01548111
v -0.01418949 0.04121939 0.01497585
v -0.01469432 0.04122186 0.01447059
v -0.01519916 0.04121571 0.01396533
v -0.01570399 0.04120094 0.01346475
v -0.01620427 0.04117018 0.01295949
v -0.01670911 0.04111850 0.01245423
v -0.01723668 0.04102745 0.01195833
v -0.01770967 0.04096346 0.01140629
v -0.01823725 0.04100653 0.01042852
v -0.01822360 0.04116772 0.00993262
v -0.01875117 0.04101760 0.00943204
v -0.01872843 0.04117264 0.00892678
v -0.01925146 0.04100529 0.00840749
v -0.01966533 0.04100407 0.00741100
v -0.02016561 0.04100776 0.00589991
v -0.01977903 0.04103360 0.00693849
v -0.01973355 0.04117018 0.00640516
v -0.02023838 0.04113080 0.00489407
v -0.02023838 0.04118864 0.00438881
v -0.01973355 0.04122801 0.00589991
v -0.01973355 0.04125877 0.00539465
v -0.01973355 0.04127231 0.00489407
v -0.01973355 0.04127600 0.00438881
v -0.01973355 0.04127723 0.00388355
v -0.01973355 0.04127723 -0.00417720
v -0.01973355 0.04127477 -0.00468246
v -0.02023838 0.04125385 -0.00317136
v -0.01973355 0.04126615 -0.00518772
v -0.02023838 0.04123539 -0.00367194
v -0.02023838 0.04120464 -0.00417720
v -0.02023838 0.04115788 -0.00468246
v -0.02062952 0.04098438 -0.00417720
v -0.02052946 0.04088717 -0.00509415
v -0.02012468 0.04097946 -0.00619356
v -0.02004736 0.04090563 -0.00669881
v -0.02057949 0.04093885 -0.00468246
v -0.01961075 0.04096715 -0.00770465
v -0.01755504 0.04091547 -0.01174205
v -0.01719574 0.04094747 -0.01219584
v -0.01914685 0.04099054 -0.00871517
v -0.01865112 0.04099176 -0.00972569
v -0.01811900 0.04096961 -0.01073153
v -0.01773696 0.04101637 -0.01123679
v -0.01116505 0.04123416 -0.01728586
v -0.01015538 0.04125385 -0.01779111
v -0.01066022 0.04127231 -0.01728586
v -0.00965055 0.04127477 -0.01779111
v -0.00864543 0.04127600 -0.01829637
v -0.00763577 0.04127354 -0.01879695
v -0.01267500 0.04121939 -0.01627534
v -0.01620427 0.04122309 -0.01274788
v -0.01570399 0.04124278 -0.01325314
v -0.01519916 0.04125139 -0.01375840
v -0.01469432 0.04125508 -0.01425898
v -0.01418949 0.04125508 -0.01476424
v -0.01368466 0.04125016 -0.01526950
v -0.01317983 0.04124032 -0.01577476
v -0.01670911 0.04118617 -0.01224263
v -0.01721394 0.04112096 -0.01174205
v -0.00713094 0.04127723 -0.01879695
v 0.00698162 0.04127723 -0.01879695
v 0.00748645 0.04127600 -0.01879695
v 0.00849157 0.04127600 -0.01829637
v 0.01051090 0.04127600 -0.01728586
v 0.01202085 0.04127477 -0.01627534
v 0.01404017 0.04126615 -0.01476424
v 0.01454501 0.04126738 -0.01425898
v 0.02512829 0.04127723 -0.00367194
v 0.02519196 0.04127723 -0.00317136
v 0.02462801 0.04127723 -0.00417720
v 0.00294751 0.04125754 0.02304128
v 0.00244268 0.04124278 0.02304128
v 0.00093728 0.04127723 0.02203544
v -0.00007239 0.04127477 0.02203544
v 0.00194240 0.04127477 0.02253602
v 0.00143756 0.04126985 0.02253602
v 0.00194240 0.04122186 0.02304128
v 0.00143756 0.04118741 0.02304128
v 0.00093728 0.04113819 0.02304128
v 0.00043244 0.04106928 0.02304128
v 0.00093728 0.04093516 0.02342022
v 0.00043244 0.04088471 0.02335005
v -0.00057722 0.04095239 0.02293835
v -0.00108205 0.04089579 0.02285882
v -0.00209172 0.04095239 0.02242842
v -0.00259200 0.04088471 0.02233953
v -0.00360166 0.04093024 0.02189041
v -0.00461133 0.04095977 0.02142726
v -0.00562099 0.04097823 0.02095007
v -0.00662611 0.04098561 0.02045416
v -0.00763577 0.04098315 0.01994423
v -0.00915482 0.04102129 0.01903195
v -0.00965055 0.04115049 0.01850330
v -0.01069205 0.04104713 0.01804015
v -0.01165169 0.04099791 0.01750214
v -0.00817244 0.04103852 0.01955125
v -0.00864543 0.04118617 0.01900856
v -0.01220200 0.04104467 0.01702495
v -0.01166988 0.04122555 0.01699221
v -0.01217471 0.04125139 0.01648695
v -0.01116505 0.04117264 0.01749747
v -0.01267500 0.04126369 0.01598169
v -0.01317983 0.04126985 0.01548111
v -0.01368466 0.04127231 0.01497585
v -0.01418949 0.04127354 0.01447059
v -0.01469432 0.04127354 0.01396533
v -0.01519916 0.04127231 0.01346475
v -0.01570399 0.04126738 0.01295949
v -0.01620427 0.04126000 0.01245423
v -0.01670911 0.04124278 0.01194898
v -0.01721394 0.04120464 0.01144840
v -0.01771877 0.04112834 0.01094314
v -0.01822360 0.04124770 0.00943204
v -0.01771877 0.04123786 0.01043788
v -0.01872843 0.04124401 0.00842152
v -0.01923327 0.04122432 0.00741100
v -0.01923327 0.04114557 0.00791626
v -0.01923327 0.04126246 0.00691042
v -0.01923327 0.04127477 0.00640516
v -0.01923327 0.04127723 0.00589991
v -0.01923327 0.04127723 -0.00568830
v -0.01923327 0.04127600 -0.00619356
v -0.01923327 0.04126985 -0.00669881
v -0.01973355 0.04124278 -0.00568830
v -0.01973355 0.04119848 -0.00619356
v -0.01973355 0.04111973 -0.00669881
v -0.02019745 0.04102252 -0.00568830
v -0.01975629 0.04099669 -0.00717132
v -0.01923327 0.04118617 -0.00770465
v -0.01926965 0.04103606 -0.00823798
v -0.01872843 0.04121079 -0.00871517
v -0.01877392 0.04104959 -0.00926253
v -0.01822360 0.04121079 -0.00972569
v -0.01825999 0.04104344 -0.01025902
v -0.01771877 0.04118741 -0.01073153
v -0.01166988 0.04126000 -0.01678060
v -0.01217471 0.04126985 -0.01627534
v -0.01267500 0.04127477 -0.01577476
v -0.01116505 0.04127600 -0.01678060
v -0.00814060 0.04127723 -0.01829637
v -0.01015538 0.04127723 -0.01728586
v -0.01721394 0.04123909 -0.01123679
v -0.01670911 0.04126246 -0.01174205
v -0.01620427 0.04127108 -0.01224263
v -0.01570399 0.04127477 -0.01274788
v -0.01469432 0.04127723 -0.01375840
v -0.01368466 0.04127723 -0.01476424
v 0.00798673 0.04127723 -0.01829637
v 0.01101573 0.04127723 -0.01678060
v 0.01252568 0.04127600 -0.01577476
v 0.01303051 0.04127723 -0.01526950
v 0.00093728 0.04125877 0.02253602
v 0.00043244 0.04124032 0.02253602
v -0.00108205 0.04127723 0.02153018
v -0.00057722 0.04126615 0.02203544
v -0.00158688 0.04127600 0.02153018
v -0.00007239 0.04121079 0.02253602
v -0.00057722 0.04116280 0.02253602
v -0.00108205 0.04108774 0.02253602
v -0.00004964 0.04096961 0.02306935
v -0.00156869 0.04097700 0.02256409
v -0.00259200 0.04107543 0.02203544
v -0.00360166 0.04113695 0.02153018
v -0.00461133 0.04117387 0.02102492
v -0.00515254 0.04102622 0.02106703
v -0.00562099 0.04119479 0.02051966
v -0.00617130 0.04103852 0.02057112
v -0.00662611 0.04120340 0.02001908
v -0.00717642 0.04104221 0.02006586
v -0.00763577 0.04120217 0.01951382
v -0.01015538 0.04122186 0.01800273
v -0.00914572 0.04124401 0.01850330
v -0.01066022 0.04125631 0.01749747
v -0.01116505 0.04126985 0.01699221
v -0.01166988 0.04127600 0.01648695
v -0.01469432 0.04127723 0.01346475
v -0.01217471 0.04127723 0.01598169
v -0.01570399 0.04127723 0.01245423
v -0.01620427 0.04127723 0.01194898
v -0.01670911 0.04127477 0.01144840
v -0.01721394 0.04126493 0.01094314
v -0.01822360 0.04127354 0.00892678
v -0.01872843 0.04127108 0.00791626
v -0.01771877 0.04127231 0.00993262
v -0.01872843 0.04127723 0.00741100
v -0.01872843 0.04127723 -0.00720407
v -0.01872843 0.04127477 -0.00770465
v -0.01872843 0.04126000 -0.00820991
v -0.01923327 0.04124401 -0.00720407
v -0.01822360 0.04126246 -0.00922043
v -0.01771877 0.04125754 -0.01022627
v -0.01166988 0.04127723 -0.01627534
v -0.01721394 0.04127354 -0.01073153
v -0.01670911 0.04127723 -0.01123679
v -0.00108205 0.04124893 0.02203544
v -0.00259200 0.04127723 0.02102492
v -0.00209172 0.04126738 0.02153018
v -0.00511616 0.04127723 0.02001908
v -0.00309683 0.04127477 0.02102492
v -0.00158688 0.04121694 0.02203544
v -0.00209172 0.04116280 0.02203544
v -0.00309683 0.04120832 0.02153018
v -0.00410649 0.04123416 0.02102492
v -0.00511616 0.04124893 0.02051966
v -0.00612127 0.04125508 0.02001908
v -0.00713094 0.04125754 0.01951382
v -0.00814060 0.04125385 0.01900856
v -0.00965055 0.04126738 0.01800273
v -0.01015538 0.04127600 0.01749747
v -0.00914572 0.04127723 0.01800273
v -0.01721394 0.04127723 0.01043788
v -0.01771877 0.04127723 0.00943204
v -0.01822360 0.04127600 -0.00871517
v -0.01771877 0.04127600 -0.00972569
v -0.00259200 0.04124770 0.02153018
v -0.00461133 0.04127108 0.02051966
v -0.00360166 0.04126369 0.02102492
v -0.00662611 0.04127477 0.01951382
v -0.00562099 0.04127354 0.02001908
v -0.00763577 0.04127477 0.01900856
v -0.00864543 0.04127231 0.01850330
f 1 2 8
f 1 8 36
f 1 36 76
f 1 76 154
f 1 154 272
f 1 272 271
f 1 271 270
f 1 270 417
f 1 417 602
f 1 602 823
f 1 823 822
f 1 822 1059
f 1 1059 1287
f 1 1287 1480
f 1 1480 1617
f 1 1617 1732
f 1 1732 1619
f 1 1619 1481
f 1 1481 1289
f 1 1289 1288
f 1 1288 1062
f 1 1062 1061
f 1 1061 1060
f 1 1060 824
f 1 824 603
f 1 603 419
f 1 419 274
f 1 274 155
f 1 155 77
f 1 77 37
f 1 37 9
f 1 9 3
f 1 3 4
f 1 4 5
f 1 5 6
f 1 6 16
f 1 16 17
f 1 17 7
f 1 7 2
f 2 7 22
f 2 22 53
f 2 53 103
f 2 103 182
f 2 182 120
f 2 120 54
f 2 54 23
f 2 23 8
f 3 9 10
f 3 10 11
f 3 11 12
f 3 12 13
f 3 13 4
f 4 13 14
f 4 14 5
f 5 14 15
f 5 15 6
f 6 15 43
f 6 43 16
f 7 17 18
f 7 18 19
f 7 19 20
f 7 20 21
f 7 21 22
f 8 23 24
f 8 24 25
f 8 25 26
f 8 26 27
f 8 27 28
f 8 28 29
f 8 29 30
f 8 30 31
f 8 31 32
f 8 32 33
f 8 33 34
f 8 34 35
f 8 35 36
f 9 37 38
f 9 38 39
f 9 39 10
f 10 39 40
f 10 40 41
f 10 41 11
f 11 41 42
f 11 42 12
f 12 42 13
f 13 42 14
f 14 42 15
f 15 42 87
f 15 87 43
f 16 43 88
f 16 88 44
f 16 44 18
f 16 18 17
f 18 44 89
f 18 89 45
f 18 45 19
f 19 45 46
f 19 46 47
f 19 47 48
f 19 48 20
f 20 48 21
f 21 48 49
f 21 49 22
f 22 49 50
f 22 50 51
f 22 51 52
f 22 52 53
f 23 54 24
f 24 55 25
f 24 54 56
f 24 56 57
f 24 57 58
f 24 58 55
f 25 55 59
f 25 59 26
f 26 59 60
f 26 60 61
f 26 61 62
f 26 62 27
f 27 62 63
f 27 63 64
f 27 64 65
f 27 65 28
f 28 65 66
f 28 66 67
f 28 67 29
f 29 68 30
f 29 67 68
f 30 68 69
f 30 69 70
f 30 70 71
f 30 71 31
f 31 71 72
f 31 72 73
f 31 73 74
f 31 74 75
f 31 75 32
f 32 76 33
f 32 75 76
f 33 76 34
f 34 76 35
f 35 76 36
f 37 77 78
f 37 78 79
f 37 79 38
f 38 80 39
f 38 79 80
f 39 80 81
f 39 81 40
f 40 81 41
f 41 81 82
f 41 82 83
f 41 83 42
f 42 83 84
f 42 84 85
f 42 85 86
f 42 86 164
f 42 164 87
f 43 87 88
f 44 88 168
f 44 168 89
f 45 89 90
f 45 90 46
f 46 90 89
f 46 89 91
f 46 91 92
f 46 92 47
f 47 92 93
f 47 93 94
f 47 94 95
f 47 95 48
f 48 95 49
f 49 96 97
f 49 97 98
f 49 98 99
f 49 99 50
f 49 95 94
f 49 94 96
f 50 99 100
f 50 100 51
f 51 100 101
f 51 101 52
f 52 101 102
f 52 102 53
f 53 102 104
f 53 104 105
f 53 105 106
f 53 106 107
f 53 107 108
f 53 108 109
f 53 109 110
f 53 110 111
f 53 111 112
f 53 112 113
f 53 113 114
f 53 114 115
f 53 115 116
f 53 116 117
f 53 117 118
f 53 118 119
f 53 119 103
f 54 120 121
f 54 121 122
f 54 122 56
f 55 123 124
f 55 124 125
f 55 125 130
f 55 130 59
f 55 58 123
f 56 122 57
f 57 126 127
f 57 127 128
f 57 128 129
f 57 129 58
f 57 122 126
f 58 129 123
f 59 130 60
f 60 130 61
f 61 131 132
f 61 132 133
f 61 133 134
f 61 134 135
f 61 135 136
f 61 136 62
f 61 130 137
f 61 137 131
f 62 136 63
f 63 136 138
f 63 138 64
f 64 138 139
f 64 139 65
f 65 139 66
f 66 140 141
f 66 141 67
f 66 139 142
f 66 142 143
f 66 143 140
f 67 141 68
f 68 141 144
f 68 144 69
f 69 144 145
f 69 145 146
f 69 146 70
f 70 72 71
f 70 146 147
f 70 147 148
f 70 148 149
f 70 149 73
f 70 73 72
f 73 149 150
f 73 150 151
f 73 151 152
f 73 152 153
f 73 153 74
f 74 153 75
f 75 153 76
f 76 153 154
f 77 155 78
f 78 155 156
f 78 156 157
f 78 157 79
f 79 157 158
f 79 158 80
f 80 158 157
f 80 157 159
f 80 159 81
f 81 159 160
f 81 160 82
f 82 160 161
f 82 161 83
f 83 161 162
f 83 162 84
f 84 162 163
f 84 163 85
f 85 163 86
f 86 163 283
f 86 283 164
f 87 164 165
f 87 165 166
f 87 166 167
f 87 167 168
f 87 168 88
f 89 168 169
f 89 169 290
f 89 290 170
f 89 170 91
f 91 170 171
f 91 171 92
f 92 171 293
f 92 293 172
f 92 172 93
f 93 172 294
f 93 294 173
f 93 173 174
f 93 174 94
f 94 174 96
f 96 174 97
f 97 175 98
f 97 174 175
f 98 175 176
f 98 176 177
f 98 177 178
f 98 178 179
f 98 179 99
f 99 179 180
f 99 180 101
f 99 101 100
f 101 180 102
f 102 180 181
f 102 181 104
f 103 119 182
f 104 181 183
f 104 183 184
f 104 184 105
f 105 184 185
f 105 185 186
f 105 186 106
f 106 186 187
f 106 187 188
f 106 188 189
f 106 189 190
f 106 190 107
f 107 190 191
f 107 191 108
f 108 191 192
f 108 192 193
f 108 193 194
f 108 194 109
f 109 194 193
f 109 193 195
f 109 195 110
f 110 195 196
f 110 196 197
f 110 197 198
f 110 198 111
f 111 199 112
f 111 198 197
f 111 197 199
f 112 199 200
f 112 200 201
f 112 201 202
f 112 202 113
f 113 202 114
f 114 202 203
f 114 203 204
f 114 204 115
f 115 204 116
f 116 205 206
f 116 206 117
f 116 204 207
f 116 207 208
f 116 208 205
f 117 206 209
f 117 209 210
f 117 210 118
f 118 210 211
f 118 211 119
f 119 211 333
f 119 333 212
f 119 212 335
f 119 335 213
f 119 213 182
f 120 182 214
f 120 214 215
f 120 215 216
f 120 216 217
f 120 217 218
f 120 218 219
f 120 219 220
f 120 220 221
f 120 221 121
f 121 222 223
f 121 223 126
f 121 126 122
f 121 221 348
f 121 348 224
f 121 224 222
f 123 129 124
f 124 129 225
f 124 225 226
f 124 226 227
f 124 227 228
f 124 228 229
f 124 229 137
f 124 137 125
f 125 137 130
f 126 230 128
f 126 128 127
f 126 223 231
f 126 231 230
f 128 232 233
f 128 233 129
f 128 230 234
f 128 234 232
f 129 233 235
f 129 235 226
f 129 226 225
f 131 236 132
f 131 137 236
f 132 236 237
f 132 237 238
f 132 238 133
f 133 135 134
f 133 238 135
f 135 239 138
f 135 138 136
f 135 238 240
f 135 240 241
f 135 241 239
f 137 229 242
f 137 242 243
f 137 243 236
f 138 239 244
f 138 244 245
f 138 245 246
f 138 246 139
f 139 247 142
f 139 246 248
f 139 248 247
f 140 249 141
f 140 143 250
f 140 250 249
f 141 249 251
f 141 251 145
f 141 145 144
f 142 247 143
f 143 247 252
f 143 252 250
f 145 251 253
f 145 253 254
f 145 254 255
f 145 255 256
f 145 256 147
f 145 147 146
f 147 256 257
f 147 257 258
f 147 258 259
f 147 259 148
f 148 259 149
f 149 259 151
f 149 151 150
f 151 260 261
f 151 261 262
f 151 262 263
f 151 263 264
f 151 264 152
f 151 259 265
f 151 265 266
f 151 266 267
f 151 267 260
f 152 264 268
f 152 268 269
f 152 269 270
f 152 270 271
f 152 271 272
f 152 272 273
f 152 273 154
f 152 154 153
f 154 273 272
f 155 274 156
f 156 274 275
f 156 275 276
f 156 276 157
f 157 276 277
f 157 277 159
f 159 277 278
f 159 278 160
f 160 278 279
f 160 279 161
f 161 279 162
f 162 279 280
f 162 280 281
f 162 281 163
f 163 281 282
f 163 282 283
f 164 283 165
f 165 283 285
f 165 285 166
f 166 284 167
f 166 285 286
f 166 286 284
f 167 284 287
f 167 287 288
f 167 288 289
f 167 289 169
f 167 169 168
f 169 289 290
f 170 290 291
f 170 291 171
f 171 291 292
f 171 292 445
f 171 445 293
f 172 293 447
f 172 447 294
f 173 294 295
f 173 295 174
f 174 295 296
f 174 296 297
f 174 297 298
f 174 298 299
f 174 299 175
f 175 299 300
f 175 300 301
f 175 301 302
f 175 302 303
f 175 303 304
f 175 304 177
f 175 177 176
f 177 304 305
f 177 305 178
f 178 305 306
f 178 306 179
f 179 306 307
f 179 307 180
f 180 307 181
f 181 307 183
f 182 213 214
f 183 307 184
f 184 308 186
f 184 186 185
f 184 307 306
f 184 306 308
f 186 308 309
f 186 309 310
f 186 310 311
f 186 311 187
f 187 311 312
f 187 312 313
f 187 313 188
f 188 313 314
f 188 314 189
f 189 314 190
f 190 314 315
f 190 315 192
f 190 192 191
f 192 315 193
f 193 315 316
f 193 316 195
f 195 317 196
f 195 316 317
f 196 317 318
f 196 318 197
f 197 318 319
f 197 319 320
f 197 320 199
f 199 321 200
f 199 320 321
f 200 321 322
f 200 322 201
f 201 322 323
f 201 323 202
f 202 323 203
f 203 323 324
f 203 324 325
f 203 325 326
f 203 326 204
f 204 208 207
f 204 326 208
f 205 327 328
f 205 328 206
f 205 208 329
f 205 329 327
f 206 328 330
f 206 330 209
f 208 326 329
f 209 330 331
f 209 331 332
f 209 332 211
f 209 211 210
f 211 332 333
f 212 333 334
f 212 334 506
f 212 506 335
f 213 335 336
f 213 336 214
f 214 336 337
f 214 337 338
f 214 338 339
f 214 339 215
f 215 339 340
f 215 340 341
f 215 341 216
f 216 341 342
f 216 342 217
f 217 343 344
f 217 344 347
f 217 347 218
f 217 342 343
f 218 345 346
f 218 346 219
f 218 347 345
f 219 346 348
f 219 348 220
f 220 348 221
f 222 231 223
f 222 224 349
f 222 349 350
f 222 350 231
f 224 348 519
f 224 519 349
f 226 351 352
f 226 352 227
f 226 235 233
f 226 233 351
f 227 352 353
f 227 353 354
f 227 354 355
f 227 355 356
f 227 356 228
f 228 356 229
f 229 356 357
f 229 357 358
f 229 358 242
f 230 231 234
f 231 359 360
f 231 360 234
f 231 350 361
f 231 361 362
f 231 362 363
f 231 363 359
f 232 234 364
f 232 364 233
f 233 364 365
f 233 365 366
f 233 366 367
f 233 367 368
f 233 368 369
f 233 369 370
f 233 370 371
f 233 371 351
f 234 360 372
f 234 372 364
f 236 373 374
f 236 374 237
f 236 243 358
f 236 358 373
f 237 374 556
f 237 556 375
f 237 375 376
f 237 376 238
f 238 376 559
f 238 559 377
f 238 377 240
f 239 245 244
f 239 241 378
f 239 378 245
f 240 377 241
f 241 379 560
f 241 560 378
f 241 377 559
f 241 559 379
f 242 358 243
f 245 378 246
f 246 378 380
f 246 380 248
f 247 248 252
f 248 380 381
f 248 381 252
f 249 250 382
f 249 382 383
f 249 383 384
f 249 384 385
f 249 385 386
f 249 386 253
f 249 253 251
f 250 252 387
f 250 387 388
f 250 388 389
f 250 389 390
f 250 390 391
f 250 391 382
f 252 381 392
f 252 392 393
f 252 393 394
f 252 394 387
f 253 395 396
f 253 396 254
f 253 386 395
f 254 397 398
f 254 398 255
f 254 396 578
f 254 578 397
f 255 398 399
f 255 399 256
f 256 399 400
f 256 400 257
f 257 400 401
f 257 401 258
f 258 401 585
f 258 585 402
f 258 402 259
f 259 402 585
f 259 585 403
f 259 403 591
f 259 591 404
f 259 404 405
f 259 405 406
f 259 406 265
f 260 407 408
f 260 408 261
f 260 267 414
f 260 414 407
f 261 408 409
f 261 409 262
f 262 409 410
f 262 410 263
f 263 410 597
f 263 597 411
f 263 411 264
f 264 411 268
f 265 412 413
f 265 413 266
f 265 406 589
f 265 589 412
f 266 413 414
f 266 414 267
f 268 411 415
f 268 415 416
f 268 416 417
f 268 417 418
f 268 418 270
f 268 270 269
f 270 418 417
f 274 419 420
f 274 420 275
f 275 420 421
f 275 421 276
f 276 421 422
f 276 422 277
f 277 423 278
f 277 422 424
f 277 424 425
f 277 425 423
f 278 423 425
f 278 425 426
f 278 426 279
f 279 426 427
f 279 427 280
f 280 427 428
f 280 428 429
f 280 429 281
f 281 429 282
f 282 429 430
f 282 430 431
f 282 431 283
f 283 431 432
f 283 432 285
f 284 286 433
f 284 433 287
f 285 432 434
f 285 434 286
f 286 435 433
f 286 434 436
f 286 436 437
f 286 437 438
f 286 438 435
f 287 289 288
f 287 433 435
f 287 435 439
f 287 439 440
f 287 440 441
f 287 441 289
f 289 441 442
f 289 442 290
f 290 442 443
f 290 443 291
f 291 443 292
f 292 443 444
f 292 444 445
f 293 445 446
f 293 446 447
f 294 447 638
f 294 638 448
f 294 448 449
f 294 449 295
f 295 449 296
f 296 450 451
f 296 451 297
f 296 449 450
f 297 451 298
f 298 451 299
f 299 451 452
f 299 452 453
f 299 453 640
f 299 640 454
f 299 454 456
f 299 456 300
f 300 455 301
f 300 456 641
f 300 641 455
f 301 455 457
f 301 457 458
f 301 458 302
f 302 458 459
f 302 459 303
f 303 460 461
f 303 461 462
f 303 462 304
f 303 459 460
f 304 462 463
f 304 463 464
f 304 464 465
f 304 465 466
f 304 466 305
f 305 466 467
f 305 467 468
f 305 468 306
f 306 468 467
f 306 467 308
f 308 467 309
f 309 469 470
f 309 470 471
f 309 471 310
f 309 467 472
f 309 472 469
f 310 471 311
f 311 473 474
f 311 474 475
f 311 475 312
f 311 471 473
f 312 475 313
f 313 475 314
f 314 475 476
f 314 476 477
f 314 477 315
f 315 477 478
f 315 478 479
f 315 479 480
f 315 480 481
f 315 481 316
f 316 481 317
f 317 481 482
f 317 482 318
f 318 482 319
f 319 482 483
f 319 483 320
f 320 483 321
f 321 484 485
f 321 485 322
f 321 483 484
f 322 485 324
f 322 324 323
f 324 485 486
f 324 486 487
f 324 487 488
f 324 488 489
f 324 489 490
f 324 490 491
f 324 491 329
f 324 329 325
f 325 329 326
f 327 492 493
f 327 493 494
f 327 494 495
f 327 495 496
f 327 496 497
f 327 497 330
f 327 330 328
f 327 329 492
f 329 491 490
f 329 490 498
f 329 498 492
f 330 497 499
f 330 499 500
f 330 500 331
f 331 501 502
f 331 502 503
f 331 503 334
f 331 334 332
f 331 500 504
f 331 504 501
f 332 334 333
f 334 503 505
f 334 505 734
f 334 734 506
f 335 506 337
f 335 337 336
f 337 507 508
f 337 508 338
f 337 506 507
f 338 508 339
f 339 508 340
f 340 508 509
f 340 509 510
f 340 510 511
f 340 511 341
f 341 511 342
f 342 511 512
f 342 512 343
f 343 513 514
f 343 514 344
f 343 512 515
f 343 515 513
f 344 514 516
f 344 516 347
f 345 347 516
f 345 516 517
f 345 517 518
f 345 518 346
f 346 518 519
f 346 519 348
f 349 519 361
f 349 361 350
f 351 371 549
f 351 549 520
f 351 520 521
f 351 521 352
f 352 521 522
f 352 522 353
f 353 522 523
f 353 523 354
f 354 523 524
f 354 524 355
f 355 524 759
f 355 759 525
f 355 525 356
f 356 526 527
f 356 527 357
f 356 525 526
f 357 527 763
f 357 763 528
f 357 528 765
f 357 765 529
f 357 529 358
f 358 530 373
f 358 529 531
f 358 531 530
f 359 532 533
f 359 533 534
f 359 534 535
f 359 535 536
f 359 536 537
f 359 537 360
f 359 363 538
f 359 538 532
f 360 537 536
f 360 536 372
f 361 539 362
f 361 519 518
f 361 518 540
f 361 540 539
f 362 539 363
f 363 539 541
f 363 541 538
f 364 372 542
f 364 542 365
f 365 543 544
f 365 544 366
f 365 542 776
f 365 776 543
f 366 544 545
f 366 545 367
f 367 545 546
f 367 546 368
f 368 546 547
f 368 547 369
f 369 547 548
f 369 548 370
f 370 548 549
f 370 549 371
f 372 550 551
f 372 551 552
f 372 552 542
f 372 536 535
f 372 535 553
f 372 553 554
f 372 554 550
f 373 530 766
f 373 766 555
f 373 555 556
f 373 556 374
f 375 556 788
f 375 788 557
f 375 557 558
f 375 558 376
f 376 558 793
f 376 793 559
f 378 560 562
f 378 562 380
f 379 559 793
f 379 793 561
f 379 561 560
f 380 562 563
f 380 563 381
f 381 563 574
f 381 574 392
f 382 564 565
f 382 565 383
f 382 391 573
f 382 573 564
f 383 565 566
f 383 566 384
f 384 566 567
f 384 567 385
f 385 567 568
f 385 568 386
f 386 568 577
f 386 577 395
f 387 394 576
f 387 576 569
f 387 569 570
f 387 570 388
f 388 570 571
f 388 571 389
f 389 571 572
f 389 572 390
f 390 572 573
f 390 573 391
f 392 574 575
f 392 575 393
f 393 575 576
f 393 576 394
f 395 577 578
f 395 578 396
f 397 579 580
f 397 580 398
f 397 578 581
f 397 581 579
f 398 580 399
f 399 582 583
f 399 583 400
f 399 580 582
f 400 583 401
f 401 583 584
f 401 584 403
f 401 403 585
f 403 586 587
f 403 587 588
f 403 588 589
f 403 589 590
f 403 590 591
f 403 584 592
f 403 592 593
f 403 593 586
f 404 591 590
f 404 590 405
f 405 590 589
f 405 589 406
f 407 594 408
f 407 414 594
f 408 594 409
f 409 595 596
f 409 596 410
f 409 594 595
f 410 596 597
f 411 597 600
f 411 600 415
f 412 598 599
f 412 599 413
f 412 589 588
f 412 588 598
f 413 599 594
f 413 594 414
f 415 600 601
f 415 601 416
f 416 601 823
f 416 823 602
f 416 602 417
f 419 603 420
f 420 603 604
f 420 604 605
f 420 605 606
f 420 606 421
f 421 606 607
f 421 607 608
f 421 608 609
f 421 609 422
f 422 609 610
f 422 610 424
f 424 610 425
f 425 610 611
f 425 611 426
f 426 611 612
f 426 612 613
f 426 613 614
f 426 614 427
f 427 614 428
f 428 614 429
f 429 614 615
f 429 615 617
f 429 617 430
f 430 616 432
f 430 432 431
f 430 617 618
f 430 618 616
f 432 616 434
f 434 616 619
f 434 619 436
f 435 438 620
f 435 620 439
f 436 619 621
f 436 621 437
f 437 621 622
f 437 622 438
f 438 622 623
f 438 623 620
f 439 620 624
f 439 624 625
f 439 625 440
f 440 625 626
f 440 626 627
f 440 627 441
f 441 627 628
f 441 628 443
f 441 443 442
f 443 628 629
f 443 629 444
f 444 446 445
f 444 629 630
f 444 630 631
f 444 631 632
f 444 632 633
f 444 633 634
f 444 634 446
f 446 634 635
f 446 635 636
f 446 636 637
f 446 637 447
f 447 637 638
f 448 638 636
f 448 636 639
f 448 639 449
f 449 639 450
f 450 639 451
f 451 639 636
f 451 636 635
f 451 635 640
f 451 640 453
f 451 453 452
f 454 640 642
f 454 642 456
f 455 641 646
f 455 646 457
f 456 642 862
f 456 862 643
f 456 643 644
f 456 644 645
f 456 645 641
f 457 646 647
f 457 647 648
f 457 648 459
f 457 459 458
f 459 648 649
f 459 649 647
f 459 647 460
f 460 647 650
f 460 650 870
f 460 870 651
f 460 651 461
f 461 651 462
f 462 651 652
f 462 652 463
f 463 652 464
f 464 652 653
f 464 653 465
f 465 653 654
f 465 654 655
f 465 655 656
f 465 656 657
f 465 657 466
f 466 657 658
f 466 658 659
f 466 659 660
f 466 660 467
f 467 660 472
f 469 661 662
f 469 662 470
f 469 472 663
f 469 663 661
f 470 662 664
f 470 664 887
f 470 887 665
f 470 665 471
f 471 665 666
f 471 666 473
f 472 660 663
f 473 667 668
f 473 668 669
f 473 669 670
f 473 670 671
f 473 671 672
f 473 672 474
f 473 666 667
f 474 672 673
f 474 673 475
f 475 673 674
f 475 674 675
f 475 675 476
f 476 675 477
f 477 675 676
f 477 676 677
f 477 677 478
f 478 677 678
f 478 678 479
f 479 679 680
f 479 680 681
f 479 681 682
f 479 682 683
f 479 683 684
f 479 684 480
f 479 678 685
f 479 685 686
f 479 686 679
f 480 684 687
f 480 687 481
f 481 687 482
f 482 688 689
f 482 689 690
f 482 690 691
f 482 691 483
f 482 687 692
f 482 692 693
f 482 693 688
f 483 691 694
f 483 694 484
f 484 695 696
f 484 696 697
f 484 697 485
f 484 694 695
f 485 697 698
f 485 698 486
f 486 699 487
f 486 698 697
f 486 697 700
f 486 700 701
f 486 701 699
f 487 699 702
f 487 702 703
f 487 703 704
f 487 704 705
f 487 705 489
f 487 489 488
f 489 706 707
f 489 707 708
f 489 708 709
f 489 709 490
f 489 705 706
f 490 709 710
f 490 710 711
f 490 711 498
f 492 712 493
f 492 498 713
f 492 713 714
f 492 714 712
f 493 712 715
f 493 715 716
f 493 716 717
f 493 717 718
f 493 718 495
f 493 495 494
f 495 718 719
f 495 719 720
f 495 720 721
f 495 721 722
f 495 722 723
f 495 723 724
f 495 724 499
f 495 499 496
f 496 499 497
f 498 711 713
f 499 725 726
f 499 726 727
f 499 727 728
f 499 728 729
f 499 729 730
f 499 730 500
f 499 724 725
f 500 730 504
f 501 504 502
f 502 731 732
f 502 732 503
f 502 504 731
f 503 732 505
f 504 730 731
f 505 732 959
f 505 959 733
f 505 733 961
f 505 961 734
f 506 734 735
f 506 735 736
f 506 736 507
f 507 736 737
f 507 737 738
f 507 738 739
f 507 739 509
f 507 509 508
f 509 740 741
f 509 741 510
f 509 739 742
f 509 742 743
f 509 743 740
f 510 744 511
f 510 741 744
f 511 745 746
f 511 746 515
f 511 515 512
f 511 744 745
f 513 747 748
f 513 748 749
f 513 749 750
f 513 750 516
f 513 516 514
f 513 515 747
f 515 746 751
f 515 751 752
f 515 752 747
f 516 750 517
f 517 540 518
f 517 750 540
f 520 549 753
f 520 753 754
f 520 754 755
f 520 755 756
f 520 756 521
f 521 756 757
f 521 757 758
f 521 758 522
f 522 758 523
f 523 758 524
f 524 758 760
f 524 760 761
f 524 761 759
f 525 759 762
f 525 762 526
f 526 762 763
f 526 763 527
f 528 763 1005
f 528 1005 764
f 528 764 1006
f 528 1006 765
f 529 765 767
f 529 767 531
f 530 531 767
f 530 767 766
f 532 538 772
f 532 772 768
f 532 768 769
f 532 769 533
f 533 769 770
f 533 770 534
f 534 770 771
f 534 771 535
f 535 771 784
f 535 784 553
f 538 541 775
f 538 775 772
f 539 540 773
f 539 773 774
f 539 774 541
f 540 750 773
f 541 774 1014
f 541 1014 775
f 542 552 783
f 542 783 776
f 543 776 777
f 543 777 778
f 543 778 544
f 544 778 779
f 544 779 780
f 544 780 545
f 545 780 753
f 545 753 546
f 546 753 547
f 547 753 548
f 548 753 549
f 550 554 785
f 550 785 781
f 550 781 782
f 550 782 551
f 551 782 783
f 551 783 552
f 553 784 785
f 553 785 554
f 555 766 786
f 555 786 787
f 555 787 788
f 555 788 556
f 557 788 789
f 557 789 790
f 557 790 791
f 557 791 558
f 558 791 792
f 558 792 793
f 560 561 794
f 560 794 795
f 560 795 562
f 561 793 796
f 561 796 797
f 561 797 794
f 562 795 798
f 562 798 563
f 563 798 799
f 563 799 574
f 564 800 802
f 564 802 565
f 564 573 801
f 564 801 800
f 565 802 803
f 565 803 566
f 566 803 567
f 567 804 568
f 567 803 804
f 568 805 581
f 568 581 577
f 568 804 805
f 569 806 807
f 569 807 570
f 569 576 806
f 570 807 801
f 570 801 571
f 571 801 572
f 572 801 573
f 574 799 575
f 575 799 576
f 576 808 806
f 576 799 808
f 577 581 578
f 579 581 809
f 579 809 810
f 579 810 811
f 579 811 580
f 580 811 582
f 581 810 809
f 581 805 812
f 581 812 810
f 582 811 593
f 582 593 583
f 583 593 584
f 584 593 592
f 586 813 587
f 586 593 813
f 587 813 588
f 588 813 598
f 593 811 814
f 593 814 815
f 593 815 813
f 594 599 816
f 594 816 817
f 594 817 818
f 594 818 595
f 595 819 596
f 595 818 817
f 595 817 819
f 596 819 820
f 596 820 597
f 597 820 600
f 598 813 817
f 598 817 599
f 599 817 816
f 600 820 601
f 601 820 821
f 601 821 822
f 601 822 823
f 603 824 825
f 603 825 607
f 603 607 826
f 603 826 605
f 603 605 604
f 605 826 607
f 605 607 606
f 607 825 827
f 607 827 608
f 608 827 609
f 609 827 828
f 609 828 610
f 610 828 829
f 610 829 830
f 610 830 611
f 611 830 831
f 611 831 612
f 612 831 832
f 612 832 613
f 613 832 833
f 613 833 834
f 613 834 614
f 614 834 833
f 614 833 835
f 614 835 836
f 614 836 615
f 615 836 837
f 615 837 840
f 615 840 617
f 616 618 838
f 616 838 839
f 616 839 619
f 617 840 841
f 617 841 842
f 617 842 618
f 618 842 843
f 618 843 838
f 619 839 844
f 619 844 621
f 620 623 624
f 621 844 845
f 621 845 622
f 622 845 623
f 623 845 846
f 623 846 847
f 623 847 848
f 623 848 849
f 623 849 624
f 624 849 625
f 625 849 850
f 625 850 626
f 626 851 852
f 626 852 853
f 626 853 627
f 626 850 854
f 626 854 855
f 626 855 856
f 626 856 857
f 626 857 858
f 626 858 851
f 627 853 852
f 627 852 630
f 627 630 628
f 628 630 859
f 628 859 629
f 629 859 630
f 630 852 860
f 630 860 631
f 631 860 861
f 631 861 632
f 632 862 642
f 632 642 633
f 632 861 863
f 632 863 862
f 633 642 640
f 633 640 635
f 633 635 634
f 636 638 637
f 641 645 647
f 641 647 646
f 643 863 864
f 643 864 644
f 643 862 863
f 644 864 863
f 644 863 865
f 644 865 866
f 644 866 645
f 645 866 867
f 645 867 650
f 645 650 647
f 647 649 648
f 650 867 868
f 650 868 869
f 650 869 870
f 651 870 871
f 651 871 652
f 652 871 872
f 652 872 654
f 652 654 653
f 654 872 873
f 654 873 655
f 655 873 874
f 655 874 657
f 655 657 656
f 657 874 875
f 657 875 876
f 657 876 658
f 658 876 877
f 658 877 878
f 658 878 659
f 659 877 660
f 659 878 877
f 660 879 663
f 660 877 880
f 660 880 879
f 661 881 883
f 661 883 662
f 661 663 882
f 661 882 1117
f 661 1117 881
f 662 883 886
f 662 886 664
f 663 879 884
f 663 884 1120
f 663 1120 885
f 663 885 1117
f 663 1117 882
f 664 886 1123
f 664 1123 887
f 665 887 666
f 666 887 888
f 666 888 889
f 666 889 890
f 666 890 667
f 667 890 668
f 668 890 669
f 669 890 670
f 670 890 671
f 671 891 892
f 671 892 672
f 671 890 891
f 672 892 673
f 673 893 894
f 673 894 674
f 673 892 893
f 674 894 895
f 674 895 896
f 674 896 675
f 675 896 897
f 675 897 676
f 676 897 677
f 677 898 899
f 677 899 678
f 677 897 898
f 678 899 900
f 678 900 901
f 678 901 685
f 679 902 903
f 679 903 680
f 679 686 902
f 680 903 904
f 680 904 681
f 681 904 682
f 682 904 683
f 683 905 1142
f 683 1142 906
f 683 906 907
f 683 907 908
f 683 908 909
f 683 909 684
f 683 904 910
f 683 910 1140
f 683 1140 905
f 684 909 911
f 684 911 692
f 684 692 687
f 685 901 686
f 686 901 912
f 686 912 913
f 686 913 902
f 688 914 915
f 688 915 689
f 688 693 914
f 689 915 690
f 690 915 916
f 690 916 694
f 690 694 691
f 692 911 917
f 692 917 918
f 692 918 919
f 692 919 920
f 692 920 921
f 692 921 922
f 692 922 693
f 693 922 914
f 694 923 924
f 694 924 695
f 694 916 1151
f 694 1151 923
f 695 924 925
f 695 925 696
f 696 925 927
f 696 927 700
f 696 700 697
f 699 926 929
f 699 929 702
f 699 701 928
f 699 928 926
f 700 927 928
f 700 928 701
f 702 929 930
f 702 930 703
f 703 930 931
f 703 931 704
f 704 931 932
f 704 932 705
f 705 932 933
f 705 933 706
f 706 933 934
f 706 934 707
f 707 934 935
f 707 935 708
f 708 935 936
f 708 936 709
f 709 936 937
f 709 937 710
f 710 937 938
f 710 938 711
f 711 938 940
f 711 940 713
f 712 939 942
f 712 942 715
f 712 714 941
f 712 941 939
f 713 940 941
f 713 941 714
f 715 942 943
f 715 943 716
f 716 943 944
f 716 944 717
f 717 944 945
f 717 945 718
f 718 945 946
f 718 946 719
f 719 946 947
f 719 947 720
f 720 947 948
f 720 948 721
f 721 948 949
f 721 949 722
f 722 949 950
f 722 950 723
f 723 950 951
f 723 951 724
f 724 951 952
f 724 952 725
f 725 952 953
f 725 953 726
f 726 953 954
f 726 954 727
f 727 954 955
f 727 955 728
f 728 955 956
f 728 956 729
f 729 956 957
f 729 957 730
f 730 957 958
f 730 958 731
f 731 958 959
f 731 959 732
f 733 959 1191
f 733 1191 960
f 733 960 1195
f 733 1195 961
f 734 961 962
f 734 962 735
f 735 962 1198
f 735 1198 963
f 735 963 736
f 736 963 738
f 736 738 737
f 738 963 964
f 738 964 742
f 738 742 739
f 740 743 741
f 741 743 965
f 741 965 966
f 741 966 967
f 741 967 968
f 741 968 969
f 741 969 970
f 741 970 744
f 742 964 971
f 742 971 743
f 743 971 972
f 743 972 973
f 743 973 974
f 743 974 975
f 743 975 965
f 744 970 976
f 744 976 977
f 744 977 978
f 744 978 746
f 744 746 745
f 746 978 979
f 746 979 980
f 746 980 981
f 746 981 751
f 747 982 983
f 747 983 984
f 747 984 985
f 747 985 986
f 747 986 749
f 747 749 748
f 747 752 982
f 749 986 987
f 749 987 988
f 749 988 989
f 749 989 990
f 749 990 991
f 749 991 992
f 749 992 750
f 750 992 991
f 750 991 773
f 751 993 994
f 751 994 752
f 751 981 1216
f 751 1216 993
f 752 994 1217
f 752 1217 982
f 753 780 995
f 753 995 996
f 753 996 997
f 753 997 754
f 754 997 996
f 754 996 755
f 755 998 756
f 755 996 998
f 756 998 757
f 757 999 1000
f 757 1000 758
f 757 998 999
f 758 1000 999
f 758 999 1001
f 758 1001 760
f 759 761 762
f 760 1002 761
f 760 1001 999
f 760 999 1003
f 760 1003 1002
f 761 1003 1004
f 761 1004 1005
f 761 1005 763
f 761 763 762
f 761 1002 1003
f 764 1005 1007
f 764 1007 1006
f 765 1006 786
f 765 786 767
f 766 767 786
f 768 772 1008
f 768 1008 769
f 769 1008 770
f 770 1008 1009
f 770 1009 1010
f 770 1010 771
f 771 1010 1011
f 771 1011 784
f 772 775 1012
f 772 1012 1008
f 773 991 1013
f 773 1013 774
f 774 1013 1245
f 774 1245 1014
f 775 1014 1015
f 775 1015 1016
f 775 1016 1012
f 776 783 777
f 777 783 1017
f 777 1017 1018
f 777 1018 1019
f 777 1019 778
f 778 1019 779
f 779 1020 996
f 779 996 780
f 779 1019 1020
f 780 996 995
f 781 785 1021
f 781 1021 782
f 782 1021 783
f 783 1021 1017
f 784 1011 1021
f 784 1021 785
f 786 1022 787
f 786 1006 1023
f 786 1023 1022
f 787 1022 788
f 788 1022 789
f 789 1022 1024
f 789 1024 1025
f 789 1025 790
f 790 1025 1026
f 790 1026 1027
f 790 1027 791
f 791 1027 1028
f 791 1028 792
f 792 1029 793
f 792 1028 1030
f 792 1030 1031
f 792 1031 1029
f 793 1029 796
f 794 797 1032
f 794 1032 1033
f 794 1033 795
f 795 1033 1034
f 795 1034 798
f 796 1029 1031
f 796 1031 1035
f 796 1035 1036
f 796 1036 797
f 797 1036 1037
f 797 1037 1032
f 798 1034 1038
f 798 1038 799
f 799 1038 1039
f 799 1039 1040
f 799 1040 808
f 800 801 1041
f 800 1041 1042
f 800 1042 1043
f 800 1043 802
f 801 1042 1041
f 801 807 1044
f 801 1044 1042
f 802 1043 803
f 803 1043 804
f 804 1043 805
f 805 1043 810
f 805 810 812
f 806 808 1039
f 806 1039 1045
f 806 1045 1042
f 806 1042 807
f 807 1042 1044
f 808 1040 1039
f 810 1043 1046
f 810 1046 811
f 811 1046 1047
f 811 1047 814
f 813 815 1048
f 813 1048 1049
f 813 1049 1050
f 813 1050 817
f 814 1047 1051
f 814 1051 1052
f 814 1052 815
f 815 1052 1053
f 815 1053 1048
f 817 1050 1054
f 817 1054 819
f 819 1054 1055
f 819 1055 1056
f 819 1056 1057
f 819 1057 820
f 820 1057 821
f 821 1057 1058
f 821 1058 822
f 822 1058 1059
f 824 1060 827
f 824 827 825
f 827 1060 1061
f 827 1061 1062
f 827 1062 828
f 828 1062 829
f 829 1062 830
f 830 1062 831
f 831 1062 1063
f 831 1063 1064
f 831 1064 1065
f 831 1065 832
f 832 1065 1066
f 832 1066 833
f 833 1066 835
f 835 1066 1067
f 835 1067 1068
f 835 1068 836
f 836 1068 1069
f 836 1069 837
f 837 1069 1070
f 837 1070 1071
f 837 1071 1074
f 837 1074 840
f 838 843 1072
f 838 1072 839
f 839 1072 1073
f 839 1073 844
f 840 1074 1075
f 840 1075 1076
f 840 1076 1077
f 840 1077 841
f 841 1077 1078
f 841 1078 842
f 842 1078 1079
f 842 1079 843
f 843 1079 1072
f 844 1073 1080
f 844 1080 845
f 845 1080 1081
f 845 1081 1082
f 845 1082 846
f 846 1082 1083
f 846 1083 1084
f 846 1084 847
f 847 1084 1085
f 847 1085 848
f 848 1085 1086
f 848 1086 850
f 848 850 849
f 850 1086 1087
f 850 1087 1088
f 850 1088 1089
f 850 1089 854
f 851 1090 860
f 851 860 852
f 851 858 1090
f 854 1089 855
f 855 1091 857
f 855 857 856
f 855 1089 1092
f 855 1092 1093
f 855 1093 1091
f 857 1091 1094
f 857 1094 858
f 858 1094 1095
f 858 1095 1096
f 858 1096 1090
f 860 1090 1097
f 860 1097 861
f 861 1097 1098
f 861 1098 1099
f 861 1099 863
f 863 1099 1100
f 863 1100 1101
f 863 1101 1102
f 863 1102 1103
f 863 1103 1104
f 863 1104 866
f 863 866 865
f 866 1104 867
f 867 1104 1105
f 867 1105 868
f 868 1106 869
f 868 1105 1106
f 869 1105 1107
f 869 1107 872
f 869 872 1108
f 869 1108 1109
f 869 1109 1110
f 869 1110 870
f 869 1106 1105
f 870 1110 871
f 871 1110 1109
f 871 1109 1108
f 871 1108 872
f 872 1107 1111
f 872 1111 873
f 873 1111 1112
f 873 1112 1113
f 873 1113 874
f 874 1113 1114
f 874 1114 875
f 875 1114 1115
f 875 1115 1116
f 875 1116 877
f 875 877 876
f 877 1116 1120
f 877 1120 884
f 877 884 879
f 877 879 880
f 881 1117 1118
f 881 1118 1119
f 881 1119 883
f 883 1119 886
f 885 1120 1121
f 885 1121 1117
f 886 1119 1122
f 886 1122 1123
f 887 1123 888
f 888 1123 1122
f 888 1122 1124
f 888 1124 1125
f 888 1125 1126
f 888 1126 1127
f 888 1127 889
f 889 1127 1128
f 889 1128 890
f 890 1128 1129
f 890 1129 891
f 891 1130 1131
f 891 1131 892
f 891 1129 1130
f 892 1131 893
f 893 1131 1132
f 893 1132 1133
f 893 1133 894
f 894 1133 1134
f 894 1134 895
f 895 1134 1346
f 895 1346 1135
f 895 1135 897
f 895 897 896
f 897 1135 898
f 898 1135 900
f 898 900 899
f 900 1136 913
f 900 913 912
f 900 912 901
f 900 1135 1346
f 900 1346 1136
f 902 1137 1138
f 902 1138 903
f 902 913 1137
f 903 1138 1139
f 903 1139 904
f 904 1139 1140
f 904 1140 910
f 905 1140 1141
f 905 1141 1142
f 906 1142 1357
f 906 1357 1143
f 906 1143 908
f 906 908 907
f 908 1143 1144
f 908 1144 909
f 909 1144 911
f 911 1145 1355
f 911 1355 1146
f 911 1146 1152
f 911 1152 917
f 911 1144 1147
f 911 1147 1145
f 913 1136 1148
f 913 1148 1137
f 914 922 1157
f 914 1157 1149
f 914 1149 1150
f 914 1150 915
f 915 1150 1151
f 915 1151 916
f 917 1152 1153
f 917 1153 918
f 918 1153 1154
f 918 1154 919
f 919 1154 1155
f 919 1155 920
f 920 1155 1156
f 920 1156 921
f 921 1156 1157
f 921 1157 922
f 923 1151 1158
f 923 1158 1159
f 923 1159 1160
f 923 1160 1161
f 923 1161 1162
f 923 1162 924
f 924 1162 925
f 925 1162 927
f 926 928 1163
f 926 1163 1167
f 926 1167 929
f 927 1162 1164
f 927 1164 1165
f 927 1165 1166
f 927 1166 928
f 928 1166 1163
f 929 1167 1168
f 929 1168 930
f 930 1168 931
f 931 1168 932
f 932 1168 1169
f 932 1169 1170
f 932 1170 1171
f 932 1171 933
f 933 1171 1172
f 933 1172 1173
f 933 1173 934
f 934 1173 935
f 935 1174 1175
f 935 1175 936
f 935 1173 1174
f 936 1175 1176
f 936 1176 937
f 937 1176 938
f 938 1176 1177
f 938 1177 1178
f 938 1178 1179
f 938 1179 940
f 939 941 1183
f 939 1183 1180
f 939 1180 1181
f 939 1181 942
f 940 1179 1182
f 940 1182 1183
f 940 1183 941
f 942 1181 943
f 943 1181 944
f 944 1181 945
f 945 1181 1184
f 945 1184 946
f 946 1184 947
f 947 1184 948
f 948 1184 949
f 949 1184 950
f 950 1184 1185
f 950 1185 951
f 951 1185 1186
f 951 1186 1187
f 951 1187 952
f 952 1187 953
f 953 1187 954
f 954 1187 955
f 955 1187 956
f 956 1187 1188
f 956 1188 1189
f 956 1189 957
f 957 1189 1190
f 957 1190 958
f 958 1190 1191
f 958 1191 959
f 960 1191 1192
f 960 1192 1193
f 960 1193 1194
f 960 1194 1195
f 961 1195 962
f 962 1195 1196
f 962 1196 1197
f 962 1197 1198
f 963 1198 1199
f 963 1199 964
f 964 1199 1206
f 964 1206 971
f 965 1200 1201
f 965 1201 966
f 965 975 1210
f 965 1210 1200
f 966 1201 1202
f 966 1202 967
f 967 1202 1203
f 967 1203 968
f 968 1203 1204
f 968 1204 969
f 969 1204 1205
f 969 1205 970
f 970 1205 1211
f 970 1211 976
f 971 1206 1207
f 971 1207 972
f 972 1207 1208
f 972 1208 973
f 973 1208 1209
f 973 1209 974
f 974 1209 1210
f 974 1210 975
f 976 1211 1212
f 976 1212 977
f 977 1212 1213
f 977 1213 978
f 978 1213 1214
f 978 1214 979
f 979 1214 1215
f 979 1215 980
f 980 1215 1216
f 980 1216 981
f 982 1217 1218
f 982 1218 983
f 983 1218 1219
f 983 1219 984
f 984 1219 1220
f 984 1220 985
f 985 1220 1221
f 985 1221 986
f 986 1221 1222
f 986 1222 987
f 987 1222 1223
f 987 1223 988
f 988 1223 1224
f 988 1224 989
f 989 1224 1225
f 989 1225 990
f 990 1225 1422
f 990 1422 1226
f 990 1226 991
f 991 1226 1227
f 991 1227 1228
f 991 1228 1229
f 991 1229 1013
f 993 1216 1230
f 993 1230 1231
f 993 1231 994
f 994 1231 1232
f 994 1232 1217
f 996 1020 1233
f 996 1233 998
f 998 1233 1234
f 998 1234 1235
f 998 1235 1236
f 998 1236 999
f 999 1236 1007
f 999 1007 1003
f 1003 1007 1005
f 1003 1005 1004
f 1006 1007 1022
f 1006 1022 1023
f 1007 1237 1022
f 1007 1236 1238
f 1007 1238 1237
f 1008 1239 1009
f 1008 1012 1240
f 1008 1240 1239
f 1009 1239 1241
f 1009 1241 1010
f 1010 1241 1018
f 1010 1018 1011
f 1011 1242 1021
f 1011 1018 1242
f 1012 1016 1243
f 1012 1243 1244
f 1012 1244 1240
f 1013 1229 1425
f 1013 1425 1245
f 1014 1245 1015
f 1015 1246 1247
f 1015 1247 1248
f 1015 1248 1016
f 1015 1245 1249
f 1015 1249 1246
f 1016 1248 1243
f 1017 1021 1018
f 1018 1250 1019
f 1018 1021 1242
f 1018 1241 1250
f 1019 1251 1020
f 1019 1250 1251
f 1020 1252 1233
f 1020 1251 1252
f 1022 1237 1253
f 1022 1253 1024
f 1024 1253 1254
f 1024 1254 1255
f 1024 1255 1025
f 1025 1255 1256
f 1025 1256 1027
f 1025 1027 1026
f 1027 1256 1257
f 1027 1257 1028
f 1028 1257 1258
f 1028 1258 1030
f 1030 1258 1259
f 1030 1259 1260
f 1030 1260 1031
f 1031 1260 1261
f 1031 1261 1262
f 1031 1262 1263
f 1031 1263 1264
f 1031 1264 1035
f 1032 1037 1265
f 1032 1265 1266
f 1032 1266 1267
f 1032 1267 1033
f 1033 1267 1268
f 1033 1268 1034
f 1034 1039 1038
f 1034 1268 1269
f 1034 1269 1270
f 1034 1270 1045
f 1034 1045 1039
f 1035 1264 1271
f 1035 1271 1272
f 1035 1272 1273
f 1035 1273 1036
f 1036 1273 1274
f 1036 1274 1037
f 1037 1274 1275
f 1037 1275 1265
f 1042 1045 1043
f 1043 1276 1277
f 1043 1277 1046
f 1043 1045 1276
f 1045 1270 1278
f 1045 1278 1276
f 1046 1277 1279
f 1046 1279 1047
f 1047 1279 1051
f 1048 1053 1049
f 1049 1280 1281
f 1049 1281 1050
f 1049 1053 1280
f 1050 1281 1054
f 1051 1282 1283
f 1051 1283 1052
f 1051 1279 1282
f 1052 1283 1053
f 1053 1283 1280
f 1054 1281 1055
f 1055 1281 1284
f 1055 1284 1285
f 1055 1285 1056
f 1056 1285 1286
f 1056 1286 1057
f 1057 1286 1058
f 1058 1286 1059
f 1059 1286 1287
f 1062 1288 1063
f 1063 1288 1289
f 1063 1289 1064
f 1064 1289 1065
f 1065 1289 1066
f 1066 1289 1067
f 1067 1289 1290
f 1067 1290 1291
f 1067 1291 1068
f 1068 1291 1069
f 1069 1291 1292
f 1069 1292 1070
f 1070 1292 1293
f 1070 1293 1071
f 1071 1293 1294
f 1071 1294 1298
f 1071 1298 1074
f 1072 1079 1295
f 1072 1295 1073
f 1073 1295 1296
f 1073 1296 1297
f 1073 1297 1304
f 1073 1304 1080
f 1074 1298 1299
f 1074 1299 1300
f 1074 1300 1075
f 1075 1300 1076
f 1076 1300 1077
f 1077 1300 1301
f 1077 1301 1078
f 1078 1301 1302
f 1078 1302 1303
f 1078 1303 1079
f 1079 1303 1483
f 1079 1483 1295
f 1080 1304 1081
f 1081 1304 1305
f 1081 1305 1306
f 1081 1306 1082
f 1082 1306 1083
f 1083 1306 1307
f 1083 1307 1085
f 1083 1085 1084
f 1085 1307 1086
f 1086 1307 1308
f 1086 1308 1087
f 1087 1308 1309
f 1087 1309 1088
f 1088 1309 1089
f 1089 1309 1310
f 1089 1310 1092
f 1090 1096 1311
f 1090 1311 1097
f 1091 1093 1094
f 1092 1310 1312
f 1092 1312 1093
f 1093 1312 1313
f 1093 1313 1314
f 1093 1314 1315
f 1093 1315 1316
f 1093 1316 1317
f 1093 1317 1311
f 1093 1311 1096
f 1093 1096 1318
f 1093 1318 1095
f 1093 1095 1094
f 1095 1318 1096
f 1097 1311 1319
f 1097 1319 1099
f 1097 1099 1098
f 1099 1319 1100
f 1100 1319 1320
f 1100 1320 1101
f 1101 1320 1102
f 1102 1320 1321
f 1102 1321 1103
f 1103 1321 1104
f 1104 1321 1322
f 1104 1322 1323
f 1104 1323 1324
f 1104 1324 1325
f 1104 1325 1326
f 1104 1326 1327
f 1104 1327 1105
f 1105 1327 1107
f 1107 1327 1111
f 1111 1327 1112
f 1112 1327 1113
f 1113 1327 1114
f 1114 1327 1115
f 1115 1328 1329
f 1115 1329 1116
f 1115 1327 1328
f 1116 1329 1121
f 1116 1121 1120
f 1117 1121 1330
f 1117 1330 1118
f 1118 1330 1331
f 1118 1331 1332
f 1118 1332 1119
f 1119 1332 1122
f 1121 1329 1328
f 1121 1328 1330
f 1122 1332 1333
f 1122 1333 1124
f 1124 1333 1125
f 1125 1333 1334
f 1125 1334 1126
f 1126 1335 1336
f 1126 1336 1127
f 1126 1334 1333
f 1126 1333 1337
f 1126 1337 1338
f 1126 1338 1339
f 1126 1339 1129
f 1126 1129 1340
f 1126 1340 1335
f 1127 1336 1128
f 1128 1336 1335
f 1128 1335 1340
f 1128 1340 1129
f 1129 1339 1130
f 1130 1339 1341
f 1130 1341 1132
f 1130 1132 1131
f 1132 1342 1343
f 1132 1343 1133
f 1132 1341 1342
f 1133 1343 1344
f 1133 1344 1134
f 1134 1344 1345
f 1134 1345 1346
f 1136 1346 1347
f 1136 1347 1348
f 1136 1348 1148
f 1137 1148 1138
f 1138 1148 1139
f 1139 1148 1349
f 1139 1349 1350
f 1139 1350 1140
f 1140 1350 1141
f 1141 1351 1352
f 1141 1352 1353
f 1141 1353 1354
f 1141 1354 1146
f 1141 1146 1355
f 1141 1355 1356
f 1141 1356 1357
f 1141 1357 1142
f 1141 1350 1358
f 1141 1358 1351
f 1143 1357 1356
f 1143 1356 1359
f 1143 1359 1144
f 1144 1359 1147
f 1145 1147 1356
f 1145 1356 1355
f 1146 1354 1152
f 1147 1359 1356
f 1148 1360 1361
f 1148 1361 1362
f 1148 1362 1349
f 1148 1348 1360
f 1149 1157 1363
f 1149 1363 1364
f 1149 1364 1365
f 1149 1365 1150
f 1150 1365 1158
f 1150 1158 1151
f 1152 1354 1153
f 1153 1354 1154
f 1154 1354 1155
f 1155 1354 1366
f 1155 1366 1367
f 1155 1367 1156
f 1156 1367 1363
f 1156 1363 1157
f 1158 1365 1368
f 1158 1368 1159
f 1159 1369 1160
f 1159 1368 1369
f 1160 1369 1370
f 1160 1370 1161
f 1161 1370 1162
f 1162 1370 1371
f 1162 1371 1164
f 1163 1372 1373
f 1163 1373 1167
f 1163 1166 1372
f 1164 1371 1374
f 1164 1374 1165
f 1165 1374 1166
f 1166 1374 1372
f 1167 1373 1168
f 1168 1373 1169
f 1169 1373 1170
f 1170 1373 1171
f 1171 1373 1375
f 1171 1375 1172
f 1172 1375 1173
f 1173 1375 1174
f 1174 1375 1175
f 1175 1375 1176
f 1176 1375 1376
f 1176 1376 1177
f 1177 1376 1178
f 1178 1376 1377
f 1178 1377 1179
f 1179 1377 1182
f 1180 1378 1379
f 1180 1379 1380
f 1180 1380 1181
f 1180 1183 1378
f 1181 1379 1381
f 1181 1381 1184
f 1181 1380 1382
f 1181 1382 1379
f 1182 1377 1378
f 1182 1378 1183
f 1184 1381 1383
f 1184 1383 1384
f 1184 1384 1385
f 1184 1385 1185
f 1185 1386 1186
f 1185 1385 1386
f 1186 1387 1187
f 1186 1386 1388
f 1186 1388 1387
f 1187 1388 1389
f 1187 1389 1188
f 1187 1387 1390
f 1187 1390 1388
f 1188 1389 1388
f 1188 1388 1391
f 1188 1391 1189
f 1189 1391 1392
f 1189 1392 1190
f 1190 1392 1393
f 1190 1393 1191
f 1191 1393 1394
f 1191 1394 1192
f 1192 1394 1395
f 1192 1395 1396
f 1192 1396 1397
f 1192 1397 1193
f 1193 1397 1398
f 1193 1398 1194
f 1194 1399 1400
f 1194 1400 1401
f 1194 1401 1196
f 1194 1196 1195
f 1194 1398 1399
f 1196 1401 1402
f 1196 1402 1197
f 1197 1402 1403
f 1197 1403 1404
f 1197 1404 1405
f 1197 1405 1199
f 1197 1199 1198
f 1199 1405 1412
f 1199 1412 1206
f 1200 1210 1414
f 1200 1414 1406
f 1200 1406 1407
f 1200 1407 1201
f 1201 1407 1408
f 1201 1408 1202
f 1202 1408 1203
f 1203 1408 1204
f 1204 1408 1409
f 1204 1409 1410
f 1204 1410 1205
f 1205 1410 1411
f 1205 1411 1211
f 1206 1412 1207
f 1207 1412 1413
f 1207 1413 1208
f 1208 1413 1209
f 1209 1413 1210
f 1210 1413 1414
f 1211 1411 1212
f 1212 1411 1213
f 1213 1415 1230
f 1213 1230 1214
f 1213 1411 1415
f 1214 1230 1215
f 1215 1230 1216
f 1217 1232 1218
f 1218 1232 1219
f 1219 1232 1220
f 1220 1232 1221
f 1221 1232 1416
f 1221 1416 1417
f 1221 1417 1222
f 1222 1417 1418
f 1222 1418 1223
f 1223 1418 1419
f 1223 1419 1420
f 1223 1420 1224
f 1224 1420 1421
f 1224 1421 1225
f 1225 1421 1422
f 1226 1422 1423
f 1226 1423 1227
f 1227 1423 1424
f 1227 1424 1228
f 1228 1424 1425
f 1228 1425 1229
f 1230 1415 1426
f 1230 1426 1427
f 1230 1427 1428
f 1230 1428 1429
f 1230 1429 1231
f 1231 1429 1430
f 1231 1430 1431
f 1231 1431 1232
f 1232 1431 1432
f 1232 1432 1433
f 1232 1433 1434
f 1232 1434 1416
f 1233 1252 1234
f 1234 1252 1435
f 1234 1435 1436
f 1234 1436 1437
f 1234 1437 1438
f 1234 1438 1235
f 1235 1438 1439
f 1235 1439 1236
f 1236 1439 1238
f 1237 1238 1440
f 1237 1440 1253
f 1238 1439 1441
f 1238 1441 1440
f 1239 1442 1241
f 1239 1240 1244
f 1239 1244 1442
f 1241 1442 1443
f 1241 1443 1444
f 1241 1444 1250
f 1243 1445 1446
f 1243 1446 1244
f 1243 1248 1247
f 1243 1247 1445
f 1244 1447 1448
f 1244 1448 1442
f 1244 1446 1447
f 1245 1425 1249
f 1246 1249 1449
f 1246 1449 1247
f 1247 1449 1450
f 1247 1450 1451
f 1247 1451 1452
f 1247 1452 1445
f 1249 1424 1423
f 1249 1423 1422
f 1249 1422 1453
f 1249 1453 1454
f 1249 1454 1449
f 1249 1425 1424
f 1250 1455 1251
f 1250 1444 1455
f 1251 1455 1456
f 1251 1456 1252
f 1252 1456 1435
f 1253 1440 1254
f 1254 1440 1441
f 1254 1441 1255
f 1255 1441 1457
f 1255 1457 1256
f 1256 1457 1458
f 1256 1458 1257
f 1257 1458 1258
f 1258 1458 1459
f 1258 1459 1259
f 1259 1459 1260
f 1260 1459 1460
f 1260 1460 1261
f 1261 1460 1461
f 1261 1461 1262
f 1262 1461 1462
f 1262 1462 1263
f 1263 1462 1463
f 1263 1463 1264
f 1264 1463 1271
f 1265 1275 1464
f 1265 1464 1267
f 1265 1267 1266
f 1267 1464 1268
f 1268 1464 1465
f 1268 1465 1269
f 1269 1465 1270
f 1270 1465 1466
f 1270 1466 1278
f 1271 1463 1272
f 1272 1463 1273
f 1273 1463 1467
f 1273 1467 1274
f 1274 1467 1275
f 1275 1467 1468
f 1275 1468 1464
f 1276 1278 1277
f 1277 1469 1470
f 1277 1470 1471
f 1277 1471 1279
f 1277 1278 1472
f 1277 1472 1469
f 1278 1466 1469
f 1278 1469 1472
f 1279 1471 1470
f 1279 1470 1282
f 1280 1473 1281
f 1280 1283 1474
f 1280 1474 1473
f 1281 1473 1285
f 1281 1285 1284
f 1282 1475 1476
f 1282 1476 1283
f 1282 1470 1475
f 1283 1476 1474
f 1285 1477 1286
f 1285 1473 1478
f 1285 1478 1477
f 1286 1477 1287
f 1287 1479 1480
f 1287 1477 1479
f 1289 1481 1290
f 1290 1481 1291
f 1291 1481 1292
f 1292 1481 1293
f 1293 1481 1482
f 1293 1482 1294
f 1294 1482 1486
f 1294 1486 1298
f 1295 1483 1484
f 1295 1484 1296
f 1296 1484 1485
f 1296 1485 1297
f 1297 1485 1304
f 1298 1486 1299
f 1299 1486 1487
f 1299 1487 1300
f 1300 1487 1488
f 1300 1488 1301
f 1301 1488 1489
f 1301 1489 1302
f 1302 1489 1303
f 1303 1489 1490
f 1303 1490 1620
f 1303 1620 1483
f 1304 1485 1491
f 1304 1491 1305
f 1305 1491 1492
f 1305 1492 1306
f 1306 1492 1307
f 1307 1492 1493
f 1307 1493 1308
f 1308 1493 1494
f 1308 1494 1309
f 1309 1494 1495
f 1309 1495 1310
f 1310 1313 1312
f 1310 1495 1313
f 1311 1317 1496
f 1311 1496 1497
f 1311 1497 1319
f 1313 1495 1314
f 1314 1495 1498
f 1314 1498 1315
f 1315 1498 1499
f 1315 1499 1316
f 1316 1500 1317
f 1316 1499 1501
f 1316 1501 1500
f 1317 1500 1496
f 1319 1497 1502
f 1319 1502 1320
f 1320 1502 1503
f 1320 1503 1504
f 1320 1504 1321
f 1321 1323 1322
f 1321 1504 1324
f 1321 1324 1323
f 1324 1505 1326
f 1324 1326 1325
f 1324 1504 1506
f 1324 1506 1507
f 1324 1507 1508
f 1324 1508 1505
f 1326 1505 1509
f 1326 1509 1327
f 1327 1509 1508
f 1327 1508 1510
f 1327 1510 1328
f 1328 1510 1508
f 1328 1508 1511
f 1328 1511 1331
f 1328 1331 1330
f 1331 1512 1513
f 1331 1513 1514
f 1331 1514 1515
f 1331 1515 1516
f 1331 1516 1332
f 1331 1511 1508
f 1331 1508 1507
f 1331 1507 1512
f 1332 1516 1517
f 1332 1517 1518
f 1332 1518 1519
f 1332 1519 1333
f 1333 1338 1337
f 1333 1519 1520
f 1333 1520 1338
f 1338 1520 1339
f 1339 1520 1341
f 1341 1520 1342
f 1342 1520 1521
f 1342 1521 1522
f 1342 1522 1523
f 1342 1523 1343
f 1343 1523 1524
f 1343 1524 1525
f 1343 1525 1344
f 1344 1525 1345
f 1345 1525 1526
f 1345 1526 1346
f 1346 1526 1347
f 1347 1526 1348
f 1348 1526 1525
f 1348 1525 1527
f 1348 1527 1360
f 1349 1362 1528
f 1349 1528 1350
f 1350 1528 1351
f 1350 1351 1358
f 1351 1528 1529
f 1351 1529 1530
f 1351 1530 1353
f 1351 1353 1352
f 1353 1530 1531
f 1353 1531 1354
f 1354 1531 1530
f 1354 1530 1532
f 1354 1532 1366
f 1360 1533 1528
f 1360 1528 1362
f 1360 1362 1361
f 1360 1527 1533
f 1363 1367 1534
f 1363 1534 1364
f 1364 1534 1535
f 1364 1535 1365
f 1365 1535 1368
f 1366 1534 1367
f 1366 1532 1530
f 1366 1530 1534
f 1368 1535 1536
f 1368 1536 1537
f 1368 1537 1369
f 1369 1537 1538
f 1369 1538 1370
f 1370 1539 1371
f 1370 1538 1539
f 1371 1539 1540
f 1371 1540 1374
f 1372 1374 1541
f 1372 1541 1542
f 1372 1542 1543
f 1372 1543 1373
f 1373 1543 1544
f 1373 1544 1375
f 1374 1540 1541
f 1375 1545 1376
f 1375 1544 1545
f 1376 1545 1546
f 1376 1546 1377
f 1377 1546 1547
f 1377 1547 1378
f 1378 1548 1549
f 1378 1549 1379
f 1378 1547 1548
f 1379 1382 1380
f 1379 1549 1386
f 1379 1386 1385
f 1379 1385 1383
f 1379 1383 1381
f 1383 1385 1384
f 1386 1550 1391
f 1386 1391 1388
f 1386 1549 1551
f 1386 1551 1550
f 1387 1388 1390
f 1391 1550 1552
f 1391 1552 1553
f 1391 1553 1392
f 1392 1553 1554
f 1392 1554 1555
f 1392 1555 1393
f 1393 1395 1394
f 1393 1555 1556
f 1393 1556 1395
f 1395 1556 1557
f 1395 1557 1558
f 1395 1558 1396
f 1396 1558 1397
f 1397 1558 1559
f 1397 1559 1560
f 1397 1560 1398
f 1398 1560 1561
f 1398 1561 1562
f 1398 1562 1399
f 1399 1562 1563
f 1399 1563 1564
f 1399 1564 1565
f 1399 1565 1400
f 1400 1565 1566
f 1400 1566 1690
f 1400 1690 1567
f 1400 1567 1401
f 1401 1567 1402
f 1402 1567 1568
f 1402 1568 1403
f 1403 1568 1569
f 1403 1569 1404
f 1404 1569 1570
f 1404 1570 1571
f 1404 1571 1572
f 1404 1572 1405
f 1405 1572 1412
f 1406 1573 1407
f 1406 1414 1574
f 1406 1574 1573
f 1407 1573 1575
f 1407 1575 1408
f 1408 1575 1573
f 1408 1573 1409
f 1409 1576 1410
f 1409 1573 1576
f 1410 1576 1411
f 1411 1576 1415
f 1412 1572 1574
f 1412 1574 1577
f 1412 1577 1413
f 1413 1577 1574
f 1413 1574 1578
f 1413 1578 1414
f 1414 1578 1574
f 1415 1427 1426
f 1415 1576 1427
f 1416 1579 1417
f 1416 1434 1433
f 1416 1433 1579
f 1417 1579 1418
f 1418 1579 1419
f 1419 1579 1420
f 1420 1579 1421
f 1421 1580 1422
f 1421 1579 1581
f 1421 1581 1580
f 1422 1580 1453
f 1427 1582 1430
f 1427 1430 1429
f 1427 1429 1428
f 1427 1576 1582
f 1430 1582 1583
f 1430 1583 1584
f 1430 1584 1433
f 1430 1433 1432
f 1430 1432 1431
f 1433 1584 1585
f 1433 1585 1579
f 1435 1456 1586
f 1435 1586 1436
f 1436 1586 1587
f 1436 1587 1588
f 1436 1588 1589
f 1436 1589 1437
f 1437 1589 1441
f 1437 1441 1439
f 1437 1439 1438
f 1441 1589 1457
f 1442 1448 1590
f 1442 1590 1443
f 1443 1591 1444
f 1443 1590 1591
f 1444 1591 1592
f 1444 1592 1455
f 1445 1593 1446
f 1445 1452 1593
f 1446 1593 1447
f 1447 1593 1594
f 1447 1594 1595
f 1447 1595 1448
f 1448 1595 1590
f 1449 1454 1453
f 1449 1453 1581
f 1449 1581 1450
f 1450 1596 1451
f 1450 1581 1597
f 1450 1597 1596
f 1451 1596 1598
f 1451 1598 1452
f 1452 1598 1599
f 1452 1599 1593
f 1453 1580 1581
f 1455 1600 1456
f 1455 1592 1600
f 1456 1600 1586
f 1457 1589 1601
f 1457 1601 1458
f 1458 1601 1459
f 1459 1601 1602
f 1459 1602 1460
f 1460 1602 1603
f 1460 1603 1461
f 1461 1603 1723
f 1461 1723 1803
f 1461 1803 1804
f 1461 1804 1855
f 1461 1855 1810
f 1461 1810 1809
f 1461 1809 1857
f 1461 1857 1849
f 1461 1849 1784
f 1461 1784 1688
f 1461 1688 1687
f 1461 1687 1783
f 1461 1783 1848
f 1461 1848 1875
f 1461 1875 1874
f 1461 1874 1842
f 1461 1842 1841
f 1461 1841 1839
f 1461 1839 1840
f 1461 1840 1873
f 1461 1873 1861
f 1461 1861 1859
f 1461 1859 1817
f 1461 1817 1736
f 1461 1736 1622
f 1461 1622 1486
f 1461 1486 1482
f 1461 1482 1619
f 1461 1619 1732
f 1461 1732 1731
f 1461 1731 1733
f 1461 1733 1814
f 1461 1814 1812
f 1461 1812 1811
f 1461 1811 1724
f 1461 1724 1604
f 1461 1604 1462
f 1462 1604 1605
f 1462 1605 1463
f 1463 1605 1606
f 1463 1606 1467
f 1464 1468 1607
f 1464 1607 1465
f 1465 1607 1466
f 1466 1607 1469
f 1467 1606 1608
f 1467 1608 1468
f 1468 1608 1607
f 1469 1607 1470
f 1470 1607 1608
f 1470 1608 1475
f 1473 1474 1609
f 1473 1609 1478
f 1474 1476 1609
f 1475 1610 1611
f 1475 1611 1476
f 1475 1608 1610
f 1476 1611 1612
f 1476 1612 1609
f 1477 1478 1613
f 1477 1613 1614
f 1477 1614 1479
f 1478 1609 1615
f 1478 1615 1613
f 1479 1614 1480
f 1480 1616 1617
f 1480 1614 1618
f 1480 1618 1616
f 1481 1619 1482
f 1483 1620 1484
f 1484 1620 1621
f 1484 1621 1485
f 1485 1621 1491
f 1486 1622 1487
f 1487 1622 1488
f 1488 1622 1623
f 1488 1623 1624
f 1488 1624 1489
f 1489 1624 1625
f 1489 1625 1490
f 1490 1625 1620
f 1491 1621 1626
f 1491 1626 1492
f 1492 1626 1627
f 1492 1627 1493
f 1493 1627 1628
f 1493 1628 1494
f 1494 1628 1495
f 1495 1628 1629
f 1495 1629 1498
f 1496 1630 1497
f 1496 1500 1630
f 1497 1630 1502
f 1498 1629 1631
f 1498 1631 1499
f 1499 1631 1501
f 1500 1632 1630
f 1500 1501 1633
f 1500 1633 1634
f 1500 1634 1632
f 1501 1631 1635
f 1501 1635 1633
f 1502 1630 1636
f 1502 1636 1503
f 1503 1636 1632
f 1503 1632 1504
f 1504 1632 1637
f 1504 1637 1638
f 1504 1638 1506
f 1505 1508 1509
f 1506 1638 1639
f 1506 1639 1640
f 1506 1640 1507
f 1507 1640 1512
f 1512 1640 1641
f 1512 1641 1514
f 1512 1514 1513
f 1514 1641 1642
f 1514 1642 1515
f 1515 1643 1516
f 1515 1642 1644
f 1515 1644 1517
f 1515 1517 1643
f 1516 1643 1517
f 1517 1644 1645
f 1517 1645 1518
f 1518 1645 1519
f 1519 1645 1646
f 1519 1646 1520
f 1520 1646 1522
f 1520 1522 1521
f 1522 1646 1647
f 1522 1647 1645
f 1522 1645 1648
f 1522 1648 1523
f 1523 1649 1650
f 1523 1650 1524
f 1523 1648 1649
f 1524 1650 1651
f 1524 1651 1527
f 1524 1527 1525
f 1527 1651 1652
f 1527 1652 1533
f 1528 1533 1653
f 1528 1653 1654
f 1528 1654 1655
f 1528 1655 1529
f 1529 1656 1657
f 1529 1657 1534
f 1529 1534 1530
f 1529 1655 1656
f 1533 1652 1658
f 1533 1658 1653
f 1534 1657 1659
f 1534 1659 1660
f 1534 1660 1535
f 1535 1660 1536
f 1536 1661 1537
f 1536 1660 1662
f 1536 1662 1661
f 1537 1663 1538
f 1537 1661 1663
f 1538 1663 1664
f 1538 1664 1665
f 1538 1665 1539
f 1539 1665 1666
f 1539 1666 1667
f 1539 1667 1540
f 1540 1667 1668
f 1540 1668 1541
f 1541 1668 1669
f 1541 1669 1542
f 1542 1669 1670
f 1542 1670 1543
f 1543 1670 1544
f 1544 1670 1671
f 1544 1671 1545
f 1545 1672 1546
f 1545 1671 1672
f 1546 1673 1674
f 1546 1674 1547
f 1546 1672 1673
f 1547 1674 1675
f 1547 1675 1676
f 1547 1676 1548
f 1548 1676 1677
f 1548 1677 1549
f 1549 1677 1551
f 1550 1551 1678
f 1550 1678 1552
f 1551 1677 1679
f 1551 1679 1680
f 1551 1680 1678
f 1552 1678 1681
f 1552 1681 1553
f 1553 1681 1682
f 1553 1682 1554
f 1554 1556 1555
f 1554 1682 1556
f 1556 1682 1557
f 1557 1682 1683
f 1557 1683 1684
f 1557 1684 1558
f 1558 1684 1685
f 1558 1685 1559
f 1559 1685 1560
f 1560 1685 1686
f 1560 1686 1561
f 1561 1686 1562
f 1562 1686 1687
f 1562 1687 1688
f 1562 1688 1563
f 1563 1688 1564
f 1564 1688 1689
f 1564 1689 1565
f 1565 1689 1566
f 1566 1689 1691
f 1566 1691 1690
f 1567 1690 1692
f 1567 1692 1568
f 1568 1692 1569
f 1569 1692 1693
f 1569 1693 1571
f 1569 1571 1570
f 1571 1693 1694
f 1571 1694 1695
f 1571 1695 1572
f 1572 1695 1574
f 1573 1574 1696
f 1573 1696 1697
f 1573 1697 1698
f 1573 1698 1576
f 1574 1695 1699
f 1574 1699 1696
f 1576 1698 1700
f 1576 1700 1582
f 1579 1585 1701
f 1579 1701 1581
f 1581 1701 1702
f 1581 1702 1597
f 1582 1700 1703
f 1582 1703 1583
f 1583 1703 1704
f 1583 1704 1584
f 1584 1704 1705
f 1584 1705 1585
f 1585 1705 1706
f 1585 1706 1701
f 1586 1600 1707
f 1586 1707 1708
f 1586 1708 1587
f 1587 1708 1709
f 1587 1709 1710
f 1587 1710 1711
f 1587 1711 1712
f 1587 1712 1588
f 1588 1712 1601
f 1588 1601 1589
f 1590 1713 1591
f 1590 1595 1713
f 1591 1707 1600
f 1591 1600 1592
f 1591 1713 1707
f 1593 1599 1598
f 1593 1598 1714
f 1593 1714 1715
f 1593 1715 1716
f 1593 1716 1717
f 1593 1717 1718
f 1593 1718 1719
f 1593 1719 1720
f 1593 1720 1713
f 1593 1713 1595
f 1593 1595 1594
f 1596 1597 1721
f 1596 1721 1714
f 1596 1714 1598
f 1597 1702 1722
f 1597 1722 1721
f 1601 1712 1602
f 1602 1712 1711
f 1602 1711 1723
f 1602 1723 1603
f 1604 1724 1725
f 1604 1725 1605
f 1605 1725 1606
f 1606 1725 1610
f 1606 1610 1608
f 1609 1612 1615
f 1610 1725 1611
f 1611 1725 1726
f 1611 1726 1727
f 1611 1727 1612
f 1612 1727 1615
f 1613 1618 1614
f 1613 1615 1728
f 1613 1728 1618
f 1615 1727 1728
f 1616 1618 1729
f 1616 1729 1730
f 1616 1730 1617
f 1617 1731 1732
f 1617 1730 1733
f 1617 1733 1731
f 1618 1728 1729
f 1620 1625 1734
f 1620 1734 1621
f 1621 1734 1735
f 1621 1735 1626
f 1622 1736 1737
f 1622 1737 1623
f 1623 1737 1738
f 1623 1738 1624
f 1624 1738 1739
f 1624 1739 1625
f 1625 1739 1734
f 1626 1735 1627
f 1627 1735 1740
f 1627 1740 1628
f 1628 1740 1741
f 1628 1741 1629
f 1629 1741 1742
f 1629 1742 1631
f 1630 1632 1636
f 1631 1742 1743
f 1631 1743 1635
f 1632 1634 1640
f 1632 1640 1637
f 1633 1635 1634
f 1634 1635 1744
f 1634 1744 1745
f 1634 1745 1640
f 1635 1743 1744
f 1637 1639 1638
f 1637 1640 1639
f 1640 1745 1642
f 1640 1642 1641
f 1642 1745 1746
f 1642 1746 1747
f 1642 1747 1644
f 1644 1747 1748
f 1644 1748 1749
f 1644 1749 1645
f 1645 1647 1646
f 1645 1749 1750
f 1645 1750 1648
f 1648 1750 1751
f 1648 1751 1649
f 1649 1751 1752
f 1649 1752 1650
f 1650 1752 1753
f 1650 1753 1651
f 1651 1753 1754
f 1651 1754 1652
f 1652 1754 1658
f 1653 1658 1654
f 1654 1658 1755
f 1654 1755 1756
f 1654 1756 1757
f 1654 1757 1656
f 1654 1656 1655
f 1656 1758 1657
f 1656 1757 1758
f 1657 1758 1659
f 1658 1759 1760
f 1658 1760 1755
f 1658 1754 1759
f 1659 1758 1761
f 1659 1761 1662
f 1659 1662 1660
f 1661 1662 1762
f 1661 1762 1763
f 1661 1763 1663
f 1662 1761 1764
f 1662 1764 1762
f 1663 1763 1765
f 1663 1765 1664
f 1664 1765 1766
f 1664 1766 1767
f 1664 1767 1665
f 1665 1767 1768
f 1665 1768 1769
f 1665 1769 1770
f 1665 1770 1771
f 1665 1771 1666
f 1666 1771 1772
f 1666 1772 1667
f 1667 1772 1773
f 1667 1773 1668
f 1668 1773 1774
f 1668 1774 1669
f 1669 1774 1775
f 1669 1775 1670
f 1670 1775 1671
f 1671 1775 1672
f 1672 1775 1673
f 1673 1776 1675
f 1673 1675 1674
f 1673 1775 1774
f 1673 1774 1777
f 1673 1777 1776
f 1675 1776 1778
f 1675 1778 1779
f 1675 1779 1780
f 1675 1780 1676
f 1676 1780 1677
f 1677 1780 1680
f 1677 1680 1679
f 1678 1680 1681
f 1680 1780 1779
f 1680 1779 1683
f 1680 1683 1682
f 1680 1682 1681
f 1683 1779 1781
f 1683 1781 1684
f 1684 1781 1685
f 1685 1781 1782
f 1685 1782 1686
f 1686 1782 1783
f 1686 1783 1687
f 1688 1784 1785
f 1688 1785 1689
f 1689 1785 1786
f 1689 1786 1691
f 1690 1691 1692
f 1691 1786 1787
f 1691 1787 1692
f 1692 1787 1693
f 1693 1787 1788
f 1693 1788 1694
f 1694 1788 1789
f 1694 1789 1790
f 1694 1790 1699
f 1694 1699 1695
f 1696 1699 1697
f 1697 1790 1789
f 1697 1789 1791
f 1697 1791 1700
f 1697 1700 1698
f 1697 1699 1790
f 1700 1792 1793
f 1700 1793 1703
f 1700 1791 1789
f 1700 1789 1792
f 1701 1706 1702
f 1702 1706 1722
f 1703 1794 1795
f 1703 1795 1704
f 1703 1793 1792
f 1703 1792 1794
f 1704 1796 1797
f 1704 1797 1705
f 1704 1795 1796
f 1705 1798 1706
f 1705 1797 1798
f 1706 1798 1722
f 1707 1713 1799
f 1707 1799 1708
f 1708 1799 1709
f 1709 1799 1800
f 1709 1800 1801
f 1709 1801 1802
f 1709 1802 1710
f 1710 1802 1711
f 1711 1803 1723
f 1711 1802 1804
f 1711 1804 1803
f 1713 1720 1799
f 1714 1721 1805
f 1714 1805 1806
f 1714 1806 1715
f 1715 1806 1716
f 1716 1806 1807
f 1716 1807 1808
f 1716 1808 1717
f 1717 1808 1809
f 1717 1809 1718
f 1718 1809 1810
f 1718 1810 1801
f 1718 1801 1719
f 1719 1801 1800
f 1719 1800 1799
f 1719 1799 1720
f 1721 1722 1798
f 1721 1798 1805
f 1724 1811 1726
f 1724 1726 1725
f 1726 1811 1812
f 1726 1812 1727
f 1727 1812 1814
f 1727 1814 1813
f 1727 1813 1728
f 1728 1813 1729
f 1729 1813 1814
f 1729 1814 1730
f 1730 1814 1733
f 1734 1739 1815
f 1734 1815 1735
f 1735 1815 1816
f 1735 1816 1740
f 1736 1817 1819
f 1736 1819 1737
f 1737 1818 1739
f 1737 1739 1738
f 1737 1819 1860
f 1737 1860 1818
f 1739 1818 1815
f 1740 1816 1820
f 1740 1820 1741
f 1741 1820 1821
f 1741 1821 1742
f 1742 1821 1743
f 1743 1821 1822
f 1743 1822 1746
f 1743 1746 1823
f 1743 1823 1744
f 1744 1823 1745
f 1745 1823 1746
f 1746 1822 1824
f 1746 1824 1748
f 1746 1748 1747
f 1748 1825 1750
f 1748 1750 1749
f 1748 1824 1822
f 1748 1822 1825
f 1750 1825 1826
f 1750 1826 1751
f 1751 1826 1827
f 1751 1827 1828
f 1751 1828 1752
f 1752 1827 1829
f 1752 1829 1830
f 1752 1830 1753
f 1752 1828 1827
f 1753 1831 1832
f 1753 1832 1754
f 1753 1830 1831
f 1754 1832 1833
f 1754 1833 1759
f 1755 1760 1756
f 1756 1760 1834
f 1756 1834 1764
f 1756 1764 1757
f 1757 1764 1758
f 1758 1764 1761
f 1759 1833 1760
f 1760 1835 1834
f 1760 1833 1835
f 1762 1764 1834
f 1762 1834 1836
f 1762 1836 1763
f 1763 1836 1837
f 1763 1837 1765
f 1765 1837 1766
f 1766 1837 1838
f 1766 1838 1767
f 1767 1838 1840
f 1767 1840 1768
f 1768 1839 1841
f 1768 1841 1769
f 1768 1840 1839
f 1769 1841 1842
f 1769 1842 1770
f 1770 1842 1843
f 1770 1843 1771
f 1771 1843 1772
f 1772 1843 1844
f 1772 1844 1773
f 1773 1844 1777
f 1773 1777 1774
f 1776 1845 1846
f 1776 1846 1778
f 1776 1777 1844
f 1776 1844 1847
f 1776 1847 1845
f 1778 1846 1781
f 1778 1781 1779
f 1781 1846 1782
f 1782 1846 1845
f 1782 1845 1848
f 1782 1848 1783
f 1784 1849 1785
f 1785 1849 1876
f 1785 1876 1850
f 1785 1850 1786
f 1786 1850 1851
f 1786 1851 1852
f 1786 1852 1787
f 1787 1852 1788
f 1788 1852 1792
f 1788 1792 1789
f 1792 1852 1794
f 1794 1853 1796
f 1794 1796 1795
f 1794 1852 1851
f 1794 1851 1853
f 1796 1854 1805
f 1796 1805 1798
f 1796 1798 1797
f 1796 1853 1854
f 1801 1810 1855
f 1801 1855 1802
f 1802 1855 1804
f 1805 1854 1806
f 1806 1854 1856
f 1806 1856 1807
f 1807 1856 1808
f 1808 1856 1857
f 1808 1857 1809
f 1815 1818 1858
f 1815 1858 1816
f 1816 1858 1820
f 1817 1859 1819
f 1818 1860 1858
f 1819 1859 1861
f 1819 1861 1862
f 1819 1862 1860
f 1820 1858 1863
f 1820 1863 1821
f 1821 1863 1864
f 1821 1864 1822
f 1822 1864 1825
f 1825 1864 1826
f 1826 1865 1827
f 1826 1864 1865
f 1827 1865 1866
f 1827 1866 1829
f 1829 1867 1831
f 1829 1831 1830
f 1829 1866 1867
f 1831 1867 1868
f 1831 1868 1869
f 1831 1869 1833
f 1831 1833 1832
f 1833 1869 1870
f 1833 1870 1835
f 1834 1835 1836
f 1835 1870 1871
f 1835 1871 1836
f 1836 1871 1837
f 1837 1871 1872
f 1837 1872 1838
f 1838 1872 1873
f 1838 1873 1840
f 1842 1874 1843
f 1843 1874 1847
f 1843 1847 1844
f 1845 1847 1874
f 1845 1874 1875
f 1845 1875 1848
f 1849 1857 1877
f 1849 1877 1876
f 1850 1876 1853
f 1850 1853 1851
f 1853 1876 1877
f 1853 1877 1856
f 1853 1856 1854
f 1856 1877 1857
f 1858 1860 1878
f 1858 1878 1863
f 1860 1862 1879
f 1860 1879 1880
f 1860 1880 1878
f 1861 1881 1882
f 1861 1882 1862
f 1861 1873 1881
f 1862 1882 1879
f 1863 1878 1865
f 1863 1865 1864
f 1865 1878 1866
f 1866 1878 1880
f 1866 1880 1867
f 1867 1880 1879
f 1867 1879 1868
f 1868 1879 1882
f 1868 1882 1869
f 1869 1881 1883
f 1869 1883 1884
f 1869 1884 1870
f 1869 1882 1881
f 1870 1884 1871
f 1871 1884 1872
f 1872 1884 1883
f 1872 1883 1873
f 1873 1883 1881
